16;SR-592/2020;-4.188822687999982;-60.81018187000002
17;SR-592/2020;-4.18899113000001;-60.81024739
18;SR-592/2020;-4.189157117000015;-60.81031886
19;SR-592/2020;-4.189324331000002;-60.81038735999999
20;SR-592/2020;-4.189491135999994;-60.81045685000001
21;SR-592/2020;-4.189658759999995;-60.81052435000003
22;SR-592/2020;-4.189825565000007;-60.81059383999999
23;SR-592/2020;-4.189992445000006;-60.81066349
24;SR-592/2020;-4.190158494999996;-60.81073474
25;SR-592/2020;-4.190324972000021;-60.81080501000001
26;SR-592/2020;-4.190492874000005;-60.81087197
27;SR-592/2020;-4.190661479000006;-60.81093731999999
28;SR-592/2020;-4.190824975000005;-60.81101447999999
29;SR-592/2020;-4.190991024999995;-60.81108573
30;SR-592/2020;-4.19115665000001;-60.81115796
31;SR-592/2020;-4.191323125999995;-60.81122822999999
32;SR-592/2020;-4.191489176999985;-60.81129948
33;SR-592/2020;-4.191655227000015;-60.81137073
34;SR-592/2020;-4.191821277000005;-60.81144198000001
35;SR-592/2020;-4.191987753999991;-60.81151225
36;SR-592/2020;-4.192154656000011;-60.81158153
37;SR-592/2020;-4.192323261000013;-60.81164687000001
38;SR-592/2020;-4.192486757000012;-60.81172403
39;SR-592/2020;-4.192652807000002;-60.81179528
40;SR-592/2020;-4.192818431999996;-60.81186752
41;SR-592/2020;-4.192985297999994;-60.81193571000001
42;SR-592/2020;-4.193153053999986;-60.81200287999999
43;SR-592/2020;-4.193320811000016;-60.81207005000001
44;SR-592/2020;-4.193488567000008;-60.81213722
45;SR-592/2020;-4.193656725000013;-60.81220339000001
46;SR-592/2020;-4.193824129000014;-60.81227251999999
47;SR-592/2020;-4.193992822000004;-60.81233764000001
48;SR-592/2020;-4.19415642100001;-60.81241458
49;SR-592/2020;-4.194322567000008;-60.81248561
50;SR-592/2020;-4.194488288999992;-60.81255763000001
51;SR-592/2020;-4.194654860000004;-60.81262767
52;SR-592/2020;-4.194821006000002;-60.81269870000002
53;SR-592/2020;-4.194987152;-60.81276973000001
54;SR-592/2020;-4.195153297999998;-60.81284075999999
55;SR-592/2020;-4.195319869000011;-60.81291081000001
56;SR-592/2020;-4.195485589999994;-60.81298281999999
57;SR-592/2020;-4.195654284000003;-60.81304793999999
58;SR-592/2020;-4.19581788299999;-60.81312488
59;SR-592/2020;-4.195984028999988;-60.81319591
60;SR-592/2020;-4.19614828999999;-60.81327218
61;SR-592/2020;-4.196313170000003;-60.81334609000002
62;SR-592/2020;-4.196477601999979;-60.81342097000002
63;SR-592/2020;-4.196642034999996;-60.81349585000002
64;SR-592/2020;-4.196806933999991;-60.81356834
65;SR-592/2020;-4.196973966999982;-60.81363727999999
66;SR-592/2020;-4.197140163000004;-60.81370821
67;SR-592/2020;-4.197309284999989;-60.81377221
68;SR-592/2020;-4.197473391999997;-60.81384807000001
69;SR-592/2020;-4.197640005999994;-60.81391801000002
70;SR-592/2020;-4.197807527000005;-60.81398444
71;SR-592/2020;-4.197976395000009;-60.8140488
72;SR-592/2020;-4.198144872;-60.81411416000001
73;SR-592/2020;-4.198313350000012;-60.81417952000001
74;SR-592/2020;-4.198481827000002;-60.81424487
75;SR-592/2020;-4.198649663;-60.81431306
76;SR-592/2020;-4.198815581;-60.81438464999999
77;SR-592/2020;-4.198984826999994;-60.81444833
78;SR-592/2020;-4.199148554999992;-60.81452553
79;SR-592/2020;-4.199314616000002;-60.81459676
80;SR-592/2020;-4.199480418999992;-60.81466827
81;SR-592/2020;-4.199647445000004;-60.81473722999999
82;SR-592/2020;-4.199813059000017;-60.81481064999999
83;SR-592/2020;-4.199977557999999;-60.81488539
84;SR-592/2020;-4.200142948000014;-60.81495643
85;SR-592/2020;-4.20031064400002;-60.81502376
86;SR-592/2020;-4.200477932000013;-60.81509209000001
87;SR-592/2020;-4.200647669000008;-60.81515446
88;SR-592/2020;-4.200811772999997;-60.81523329000001
89;SR-592/2020;-4.200974069999996;-60.81531265999998
90;SR-592/2020;-4.2011369;-60.81538840999999
91;SR-592/2020;-4.201303996999997;-60.81545719999999
92;SR-592/2020;-4.201470676999999;-60.81552698000001
93;SR-592/2020;-4.201637261999993;-60.81559751000001
94;SR-592/2020;-4.201803122999987;-60.8156692
95;SR-592/2020;-4.201969409999997;-60.81573994
96;SR-592/2020;-4.202134787999992;-60.81581273999999
97;SR-592/2020;-4.202303211000018;-60.81587967999998
98;SR-592/2020;-4.202464953000011;-60.81596042000002
99;SR-592/2020;-4.202631290000005;-60.81602723999999
100;SR-592/2020;-4.202800464000013;-60.81609079
101;SR-592/2020;-4.202970362999983;-60.81615223
102;SR-592/2020;-4.203140122;-60.81621421
103;SR-592/2020;-4.203309879999997;-60.81627618999999
104;SR-592/2020;-4.203479773999986;-60.81633529999998
105;SR-592/2020;-4.203652465999985;-60.81638865
106;SR-592/2020;-4.203824507000011;-60.81644405000001
107;SR-592/2020;-4.203998823999986;-60.81649229
108;SR-592/2020;-4.204169240999997;-60.81655279999999
109;SR-592/2020;-4.204341607999991;-60.81660717
110;SR-592/2020;-4.204513648999997;-60.81666257000001
111;SR-592/2020;-4.204686346999997;-60.81671668999999
112;SR-592/2020;-4.204857954000008;-60.8167734
113;SR-592/2020;-4.205029560000018;-60.81683011
114;SR-592/2020;-4.205201167000007;-60.81688682000001
115;SR-592/2020;-4.205373113000006;-60.81694250999998
116;SR-592/2020;-4.205546284000006;-60.81699430999999
117;SR-592/2020;-4.205720063999996;-60.81704443999998
118;SR-592/2020;-4.205889810999992;-60.81710678
119;SR-592/2020;-4.206061573999995;-60.81716302
120;SR-592/2020;-4.20623312;-60.81722146
121;SR-592/2020;-4.206403966000007;-60.81728041
122;SR-592/2020;-4.206574453999985;-60.81734036999999
123;SR-592/2020;-4.206744942000002;-60.81740032999999
124;SR-592/2020;-4.20691543;-60.8174603
125;SR-592/2020;-4.207086276000007;-60.81751925
126;SR-592/2020;-4.207256273000004;-60.81757919
127;SR-592/2020;-4.207429929000003;-60.81762974000001
128;SR-592/2020;-4.207599523000008;-60.8176925
129;SR-592/2020;-4.207771147999999;-60.81774916
130;SR-592/2020;-4.207942433999983;-60.81780682999998
131;SR-592/2020;-4.208114397999982;-60.81786246
132;SR-592/2020;-4.208286022999994;-60.81791911999999
133;SR-592/2020;-4.208457648000006;-60.81797577
134;SR-592/2020;-4.208629272999977;-60.81803242000002
135;SR-592/2020;-4.208801236999998;-60.81808806
136;SR-592/2020;-4.208972523000001;-60.81814573
137;SR-592/2020;-4.209146180000001;-60.81819628
138;SR-592/2020;-4.209315774000004;-60.81825904
139;SR-592/2020;-4.209487399000016;-60.81831568999999
140;SR-592/2020;-4.209658684999999;-60.81837337000001
141;SR-592/2020;-4.209830648999999;-60.81842900000002
142;SR-592/2020;-4.210002274000011;-60.81848565999999
143;SR-592/2020;-4.210173899000003;-60.81854231
144;SR-592/2020;-4.210345523999994;-60.81859896000001
145;SR-592/2020;-4.210517487999994;-60.8186546
146;SR-592/2020;-4.210688774999998;-60.81871226999999
147;SR-592/2020;-4.210862534999986;-60.81876152000001
148;SR-592/2020;-4.211032757000002;-60.81882257
149;SR-592/2020;-4.211204949000001;-60.81887749000001
150;SR-592/2020;-4.211376811999992;-60.81893344
151;SR-592/2020;-4.211549331999997;-60.81898734000001
152;SR-592/2020;-4.211721524000016;-60.81904226
153;SR-592/2020;-4.211893714999995;-60.81909718
154;SR-592/2020;-4.212066085999988;-60.81915108999999
155;SR-592/2020;-4.21223892;-60.81920398
156;SR-592/2020;-4.212411109999998;-60.81925892000002
157;SR-592/2020;-4.212585555999984;-60.81930669999999
158;SR-592/2020;-4.212756135000008;-60.81936675000001
159;SR-592/2020;-4.212928647000014;-60.81942065999999
160;SR-592/2020;-4.213100837000012;-60.8194756
161;SR-592/2020;-4.213273614999999;-60.81952918
162;SR-592/2020;-4.213445768999994;-60.81958422
163;SR-592/2020;-4.21361792400001;-60.81963926000001
164;SR-592/2020;-4.213790079000006;-60.81969429000001
165;SR-592/2020;-4.213962562999988;-60.81974831
166;SR-592/2020;-4.214134086999993;-60.81980712999998
167;SR-592/2020;-4.214306932000005;-60.81986037
168;SR-592/2020;-4.214475523999985;-60.81992575000002
169;SR-592/2020;-4.214646241999982;-60.81998505999999
170;SR-592/2020;-4.214816606000009;-60.82004538
171;SR-592/2020;-4.214987678999995;-60.82010368000001
172;SR-592/2020;-4.215158397000012;-60.82016299
173;SR-592/2020;-4.215329115000008;-60.82022229999999
174;SR-592/2020;-4.215499834000004;-60.82028162
175;SR-592/2020;-4.215670821000003;-60.82033914000001
176;SR-592/2020;-4.215841976000016;-60.8203972
177;SR-592/2020;-4.216015518000007;-60.82044813999999
178;SR-592/2020;-4.216184969000018;-60.82051128
179;SR-592/2020;-4.216356465;-60.82056833000001
180;SR-592/2020;-4.216527818999989;-60.82062427
181;SR-592/2020;-4.21670076800001;-60.82067678999999
182;SR-592/2020;-4.216873397000005;-60.82073034
183;SR-592/2020;-4.217046041000001;-60.82078378000001
184;SR-592/2020;-4.217218706000018;-60.82083720000001
185;SR-592/2020;-4.217391692000003;-60.82088960999999
186;SR-592/2020;-4.217564038000015;-60.82094406
187;SR-592/2020;-4.217738289000003;-60.82099345000001
188;SR-592/2020;-4.217908389999989;-60.82105483000001
189;SR-592/2020;-4.218080472999979;-60.82111008999998
190;SR-592/2020;-4.218252201999999;-60.82116653
191;SR-592/2020;-4.218424553999991;-60.82122096000002
192;SR-592/2020;-4.218596574999996;-60.82127641
193;SR-592/2020;-4.21876859599998;-60.82133186000001
194;SR-592/2020;-4.218940570000001;-60.82138798
195;SR-592/2020;-4.219112543000001;-60.82144359
196;SR-592/2020;-4.219283838000005;-60.82150124
197;SR-592/2020;-4.219457503000006;-60.82155176
198;SR-592/2020;-4.21962710599999;-60.82161450000002
199;SR-592/2020;-4.219798739000002;-60.82167111999998
200;SR-592/2020;-4.219970039000007;-60.82172876
201;SR-592/2020;-4.220142014999988;-60.82178436
202;SR-592/2020;-4.220313653000001;-60.82184097999999
203;SR-592/2020;-4.220485290999994;-60.82189759
204;SR-592/2020;-4.220656929000006;-60.82195421
205;SR-592/2020;-4.220828904999987;-60.82200980999999
206;SR-592/2020;-4.221000204000012;-60.82206745
207;SR-592/2020;-4.221173872000012;-60.82211796000001
208;SR-592/2020;-4.221343479999997;-60.82218068
209;SR-592/2020;-4.22151511800001;-60.8222373
210;SR-592/2020;-4.221686417999995;-60.82229494
211;SR-592/2020;-4.221858872000015;-60.82234787
212;SR-592/2020;-4.222031364999999;-60.82240185000001
213;SR-592/2020;-4.222203858000002;-60.82245583
214;SR-592/2020;-4.222376351000006;-60.82250980999999
215;SR-592/2020;-4.222549167000016;-60.82256276
216;SR-592/2020;-4.222722304999992;-60.82261470000001
217;SR-592/2020;-4.222896733999997;-60.82266254000002
218;SR-592/2020;-4.223067291;-60.82272265
219;SR-592/2020;-4.223239783999984;-60.82277662999999
220;SR-592/2020;-4.22341195499998;-60.82283163
221;SR-592/2020;-4.223584746000009;-60.82288477
222;SR-592/2020;-4.223757177000007;-60.82293894000001
223;SR-592/2020;-4.223929607000006;-60.82299312
224;SR-592/2020;-4.224102037000003;-60.8230473
225;SR-592/2020;-4.224274791999989;-60.82310045
226;SR-592/2020;-4.224446898;-60.82315564999999
227;SR-592/2020;-4.22462127099998;-60.82320369000001
228;SR-592/2020;-4.224791758999997;-60.823264
229;SR-592/2020;-4.224964190000016;-60.82331818000001
230;SR-592/2020;-4.225136295999987;-60.82337338
231;SR-592/2020;-4.225309049999993;-60.82342653
232;SR-592/2020;-4.225481481000011;-60.82348070999999
233;SR-592/2020;-4.22565391099999;-60.82353489
234;SR-592/2020;-4.225826342000008;-60.82358906
235;SR-592/2020;-4.225999096000013;-60.82364222
236;SR-592/2020;-4.226170833999994;-60.82369955999999
237;SR-592/2020;-4.226344646000006;-60.82374957999999
238;SR-592/2020;-4.226514433000006;-60.82381182
239;SR-592/2020;-4.226686231999992;-60.82386794999999
240;SR-592/2020;-4.226857695999991;-60.82392509999999
241;SR-592/2020;-4.227029831000005;-60.82398021000001
242;SR-592/2020;-4.227201629999991;-60.82403634
243;SR-592/2020;-4.227373429999997;-60.82409247
244;SR-592/2020;-4.227545228999983;-60.82414859999999
245;SR-592/2020;-4.227717363999997;-60.82420372
246;SR-592/2020;-4.227888827999995;-60.82426087000001
247;SR-592/2020;-4.228062639999988;-60.82431087999999
248;SR-592/2020;-4.228232426999988;-60.82437313000002
249;SR-592/2020;-4.228404226999993;-60.82442926
250;SR-592/2020;-4.228575691000012;-60.82448640999998
251;SR-592/2020;-4.228747825999985;-60.82454151999999
252;SR-592/2020;-4.228919625000012;-60.82459765
253;SR-592/2020;-4.229091424999998;-60.82465378000002
254;SR-592/2020;-4.229263223999984;-60.82470991
255;SR-592/2020;-4.229435920000024;-60.82476173000001
256;SR-592/2020;-4.229608319;-60.82481602
257;SR-592/2020;-4.229782946;-60.82486313999997
258;SR-592/2020;-4.229953751000004;-60.82492255999999
259;SR-592/2020;-4.230126463999985;-60.82497584000001
260;SR-592/2020;-4.230298858999982;-60.82503013999999
261;SR-592/2020;-4.230471748999998;-60.82508321
262;SR-592/2020;-4.230644243000001;-60.82513718999999
263;SR-592/2020;-4.230816737000005;-60.82519117
264;SR-592/2020;-4.230988943999985;-60.82524849999999
265;SR-592/2020;-4.231160141000001;-60.82530643999999
266;SR-592/2020;-4.231330632999999;-60.82536640000001
267;SR-592/2020;-4.231503138000003;-60.82542205000001
268;SR-592/2020;-4.231670863000012;-60.82548961
269;SR-592/2020;-4.231841706999999;-60.82555364
270;SR-592/2020;-4.232006750000005;-60.82562719000001
271;SR-592/2020;-4.232172660999984;-60.82569877
272;SR-592/2020;-4.232337738000014;-60.82577304000001
273;SR-592/2020;-4.232502312000001;-60.82584761999998
274;SR-592/2020;-4.232666752999998;-60.8259234
275;SR-592/2020;-4.232830691999993;-60.82599935999999
276;SR-592/2020;-4.232992835;-60.82608046000001
277;SR-592/2020;-4.233157404999988;-60.82615532000001
278;SR-592/2020;-4.233316330999988;-60.82624105
279;SR-592/2020;-4.233478493000016;-60.8263207
280;SR-592/2020;-4.233640180000005;-60.82640130999998
281;SR-592/2020;-4.233802819000012;-60.82648000000001
282;SR-592/2020;-4.233965528000006;-60.82655745
283;SR-592/2020;-4.234129045999985;-60.82663429999999
284;SR-592/2020;-4.234292563999986;-60.82671114999999
285;SR-592/2020;-4.234456542000005;-60.82678702999999
286;SR-592/2020;-4.234619470000016;-60.82686592
287;SR-592/2020;-4.234784811999988;-60.82693908
288;SR-592/2020;-4.234944389000002;-60.82702340000001
289;SR-592/2020;-4.235107680000003;-60.82710072000001
290;SR-592/2020;-4.235270464000003;-60.82717886
291;SR-592/2020;-4.235434534000008;-60.82725454000002
292;SR-592/2020;-4.235598145999997;-60.8273312
293;SR-592/2020;-4.235761758000005;-60.82740785
294;SR-592/2020;-4.235925369999993;-60.82748449999999
295;SR-592/2020;-4.236089439999999;-60.82756018000001
296;SR-592/2020;-4.23625211600001;-60.82764021000001
297;SR-592/2020;-4.236416787000006;-60.82771486
298;SR-592/2020;-4.236575691000004;-60.82780100999999
299;SR-592/2020;-4.236737478000001;-60.82788142
300;SR-592/2020;-4.236898784999998;-60.82796278
301;SR-592/2020;-4.237061616000002;-60.8280404
302;SR-592/2020;-4.237224295000013;-60.82811900000001
303;SR-592/2020;-4.237386974000003;-60.82819760000002
304;SR-592/2020;-4.237549652999995;-60.82827619
305;SR-592/2020;-4.237712802000004;-60.82835383
306;SR-592/2020;-4.237875010999996;-60.82843339
307;SR-592/2020;-4.238040508000021;-60.82850619999999
308;SR-592/2020;-4.238200368999998;-60.82859058
309;SR-592/2020;-4.238363047999989;-60.82866917999999
310;SR-592/2020;-4.238525517000003;-60.82874791999999
311;SR-592/2020;-4.238689039000003;-60.82882476999999
312;SR-592/2020;-4.238852095999985;-60.82890259
313;SR-592/2020;-4.239015152999988;-60.8289804
314;SR-592/2020;-4.239178210000009;-60.82905822
315;SR-592/2020;-4.23934171799999;-60.82913563
316;SR-592/2020;-4.239503648000018;-60.82921575000001
317;SR-592/2020;-4.239668889000001;-60.82928914000001
318;SR-592/2020;-4.239828453999994;-60.82937408
319;SR-592/2020;-4.239990366999981;-60.82945471999999
320;SR-592/2020;-4.240151633999996;-60.82953616
321;SR-592/2020;-4.240313861999989;-60.82961569
322;SR-592/2020;-4.240475610000003;-60.82969617000001
323;SR-592/2020;-4.240637356999997;-60.82977664999999
324;SR-592/2020;-4.240799116000011;-60.82985686000001
325;SR-592/2020;-4.240961684000013;-60.82993569000001
326;SR-592/2020;-4.241123299999996;-60.83001644000001
327;SR-592/2020;-4.241288252999995;-60.83009047
328;SR-592/2020;-4.241447484;-60.83017602
329;SR-592/2020;-4.241610226999997;-60.83025376000001
330;SR-592/2020;-4.241772787999998;-60.83033260999999
331;SR-592/2020;-4.241936263999994;-60.83040857
332;SR-592/2020;-4.242100493999994;-60.8304839
333;SR-592/2020;-4.242264723000013;-60.83055923
334;SR-592/2020;-4.242428952999992;-60.83063455999999
335;SR-592/2020;-4.24259363199999;-60.83070892000001
336;SR-592/2020;-4.242757412000011;-60.83078521999999
337;SR-592/2020;-4.242924342000014;-60.83085471
338;SR-592/2020;-4.243085788999982;-60.83093644000001
339;SR-592/2020;-4.243249569999985;-60.83101272999999
340;SR-592/2020;-4.243412895000009;-60.83109000000001
341;SR-592/2020;-4.24357713099999;-60.83116532
342;SR-592/2020;-4.243739834000002;-60.83124498
343;SR-592/2020;-4.243902211999988;-60.83132419
344;SR-592/2020;-4.24406454199999;-60.83140397
345;SR-592/2020;-4.244226781000005;-60.83148346999999
346;SR-592/2020;-4.244388058999979;-60.83156489000001
347;SR-592/2020;-4.244552562000001;-60.83163880999998
348;SR-592/2020;-4.244712651999998;-60.83172275999998
349;SR-592/2020;-4.244875543999987;-60.83180092
350;SR-592/2020;-4.245037894999991;-60.83187957999999
351;SR-592/2020;-4.245202052000003;-60.83195508
352;SR-592/2020;-4.245365751999999;-60.83203154
353;SR-592/2020;-4.245529451999994;-60.83210801000001
354;SR-592/2020;-4.24569315200001;-60.83218448
355;SR-592/2020;-4.245856610999985;-60.83226260000001
356;SR-592/2020;-4.246018408000003;-60.83234299
357;SR-592/2020;-4.246183526999996;-60.83241665000001
358;SR-592/2020;-4.246342950000017;-60.83250185
359;SR-592/2020;-4.246505221999994;-60.83258127999999
360;SR-592/2020;-4.246667018000013;-60.83266167999998
361;SR-592/2020;-4.246829764000008;-60.83274015000001
362;SR-592/2020;-4.246992035000005;-60.83281958000001
363;SR-592/2020;-4.247154306000002;-60.83289901000001
364;SR-592/2020;-4.24731657800002;-60.83297844000001
365;SR-592/2020;-4.247479324000016;-60.83305691
366;SR-592/2020;-4.247641850999995;-60.83313379000002
367;SR-592/2020;-4.247809208999993;-60.83320225
368;SR-592/2020;-4.24797123700001;-60.83328243
369;SR-592/2020;-4.248135929000007;-60.83335676000001
370;SR-592/2020;-4.248300177999988;-60.83343206000001
371;SR-592/2020;-4.248465734999998;-60.83350634
372;SR-592/2020;-4.248628196999991;-60.83358538
373;SR-592/2020;-4.248790659000004;-60.83366443000002
374;SR-592/2020;-4.248953120000016;-60.83374346999999
375;SR-592/2020;-4.249116055000009;-60.83382155000002
376;SR-592/2020;-4.249277863000007;-60.83390210999999
377;SR-592/2020;-4.249442939999996;-60.83397586000002
378;SR-592/2020;-4.249602313999993;-60.83406116
379;SR-592/2020;-4.249764537999987;-60.83414012
380;SR-592/2020;-4.249927023999982;-60.83421912
381;SR-592/2020;-4.250090443000014;-60.83429619
382;SR-592/2020;-4.250253396000008;-60.83437423
383;SR-592/2020;-4.250416349000002;-60.83445226000001
384;SR-592/2020;-4.250579302000014;-60.8345303
385;SR-592/2020;-4.250742774999992;-60.83460666999999
386;SR-592/2020;-4.250905966999985;-60.83468421999999
387;SR-592/2020;-4.251072362000004;-60.83475497000001
388;SR-592/2020;-4.251233320000011;-60.83483803000001
389;SR-592/2020;-4.251396000999983;-60.83491661999999
390;SR-592/2020;-4.251558213000015;-60.83499617999998
391;SR-592/2020;-4.251721363999986;-60.83507381999999
392;SR-592/2020;-4.251884389999985;-60.83515106999999
393;SR-592/2020;-4.252047858999982;-60.83522802
394;SR-592/2020;-4.252211327999977;-60.83530498
395;SR-592/2020;-4.252375257000011;-60.83538097000001
396;SR-592/2020;-4.252538211999985;-60.83545938
397;SR-592/2020;-4.252704012999995;-60.83553149999998
398;SR-592/2020;-4.252864225999982;-60.83561523000001
399;SR-592/2020;-4.253027231999999;-60.83569315
400;SR-592/2020;-4.253189773999999;-60.83577203999999
401;SR-592/2020;-4.253352412000007;-60.83585159
402;SR-592/2020;-4.253514263999989;-60.83593186
403;SR-592/2020;-4.253676116000012;-60.83601214000002
404;SR-592/2020;-4.253838083000003;-60.83609172999999
405;SR-592/2020;-4.254001006000014;-60.83616983999999
406;SR-592/2020;-4.254162984999987;-60.83624987
407;SR-592/2020;-4.254328269999994;-60.83632316000002
408;SR-592/2020;-4.254487885999991;-60.83640800000001
409;SR-592/2020;-4.254650336999983;-60.83648707
410;SR-592/2020;-4.254812042999994;-60.83656790000001
411;SR-592/2020;-4.254974634999997;-60.83664669000003
412;SR-592/2020;-4.255136741000001;-60.83672682
413;SR-592/2020;-4.255298372999984;-60.83680752999999
414;SR-592/2020;-4.255460005000009;-60.83688825
415;SR-592/2020;-4.255622119999993;-60.83696800000001
416;SR-592/2020;-4.25578329000002;-60.8370498
417;SR-592/2020;-4.255947612999986;-60.83712521
418;SR-592/2020;-4.256106117000011;-60.8372121
419;SR-592/2020;-4.256267530999997;-60.83729324999999
420;SR-592/2020;-4.256428459000004;-60.83737534999999
421;SR-592/2020;-4.256590358000009;-60.83745554000001
422;SR-592/2020;-4.25675242799999;-60.83753400999999
423;SR-592/2020;-4.256915602000002;-60.83761158999999
424;SR-592/2020;-4.257078622000002;-60.83768802000001
425;SR-592/2020;-4.257243992000015;-60.83776085
426;SR-592/2020;-4.257408477999995;-60.83783653
427;SR-592/2020;-4.257575091000012;-60.83790676999998
428;SR-592/2020;-4.257736248999997;-60.83798868
429;SR-592/2020;-4.257899989999996;-60.83806543
430;SR-592/2020;-4.258062956999991;-60.83814345
431;SR-592/2020;-4.258226677000008;-60.83822014000001
432;SR-592/2020;-4.258389775000014;-60.83829788000002
433;SR-592/2020;-4.258552873000019;-60.83837561000001
434;SR-592/2020;-4.258715970999985;-60.83845335
435;SR-592/2020;-4.258879525999988;-60.83853014
436;SR-592/2020;-4.259042150999994;-60.83860886
437;SR-592/2020;-4.25920802699999;-60.83868081
438;SR-592/2020;-4.259368204999994;-60.83876480000001
439;SR-592/2020;-4.259531076;-60.83884301000001
440;SR-592/2020;-4.259693480000008;-60.83892217999999
441;SR-592/2020;-4.259856817999994;-60.83899942
442;SR-592/2020;-4.26001968899998;-60.83907763
443;SR-592/2020;-4.260182525000005;-60.8391561
444;SR-592/2020;-4.260345144000011;-60.83923483000001
445;SR-592/2020;-4.260508234999996;-60.83931258999999
446;SR-592/2020;-4.260670384000003;-60.83939227999999
447;SR-592/2020;-4.260835826000003;-60.83946521000001
448;SR-592/2020;-4.260995623000015;-60.83954972000001
449;SR-592/2020;-4.26115824300002;-60.83962844999999
450;SR-592/2020;-4.261320391999988;-60.83970814000001
451;SR-592/2020;-4.261483481999992;-60.8397859
452;SR-592/2020;-4.261646160000003;-60.83986442
453;SR-592/2020;-4.261808888999998;-60.83994292000002
454;SR-592/2020;-4.261971617999993;-60.84002142000001
455;SR-592/2020;-4.262134816000007;-60.84009895000001
456;SR-592/2020;-4.262297076000003;-60.84017842000001
457;SR-592/2020;-4.262463077999989;-60.84024947000001
458;SR-592/2020;-4.262623760999995;-60.84033228999999
459;SR-592/2020;-4.26278720499999;-60.8404093
460;SR-592/2020;-4.262950189000005;-60.84048729000001
461;SR-592/2020;-4.263114093999998;-60.84056333
462;SR-592/2020;-4.263277538000012;-60.84064034
463;SR-592/2020;-4.263440981999986;-60.84071735000001
464;SR-592/2020;-4.263604426000001;-60.84079436999999
465;SR-592/2020;-4.263768330000013;-60.84087041000001
466;SR-592/2020;-4.263931313999989;-60.84094838999999
467;SR-592/2020;-4.264097523000013;-60.84101938000001
468;SR-592/2020;-4.264258414000015;-60.84110180999999
469;SR-592/2020;-4.264422051999985;-60.84117841
470;SR-592/2020;-4.264585231999998;-60.84125599
471;SR-592/2020;-4.264749327000006;-60.84133162
472;SR-592/2020;-4.264912965000017;-60.84140822000001
473;SR-592/2020;-4.265076601999986;-60.84148483000002
474;SR-592/2020;-4.265240239999997;-60.84156142999999
475;SR-592/2020;-4.265404335000005;-60.84163706
476;SR-592/2020;-4.265567514999978;-60.84171464
477;SR-592/2020;-4.265733898999995;-60.84178542
478;SR-592/2020;-4.265894789999997;-60.84186785000001
479;SR-592/2020;-4.266058436000009;-60.84194551
480;SR-592/2020;-4.266220241000007;-60.84202589000001
481;SR-592/2020;-4.266382994999985;-60.84210433999998
482;SR-592/2020;-4.266545275000002;-60.84218375999999
483;SR-592/2020;-4.26670755500002;-60.84226318
484;SR-592/2020;-4.266869833999998;-60.84234259999999
485;SR-592/2020;-4.267032588999995;-60.84242105999999
486;SR-592/2020;-4.267194393999993;-60.84250144000001
487;SR-592/2020;-4.267359521000007;-60.84257508000001
488;SR-592/2020;-4.267518953000009;-60.84266027999998
489;SR-592/2020;-4.267681232999987;-60.84273969
490;SR-592/2020;-4.267843037999985;-60.84282006999999
491;SR-592/2020;-4.268006127999991;-60.84289686
492;SR-592/2020;-4.268169644999991;-60.84297372000001
493;SR-592/2020;-4.268333162000011;-60.84305058
494;SR-592/2020;-4.268496679000011;-60.84312744
495;SR-592/2020;-4.26866065600001;-60.84320332999999
496;SR-592/2020;-4.268823714000012;-60.84328116
497;SR-592/2020;-4.268989986;-60.8433522
498;SR-592/2020;-4.269150747999992;-60.84343487999998
499;SR-592/2020;-4.269314264999993;-60.84351173999999
500;SR-592/2020;-4.269477322999995;-60.84358957000001
501;SR-592/2020;-4.269641298999993;-60.84366546
502;SR-592/2020;-4.269804816000013;-60.84374231
503;SR-592/2020;-4.269968333000014;-60.84381917
504;SR-592/2020;-4.270131850000014;-60.84389602999999
505;SR-592/2020;-4.270295827000012;-60.84397191999999
506;SR-592/2020;-4.270458885000014;-60.84404975000002
507;SR-592/2020;-4.270625157000003;-60.84412080000001
508;SR-592/2020;-4.270785918999995;-60.84420346999999
509;SR-592/2020;-4.270949435999995;-60.84428033000001
510;SR-592/2020;-4.271112050000001;-60.84435999999999
511;SR-592/2020;-4.27127483499998;-60.84443839
512;SR-592/2020;-4.271437145000001;-60.84451774999998
513;SR-592/2020;-4.271599455000001;-60.84459711
514;SR-592/2020;-4.271761765000002;-60.84467646
515;SR-592/2020;-4.271924550000001;-60.84475485999999
516;SR-592/2020;-4.272086386000002;-60.84483518
517;SR-592/2020;-4.272251541999998;-60.84490876000001
518;SR-592/2020;-4.272411006999983;-60.84499389
519;SR-592/2020;-4.272573317000004;-60.84507324999999
520;SR-592/2020;-4.272735153000005;-60.84515357
521;SR-592/2020;-4.272897938000004;-60.84523196999999
522;SR-592/2020;-4.273060248000005;-60.84531132000001
523;SR-592/2020;-4.273222559000005;-60.84539068000002
524;SR-592/2020;-4.273384869000005;-60.84547004000001
525;SR-592/2020;-4.273547654000005;-60.84554844
526;SR-592/2020;-4.273709970000006;-60.84562614999999
527;SR-592/2020;-4.273876961999994;-60.8456955
528;SR-592/2020;-4.274038560999996;-60.84577654000001
529;SR-592/2020;-4.274202857000001;-60.84585172999999
530;SR-592/2020;-4.274366703000007;-60.84592789999999
531;SR-592/2020;-4.27453144800001;-60.84600212000001
532;SR-592/2020;-4.274695744000015;-60.84607732000001
533;SR-592/2020;-4.274859759999996;-60.84615445
534;SR-592/2020;-4.275022400000004;-60.84623314000002
535;SR-592/2020;-4.27518551099999;-60.84631086
536;SR-592/2020;-4.275347681;-60.84639050999999
537;SR-592/2020;-4.275513142;-60.84646341000002
538;SR-592/2020;-4.275672960999994;-60.84654788
539;SR-592/2020;-4.275835602000003;-60.84662656
540;SR-592/2020;-4.275997772000011;-60.84670621000001
541;SR-592/2020;-4.276160881999997;-60.84678393000001
542;SR-592/2020;-4.276323523000006;-60.84686262
543;SR-592/2020;-4.276486162999992;-60.8469413
544;SR-592/2020;-4.276648803;-60.84701999000001
545;SR-592/2020;-4.276811691999988;-60.84709859
546;SR-592/2020;-4.276973311999992;-60.84717935000001
547;SR-592/2020;-4.277138269999991;-60.84725337
548;SR-592/2020;-4.277297507000018;-60.84733892000001
549;SR-592/2020;-4.277459604000001;-60.84741870999999
550;SR-592/2020;-4.277622400000021;-60.84749557000001
551;SR-592/2020;-4.277786853999999;-60.84757043
552;SR-592/2020;-4.277950855999999;-60.84764626000001
553;SR-592/2020;-4.278114856999999;-60.84772208999999
554;SR-592/2020;-4.278278894000003;-60.84779944
555;SR-592/2020;-4.278441366000017;-60.84787847999998
556;SR-592/2020;-4.278602881000011;-60.84795943999999
557;SR-592/2020;-4.278767740000003;-60.84803384000001
558;SR-592/2020;-4.278926681000003;-60.84811994
559;SR-592/2020;-4.279088502000004;-60.84820027999999
560;SR-592/2020;-4.279248733999992;-60.84828523999999
561;SR-592/2020;-4.27940884299999;-60.84836892
562;SR-592/2020;-4.279568606999979;-60.84845417
563;SR-592/2020;-4.279726812;-60.84854136999999
564;SR-592/2020;-4.279885088000006;-60.84862943999999
565;SR-592/2020;-4.280042201999996;-60.84871857999999
566;SR-592/2020;-4.280198238999978;-60.84880957999999
567;SR-592/2020;-4.280355579999986;-60.84890072000001
568;SR-592/2020;-4.280505175999993;-60.84900099000001
569;SR-592/2020;-4.28065995700001;-60.84909394999999
570;SR-592/2020;-4.280814448999983;-60.84918752
571;SR-592/2020;-4.280967523999999;-60.84928568000001
572;SR-592/2020;-4.281117982000017;-60.84938539000001
573;SR-592/2020;-4.281268656999995;-60.84948495000001
574;SR-592/2020;-4.281418441999998;-60.84958663000001
575;SR-592/2020;-4.281568005000002;-60.84968784000001
576;SR-592/2020;-4.281711032000006;-60.84980064999999
577;SR-592/2020;-4.281857894000007;-60.84990590000001
578;SR-592/2020;-4.281996843999993;-60.85002133
579;SR-592/2020;-4.282139749000007;-60.85013167
580;SR-592/2020;-4.282280923999997;-60.8502452
581;SR-592/2020;-4.282421782999981;-60.85035813
582;SR-592/2020;-4.282559713000003;-60.85047628000002
583;SR-592/2020;-4.282694912000018;-60.85059587
584;SR-592/2020;-4.282830111000013;-60.85071546
585;SR-592/2020;-4.282966025000007;-60.85083425
586;SR-592/2020;-4.283100509000004;-60.85095463999999
587;SR-592/2020;-4.283239994999994;-60.85106941999999
588;SR-592/2020;-4.283370907000014;-60.85119381
589;SR-592/2020;-4.28350610600001;-60.85131340000003
590;SR-592/2020;-4.283640590000006;-60.85143379000001
591;SR-592/2020;-4.283772773999992;-60.85155797000001
592;SR-592/2020;-4.283903821000004;-60.85168206
593;SR-592/2020;-4.284034867999996;-60.85180615
594;SR-592/2020;-4.284165914999987;-60.85193023999999
595;SR-592/2020;-4.28429770400002;-60.85205356000001
596;SR-592/2020;-4.284424502999999;-60.85218492999999
597;SR-592/2020;-4.284549526999992;-60.85231519999999
598;SR-592/2020;-4.284664902999986;-60.85245402000001
599;SR-592/2020;-4.284785101999999;-60.85258856999999
600;SR-592/2020;-4.284904498000007;-60.85272383000001
601;SR-592/2020;-4.285025502000006;-60.85285765999999
602;SR-592/2020;-4.285145701999999;-60.85299221
603;SR-592/2020;-4.285265901999993;-60.85312674999999
604;SR-592/2020;-4.285386711999997;-60.85326048000001
605;SR-592/2020;-4.285508728;-60.85339339999999
606;SR-592/2020;-4.285629147000012;-60.85352776
607;SR-592/2020;-4.285755155999986;-60.85365708000001
608;SR-592/2020;-4.285871582000008;-60.85379502999999
609;SR-592/2020;-4.285992800000004;-60.85392867
610;SR-592/2020;-4.286113218999996;-60.85406302999998
611;SR-592/2020;-4.286234916999994;-60.85419665000001
612;SR-592/2020;-4.286354572000002;-60.85433168000001
613;SR-592/2020;-4.28647422700001;-60.85446670000001
614;SR-592/2020;-4.286593882999998;-60.85460172999999
615;SR-592/2020;-4.286714345000013;-60.85473604999999
616;SR-592/2020;-4.286832386000007;-60.85487249999999
617;SR-592/2020;-4.286955959000021;-60.85500441
618;SR-592/2020;-4.287069690000019;-60.85514456999999
619;SR-592/2020;-4.287188294;-60.85528052
620;SR-592/2020;-4.287306085999994;-60.85541715999999
621;SR-592/2020;-4.287425503000001;-60.85555240999999
622;SR-592/2020;-4.287544107000003;-60.85568835000002
623;SR-592/2020;-4.287662712000005;-60.85582429999999
624;SR-592/2020;-4.287781316000006;-60.85596024000001
625;SR-592/2020;-4.287900732999994;-60.85609549000001
626;SR-592/2020;-4.288018525000008;-60.85623213
627;SR-592/2020;-4.288142002999993;-60.85636386000001
628;SR-592/2020;-4.288255732999991;-60.85650403
629;SR-592/2020;-4.288374338000011;-60.85663997000001
630;SR-592/2020;-4.288492130000005;-60.85677662000001
631;SR-592/2020;-4.288611545999994;-60.85691185999999
632;SR-592/2020;-4.288730151000015;-60.85704781
633;SR-592/2020;-4.288848754999997;-60.85718374999998
634;SR-592/2020;-4.288967358999997;-60.8573197
635;SR-592/2020;-4.289086665999998;-60.85745507000001
636;SR-592/2020;-4.28920432199998;-60.85759183999999
637;SR-592/2020;-4.289327668999993;-60.85772368999999
638;SR-592/2020;-4.28944125999998;-60.85786396000001
639;SR-592/2020;-4.28955972899999;-60.85800002999999
640;SR-592/2020;-4.289677385000012;-60.85813679
641;SR-592/2020;-4.28979666699999;-60.85827215
642;SR-592/2020;-4.289915135999999;-60.85840821999999
643;SR-592/2020;-4.29003360499999;-60.85854427999998
644;SR-592/2020;-4.290152074;-60.85868034000001
645;SR-592/2020;-4.290271355999997;-60.85881570000002
646;SR-592/2020;-4.290389012;-60.85895246999997
647;SR-592/2020;-4.290512358999994;-60.85908432
648;SR-592/2020;-4.29062595;-60.8592246
649;SR-592/2020;-4.290745020999999;-60.8593596
650;SR-592/2020;-4.290864784999997;-60.85949454000001
651;SR-592/2020;-4.290986153000008;-60.85962805
652;SR-592/2020;-4.291106718999991;-60.85976227
653;SR-592/2020;-4.291227284999994;-60.8598965
654;SR-592/2020;-4.291347851000018;-60.86003071999999
655;SR-592/2020;-4.291469218000008;-60.86016423
656;SR-592/2020;-4.291588982000006;-60.86029917
657;SR-592/2020;-4.291714360000007;-60.8604291
658;SR-592/2020;-4.291830113999993;-60.86056761
659;SR-592/2020;-4.291950680000016;-60.86070183999998
660;SR-592/2020;-4.292070442999993;-60.86083678
661;SR-592/2020;-4.292191811000004;-60.86097028999999
662;SR-592/2020;-4.292312377000007;-60.86110450999998
663;SR-592/2020;-4.292432942999991;-60.86123873
664;SR-592/2020;-4.292553508999994;-60.86137296
665;SR-592/2020;-4.292674877000005;-60.86150646999999
666;SR-592/2020;-4.292794640000002;-60.86164141
667;SR-592/2020;-4.292920017999984;-60.86177133999998
668;SR-592/2020;-4.293035593999994;-60.86191031999999
669;SR-592/2020;-4.293154961999979;-60.86204559999999
670;SR-592/2020;-4.293273521999996;-60.86218159000001
671;SR-592/2020;-4.293393697999988;-60.86231617
672;SR-592/2020;-4.293513065000012;-60.86245145
673;SR-592/2020;-4.293632432999996;-60.86258673
674;SR-592/2020;-4.29375180100002;-60.86272201000001
675;SR-592/2020;-4.293871977000013;-60.86285659000001
676;SR-592/2020;-4.29399053599999;-60.86299257999999
677;SR-592/2020;-4.294114753999995;-60.86312362
678;SR-592/2020;-4.294229271999999;-60.86326314999999
679;SR-592/2020;-4.294348638999983;-60.86339843
680;SR-592/2020;-4.294467199000001;-60.86353442
681;SR-592/2020;-4.294587374999992;-60.863669
682;SR-592/2020;-4.294706741999996;-60.86380428
683;SR-592/2020;-4.294825894000023;-60.86394006
684;SR-592/2020;-4.294944025000005;-60.86407642
685;SR-592/2020;-4.295062970999995;-60.86421207000001
686;SR-592/2020;-4.295180286999988;-60.86434913
687;SR-592/2020;-4.295303307000015;-60.86448128000001
688;SR-592/2020;-4.295416549999993;-60.86462184000001
689;SR-592/2020;-4.295534680999995;-60.8647582
690;SR-592/2020;-4.29565199699999;-60.86489526
691;SR-592/2020;-4.295770942999999;-60.86503090999999
692;SR-592/2020;-4.295889074000002;-60.86516727000001
693;SR-592/2020;-4.296007205000003;-60.86530362
694;SR-592/2020;-4.296125335999985;-60.86543997999999
695;SR-592/2020;-4.296244281999995;-60.86557564
696;SR-592/2020;-4.29636159800001;-60.86571269000002
697;SR-592/2020;-4.296484617999996;-60.86584484999999
698;SR-592/2020;-4.296597859999993;-60.86598541000001
699;SR-592/2020;-4.296715991000015;-60.86612177000001
700;SR-592/2020;-4.296834836999997;-60.86625707000001
701;SR-592/2020;-4.296955507000009;-60.86639121
702;SR-592/2020;-4.297075371999995;-60.86652606000001
703;SR-592/2020;-4.297195236;-60.86666089999999
704;SR-592/2020;-4.297315101000006;-60.86679574999999
705;SR-592/2020;-4.297435771000018;-60.86692988999999
706;SR-592/2020;-4.297554829999997;-60.86706544999999
707;SR-592/2020;-4.297679529000002;-60.86719603
708;SR-592/2020;-4.297794559000008;-60.86733514
709;SR-592/2020;-4.297914423000013;-60.86746998999999
710;SR-592/2020;-4.298034085000002;-60.86760476999999
711;SR-592/2020;-4.298155764999998;-60.86773799
712;SR-592/2020;-4.298276644999987;-60.86787193999999
713;SR-592/2020;-4.298397523999997;-60.86800589000001
714;SR-592/2020;-4.298518403999987;-60.86813983
715;SR-592/2020;-4.298640084000002;-60.86827306000001
716;SR-592/2020;-4.298760963999992;-60.86840701
717;SR-592/2020;-4.298886646;-60.86853665000002
718;SR-592/2020;-4.299002722999992;-60.8686749
719;SR-592/2020;-4.29912298700001;-60.86880957
720;SR-592/2020;-4.299242397999999;-60.86894482
721;SR-592/2020;-4.299363416999999;-60.86907865
722;SR-592/2020;-4.299483630999994;-60.86921319000002
723;SR-592/2020;-4.299603845999989;-60.86934772
724;SR-592/2020;-4.299724061000003;-60.86948226
725;SR-592/2020;-4.299845080000004;-60.86961609
726;SR-592/2020;-4.299964490999992;-60.86975134
727;SR-592/2020;-4.300089528999987;-60.86988160000001
728;SR-592/2020;-4.300204920999981;-60.87002042
729;SR-592/2020;-4.300325135999996;-60.87015496
730;SR-592/2020;-4.300444546000004;-60.87029021
731;SR-592/2020;-4.300565460999996;-60.87042422
732;SR-592/2020;-4.300685324000002;-60.87055907000001
733;SR-592/2020;-4.300805187000007;-60.87069392000001
734;SR-592/2020;-4.300925048999993;-60.87082877
735;SR-592/2020;-4.301045718000005;-60.87096291
736;SR-592/2020;-4.301164774999984;-60.87109846999999
737;SR-592/2020;-4.301289472000009;-60.87122905999998
738;SR-592/2020;-4.301404499999995;-60.87136817
739;SR-592/2020;-4.301524363;-60.87150302000001
740;SR-592/2020;-4.301643419999999;-60.87163859
741;SR-592/2020;-4.301764087999991;-60.87177273
742;SR-592/2020;-4.301883951000017;-60.87190757999999
743;SR-592/2020;-4.302003813999981;-60.87204243
744;SR-592/2020;-4.302123677000007;-60.87217728
745;SR-592/2020;-4.302244344999999;-60.87231142000001
746;SR-592/2020;-4.302363401999997;-60.87244698
747;SR-592/2020;-4.302488098999984;-60.87257757000001
748;SR-592/2020;-4.302603126999989;-60.87271667999999
749;SR-592/2020;-4.302722990000014;-60.87285153
750;SR-592/2020;-4.302842047000013;-60.8729871
751;SR-592/2020;-4.302962715000005;-60.87312124000001
752;SR-592/2020;-4.303082577999991;-60.87325609
753;SR-592/2020;-4.303202440999996;-60.87339094
754;SR-592/2020;-4.303322304000002;-60.87352579000001
755;SR-592/2020;-4.303442971999994;-60.87365993000001
756;SR-592/2020;-4.303562029000013;-60.87379548999998
757;SR-592/2020;-4.303686725999998;-60.87392608
758;SR-592/2020;-4.303801754000003;-60.8740652
759;SR-592/2020;-4.303921617000008;-60.87420005
760;SR-592/2020;-4.304040673999987;-60.87433561000001
761;SR-592/2020;-4.304161341999979;-60.87446975
762;SR-592/2020;-4.304281205000004;-60.8746046
763;SR-592/2020;-4.30440106699999;-60.87473944999999
764;SR-592/2020;-4.304520929999995;-60.87487431
765;SR-592/2020;-4.304641599000007;-60.87500845
766;SR-592/2020;-4.304760654999987;-60.87514401000001
767;SR-592/2020;-4.304885353000012;-60.8752746
768;SR-592/2020;-4.305000381000017;-60.87541371
769;SR-592/2020;-4.305120243000003;-60.87554857000001
770;SR-592/2020;-4.305239300000001;-60.87568413
771;SR-592/2020;-4.305359968000014;-60.87581827
772;SR-592/2020;-4.305479831000019;-60.87595311999999
773;SR-592/2020;-4.305599694000004;-60.87608796999999
774;SR-592/2020;-4.305719555999989;-60.87622283
775;SR-592/2020;-4.305840225000002;-60.87635697000001
776;SR-592/2020;-4.305959282;-60.87649253000001
777;SR-592/2020;-4.306083978999986;-60.87662312
778;SR-592/2020;-4.306199007000011;-60.87676224000001
779;SR-592/2020;-4.306318868999996;-60.87689708999999
780;SR-592/2020;-4.306437925999996;-60.87703264999998
781;SR-592/2020;-4.306558595000007;-60.87716678999999
782;SR-592/2020;-4.306678457000013;-60.87730164999999
783;SR-592/2020;-4.306798320000018;-60.8774365
784;SR-592/2020;-4.306918182000004;-60.87757134999999
785;SR-592/2020;-4.307038850999996;-60.87770549
786;SR-592/2020;-4.307157906999994;-60.87784106
787;SR-592/2020;-4.307282605000021;-60.87797164
788;SR-592/2020;-4.307397632999985;-60.87811076
789;SR-592/2020;-4.307517495000011;-60.87824561
790;SR-592/2020;-4.307636551999989;-60.87838117999999
791;SR-592/2020;-4.307757220000021;-60.87851532
792;SR-592/2020;-4.307877082999987;-60.87865017
793;SR-592/2020;-4.307996945000012;-60.87878503000001
794;SR-592/2020;-4.308116807999998;-60.87891988
795;SR-592/2020;-4.30823747599999;-60.87905402000001
796;SR-592/2020;-4.308356532999989;-60.87918959000001
797;SR-592/2020;-4.308481230000014;-60.87932017
798;SR-592/2020;-4.308596258;-60.87945929
799;SR-592/2020;-4.308716119999985;-60.87959415000001
800;SR-592/2020;-4.308835176999983;-60.87972970999999
801;SR-592/2020;-4.308955845000016;-60.87986385
802;SR-592/2020;-4.309075708000001;-60.87999870999999
803;SR-592/2020;-4.309195571000006;-60.88013356
804;SR-592/2020;-4.309315432999991;-60.88026841
805;SR-592/2020;-4.309436100999983;-60.88040255999999
806;SR-592/2020;-4.309555158000002;-60.88053812
807;SR-592/2020;-4.309679855000008;-60.88066871000001
808;SR-592/2020;-4.309794882999993;-60.88080783000001
809;SR-592/2020;-4.309914745999999;-60.88094268
810;SR-592/2020;-4.310033801999998;-60.88107825
811;SR-592/2020;-4.31015446999999;-60.88121239000001
812;SR-592/2020;-4.310274332999995;-60.88134724
813;SR-592/2020;-4.31039419499998;-60.88148210000001
814;SR-592/2020;-4.310514057999986;-60.88161694999999
815;SR-592/2020;-4.310634725999998;-60.88175108999999
816;SR-592/2020;-4.310753782999996;-60.88188665999999
817;SR-592/2020;-4.310878480000023;-60.88201725
818;SR-592/2020;-4.310993507999987;-60.88215637
819;SR-592/2020;-4.311113369999992;-60.88229122000001
820;SR-592/2020;-4.311232426999991;-60.88242678999999
821;SR-592/2020;-4.311353094999983;-60.88256093
822;SR-592/2020;-4.311472957999989;-60.88269579000001
823;SR-592/2020;-4.311592819999994;-60.88283064000001
824;SR-592/2020;-4.311712682;-60.88296549
825;SR-592/2020;-4.311833350999992;-60.88309964
826;SR-592/2020;-4.31195240700001;-60.88323519999999
827;SR-592/2020;-4.312077105000016;-60.88336579000001
828;SR-592/2020;-4.312192132000002;-60.88350491000001
829;SR-592/2020;-4.312311994999987;-60.88363976999998
830;SR-592/2020;-4.312431051000005;-60.88377533
831;SR-592/2020;-4.312551718999997;-60.88390948000001
832;SR-592/2020;-4.312671582000003;-60.88404432999998
833;SR-592/2020;-4.312791444000008;-60.88417919
834;SR-592/2020;-4.312911307000014;-60.88431404
835;SR-592/2020;-4.313031975000006;-60.88444818999999
836;SR-592/2020;-4.313151030999984;-60.88458374999998
837;SR-592/2020;-4.31327572899999;-60.88471434
838;SR-592/2020;-4.313390755999995;-60.88485346
839;SR-592/2020;-4.313510619000001;-60.88498831999997
840;SR-592/2020;-4.313629674999979;-60.88512388000001
841;SR-592/2020;-4.313750343000011;-60.88525803
842;SR-592/2020;-4.313870205999997;-60.88539288
843;SR-592/2020;-4.313990068000003;-60.88552774000001
844;SR-592/2020;-4.314109930000008;-60.88566259000002
845;SR-592/2020;-4.31423059900002;-60.88579674
846;SR-592/2020;-4.314349654999998;-60.88593230000001
847;SR-592/2020;-4.314474351999984;-60.88606289000001
848;SR-592/2020;-4.314589380000009;-60.88620201000001
849;SR-592/2020;-4.314709241999994;-60.88633687000001
850;SR-592/2020;-4.314828298999993;-60.88647244
851;SR-592/2020;-4.314948966999985;-60.88660658000001
852;SR-592/2020;-4.31506882900001;-60.88674144000001
853;SR-592/2020;-4.315188691999996;-60.88687629
854;SR-592/2020;-4.315308554000021;-60.88701115000001
855;SR-592/2020;-4.315429222000013;-60.88714529000001
856;SR-592/2020;-4.315548279000012;-60.88728086
857;SR-592/2020;-4.315672975999998;-60.88741144999998
858;SR-592/2020;-4.315788003000003;-60.88755056999998
859;SR-592/2020;-4.315907866000009;-60.88768543
860;SR-592/2020;-4.316026921999986;-60.88782100000001
861;SR-592/2020;-4.316147590000019;-60.88795514
862;SR-592/2020;-4.316267453000004;-60.88809
863;SR-592/2020;-4.316387314999989;-60.88822485000001
864;SR-592/2020;-4.316507177000015;-60.88835971
865;SR-592/2020;-4.316627845000007;-60.88849386
866;SR-592/2020;-4.316746902000006;-60.88862942000001
867;SR-592/2020;-4.316871598999992;-60.88876001000001
868;SR-592/2020;-4.316986625999997;-60.88889913000001
869;SR-592/2020;-4.317106489000002;-60.88903399000001
870;SR-592/2020;-4.317225545000021;-60.88916956
871;SR-592/2020;-4.317346213000013;-60.88930370000001
872;SR-592/2020;-4.317466074999999;-60.88943856000001
873;SR-592/2020;-4.317585938000004;-60.88957342
874;SR-592/2020;-4.317705799999989;-60.88970827000001
875;SR-592/2020;-4.317826468000002;-60.88984242000002
876;SR-592/2020;-4.317945524;-60.88997799
877;SR-592/2020;-4.318070221000005;-60.89010858000001
878;SR-592/2020;-4.318185249000011;-60.89024770000001
879;SR-592/2020;-4.318305110999995;-60.89038256
880;SR-592/2020;-4.318424168000014;-60.89051813
881;SR-592/2020;-4.318544836000006;-60.89065227
882;SR-592/2020;-4.318664697999992;-60.89078713
883;SR-592/2020;-4.318784560000017;-60.89092199000001
884;SR-592/2020;-4.318904422000003;-60.89105684
885;SR-592/2020;-4.319025089999995;-60.89119099000001
886;SR-592/2020;-4.319144146999994;-60.89132656000001
887;SR-592/2020;-4.319268844;-60.89145715
888;SR-592/2020;-4.319383871000005;-60.89159627
889;SR-592/2020;-4.31950373300001;-60.89173112999999
890;SR-592/2020;-4.319622790000008;-60.89186670000003
891;SR-592/2020;-4.319743458;-60.89200085
892;SR-592/2020;-4.319863320000006;-60.89213569999999
893;SR-592/2020;-4.319983181999991;-60.89227056
894;SR-592/2020;-4.320103044000017;-60.89240542
895;SR-592/2020;-4.320223712000009;-60.89253957
896;SR-592/2020;-4.320342769000007;-60.89267513
897;SR-592/2020;-4.320467465999993;-60.89280572999999
898;SR-592/2020;-4.320582492999998;-60.89294484999999
899;SR-592/2020;-4.320702355000003;-60.89307971
900;SR-592/2020;-4.320821411999982;-60.89321527999999
901;SR-592/2020;-4.320942080000014;-60.89334941999999
902;SR-592/2020;-4.321061942;-60.89348428
903;SR-592/2020;-4.321181803999985;-60.89361913999999
904;SR-592/2020;-4.321301666000011;-60.893754
905;SR-592/2020;-4.321422334000003;-60.89388814000001
906;SR-592/2020;-4.321541390000001;-60.89402370999999
907;SR-592/2020;-4.321666087000007;-60.89415431
908;SR-592/2020;-4.321781114999991;-60.89429343
909;SR-592/2020;-4.321900977000017;-60.89442829
910;SR-592/2020;-4.322020032999996;-60.89456386
911;SR-592/2020;-4.322140700999988;-60.89469800000002
912;SR-592/2020;-4.322260475000006;-60.89483303000001
913;SR-592/2020;-4.322380001000004;-60.89496818
914;SR-592/2020;-4.322499526999981;-60.89510333999999
915;SR-592/2020;-4.322619860999986;-60.89523778
916;SR-592/2020;-4.322738579999996;-60.89537365000002
917;SR-592/2020;-4.322862950999995;-60.89550455
918;SR-592/2020;-4.322977632000011;-60.89564395
919;SR-592/2020;-4.323097157999989;-60.89577911000001
920;SR-592/2020;-4.323215876999999;-60.89591497
921;SR-592/2020;-4.323336210000004;-60.89604942
922;SR-592/2020;-4.323455736000001;-60.89618457
923;SR-592/2020;-4.323575261999999;-60.89631972999999
924;SR-592/2020;-4.323694788999997;-60.89645487999999
925;SR-592/2020;-4.32381512200002;-60.89658933
926;SR-592/2020;-4.323933841000011;-60.89672518999999
927;SR-592/2020;-4.32405821200001;-60.89685608999999
928;SR-592/2020;-4.324172892999987;-60.8969955
929;SR-592/2020;-4.324292418999985;-60.89713065000001
930;SR-592/2020;-4.324411136999995;-60.89726652
931;SR-592/2020;-4.324531470999999;-60.89740095999999
932;SR-592/2020;-4.324650996999997;-60.89753612000001
933;SR-592/2020;-4.324770523000014;-60.89767127
934;SR-592/2020;-4.324890049000012;-60.89780643
935;SR-592/2020;-4.325010382999997;-60.89794088
936;SR-592/2020;-4.325129100999987;-60.89807673999999
937;SR-592/2020;-4.325253473000005;-60.89820764000001
938;SR-592/2020;-4.325368153000002;-60.89834704999999
939;SR-592/2020;-4.325487679;-60.89848219999998
940;SR-592/2020;-4.325606397999991;-60.89861807
941;SR-592/2020;-4.325726730999994;-60.89875252000001
942;SR-592/2020;-4.325846256999992;-60.89888767
943;SR-592/2020;-4.32596578400001;-60.89902283000001
944;SR-592/2020;-4.326085309999987;-60.89915798000001
945;SR-592/2020;-4.326205643000012;-60.89929243
946;SR-592/2020;-4.326324362000003;-60.89942829
947;SR-592/2020;-4.326448733000001;-60.89955920000001
948;SR-592/2020;-4.326563413999997;-60.89969859999999
949;SR-592/2020;-4.326682940000016;-60.89983376
950;SR-592/2020;-4.326801657999986;-60.89996962000001
951;SR-592/2020;-4.32692199199999;-60.90010407
952;SR-592/2020;-4.327041517999987;-60.90023923
953;SR-592/2020;-4.327161042999985;-60.90037438000001
954;SR-592/2020;-4.327280569000003;-60.90050954
955;SR-592/2020;-4.327400903000007;-60.90064398999999
956;SR-592/2020;-4.327519620999998;-60.90077984999999
957;SR-592/2020;-4.327643993000017;-60.90091075
958;SR-592/2020;-4.327758673000012;-60.90105015999999
959;SR-592/2020;-4.32787819899999;-60.90118532
960;SR-592/2020;-4.327996918000001;-60.90132117999999
961;SR-592/2020;-4.328117251000005;-60.90145563
962;SR-592/2020;-4.328236777000003;-60.90159078999999
963;SR-592/2020;-4.328356303000001;-60.90172594000002
964;SR-592/2020;-4.328475829000018;-60.9018611
965;SR-592/2020;-4.328596162999983;-60.90199555000001
966;SR-592/2020;-4.328714880999993;-60.90213141
967;SR-592/2020;-4.328839251999992;-60.90226232000001
968;SR-592/2020;-4.328953933000008;-60.90240173000001
969;SR-592/2020;-4.329073459000005;-60.90253688
970;SR-592/2020;-4.329192177000016;-60.90267274999999
971;SR-592/2020;-4.329312510000001;-60.90280720000001
972;SR-592/2020;-4.329432036000018;-60.90294235
973;SR-592/2020;-4.329551562000016;-60.90307751
974;SR-592/2020;-4.329671087999993;-60.90321266999999
975;SR-592/2020;-4.329791421999998;-60.90334710999999
976;SR-592/2020;-4.329910140000008;-60.90348298
977;SR-592/2020;-4.330034511000007;-60.90361388
978;SR-592/2020;-4.330149191999983;-60.90375329
979;SR-592/2020;-4.330268718000021;-60.90388845
980;SR-592/2020;-4.330387435999992;-60.90402431999999
981;SR-592/2020;-4.330507769000016;-60.90415877
982;SR-592/2020;-4.330627294999994;-60.90429391999999
983;SR-592/2020;-4.330746820999991;-60.90442908000001
984;SR-592/2020;-4.330866414000014;-60.90456409
985;SR-592/2020;-4.330987080000006;-60.90469823999999
986;SR-592/2020;-4.331106134000004;-60.90483382
987;SR-592/2020;-4.33123082899999;-60.90496441999999
988;SR-592/2020;-4.331345854000014;-60.90510353999999
989;SR-592/2020;-4.331465713;-60.90523841
990;SR-592/2020;-4.331584767999999;-60.90537398000001
991;SR-592/2020;-4.331705432999991;-60.90550812999999
992;SR-592/2020;-4.331825293000016;-60.905643
993;SR-592/2020;-4.331945153000001;-60.90577785999999
994;SR-592/2020;-4.332065013000006;-60.90591273
995;SR-592/2020;-4.332185678999998;-60.90604687999999
996;SR-592/2020;-4.332304732999996;-60.90618245
997;SR-592/2020;-4.332429428000002;-60.90631304999999
998;SR-592/2020;-4.332544453000007;-60.90645218000001
999;SR-592/2020;-4.332664311999991;-60.90658705
1000;SR-592/2020;-4.33278336600001;-60.90672262
1001;SR-592/2020;-4.332904031999982;-60.90685676999999
1002;SR-592/2020;-4.333023892000007;-60.90699164
1003;SR-592/2020;-4.333143752000012;-60.90712650000001
1004;SR-592/2020;-4.333263611999998;-60.90726136999999
1005;SR-592/2020;-4.33338427699999;-60.90739551999999
1006;SR-592/2020;-4.333503331000008;-60.90753109999999
1007;SR-592/2020;-4.333628026000014;-60.90766170000002
1008;SR-592/2020;-4.333743050999999;-60.90780082000002
1009;SR-592/2020;-4.333862911000004;-60.90793569
1010;SR-592/2020;-4.333981965000002;-60.90807126
1011;SR-592/2020;-4.334102631000015;-60.90820542000001
1012;SR-592/2020;-4.334222489999999;-60.90834028
1013;SR-592/2020;-4.334342349999984;-60.90847515000001
1014;SR-592/2020;-4.334462209999989;-60.90861000999999
1015;SR-592/2020;-4.334582876000022;-60.90874417000001
1016;SR-592/2020;-4.334706240999997;-60.90887593999998
1017;SR-592/2020;-4.334830936000003;-60.90900654000001
1018;SR-592/2020;-4.334945960999987;-60.90914567000001
1019;SR-592/2020;-4.335065820000013;-60.90928053
1020;SR-592/2020;-4.335184873999991;-60.90941611
1021;SR-592/2020;-4.335305540000003;-60.90955026000001
1022;SR-592/2020;-4.335425399999988;-60.90968513
1023;SR-592/2020;-4.335545260000013;-60.90981999000001
1024;SR-592/2020;-4.335665118999998;-60.90995485999999
1025;SR-592/2020;-4.33578578500001;-60.91008901000001
1026;SR-592/2020;-4.335904838999989;-60.91022458999999
1027;SR-592/2020;-4.336029537999995;-60.91035513
1028;SR-592/2020;-4.336144713999992;-60.91049413999999
1029;SR-592/2020;-4.33626472000001;-60.91062886999999
1030;SR-592/2020;-4.336383919999999;-60.91076432000001
1031;SR-592/2020;-4.336504730999984;-60.91089834
1032;SR-592/2020;-4.336624737000001;-60.91103308000002
1033;SR-592/2020;-4.336744742999999;-60.91116782
1034;SR-592/2020;-4.336864748999996;-60.91130254999999
1035;SR-592/2020;-4.336985559999979;-60.91143657999999
1036;SR-592/2020;-4.33710475999999;-60.91157203000001
1037;SR-592/2020;-4.337229595999988;-60.91170249000001
1038;SR-592/2020;-4.337344771999985;-60.9118415
1039;SR-592/2020;-4.337464778000002;-60.91197624
1040;SR-592/2020;-4.337583977999993;-60.91211169
1041;SR-592/2020;-4.337704788999977;-60.91224571000001
1042;SR-592/2020;-4.337824794999994;-60.91238045000001
1043;SR-592/2020;-4.337944399000017;-60.91251575
1044;SR-592/2020;-4.338063753999981;-60.91265106
1045;SR-592/2020;-4.338183917999991;-60.91278566
1046;SR-592/2020;-4.338302464000008;-60.91292167999999
1047;SR-592/2020;-4.338426669999993;-60.91305274
1048;SR-592/2020;-4.338541174999994;-60.9131923
1049;SR-592/2020;-4.338660529999999;-60.91332761
1050;SR-592/2020;-4.338779076000014;-60.91346362
1051;SR-592/2020;-4.338899239999985;-60.91359822999999
1052;SR-592/2020;-4.339018595000008;-60.91373352999998
1053;SR-592/2020;-4.339137950000012;-60.91386884
1054;SR-592/2020;-4.339257304999995;-60.91400414999999
1055;SR-592/2020;-4.339377493999987;-60.91413869
1056;SR-592/2020;-4.339496168000014;-60.9142746
1057;SR-592/2020;-4.33962049699999;-60.91440555
1058;SR-592/2020;-4.339735131999982;-60.91454500000001
1059;SR-592/2020;-4.339854613999997;-60.91468019999999
1060;SR-592/2020;-4.339973288000003;-60.91481610000001
1061;SR-592/2020;-4.340093578000004;-60.91495059
1062;SR-592/2020;-4.340213059999998;-60.91508579000001
1063;SR-592/2020;-4.340332541999992;-60.91522098999999
1064;SR-592/2020;-4.340452024000006;-60.91535619
1065;SR-592/2020;-4.340572314000006;-60.91549068
1066;SR-592/2020;-4.340690988000013;-60.91562659000001
1067;SR-592/2020;-4.340815316999988;-60.91575753999999
1068;SR-592/2020;-4.340930019000007;-60.91589678
1069;SR-592/2020;-4.341049973999979;-60.91603155999999
1070;SR-592/2020;-4.341169122999986;-60.91616706
1071;SR-592/2020;-4.341289882000005;-60.91630112999999
1072;SR-592/2020;-4.341409835999999;-60.91643590999999
1073;SR-592/2020;-4.341529790999992;-60.91657069999999
1074;SR-592/2020;-4.341649745000005;-60.91670547999999
1075;SR-592/2020;-4.341770504000005;-60.91683954999999
1076;SR-592/2020;-4.341889653000011;-60.91697504999999
1077;SR-592/2020;-4.342014440000024;-60.91710556000002
1078;SR-592/2020;-4.342129561999997;-60.91724462
1079;SR-592/2020;-4.34224951600001;-60.91737939999999
1080;SR-592/2020;-4.342368665000016;-60.91751489999999
1081;SR-592/2020;-4.342489424000016;-60.91764896999999
1082;SR-592/2020;-4.342609379000009;-60.91778375
1083;SR-592/2020;-4.342729333000001;-60.91791854
1084;SR-592/2020;-4.342849287000014;-60.91805332
1085;SR-592/2020;-4.342970046999994;-60.91818739
1086;SR-592/2020;-4.343089195000001;-60.91832289000001
1087;SR-592/2020;-4.343213982000014;-60.91845340999999
1088;SR-592/2020;-4.343329103999986;-60.91859246000001
1089;SR-592/2020;-4.343449057999999;-60.91872724
1090;SR-592/2020;-4.343568207000006;-60.91886274000001
1091;SR-592/2020;-4.343688966000006;-60.91899681000001
1092;SR-592/2020;-4.343808919999979;-60.91913160000001
1093;SR-592/2020;-4.343928874999992;-60.91926638000001
1094;SR-592/2020;-4.344048829000005;-60.91940116999999
1095;SR-592/2020;-4.344169588000004;-60.91953523999998
1096;SR-592/2020;-4.344288736999991;-60.91967073999999
1097;SR-592/2020;-4.344413523000023;-60.91980125
1098;SR-592/2020;-4.344528644999997;-60.91994030999999
1099;SR-592/2020;-4.34464859999999;-60.92007509
1100;SR-592/2020;-4.344767748000016;-60.92021059000002
1101;SR-592/2020;-4.344888507999995;-60.92034466
1102;SR-592/2020;-4.345008462000008;-60.92047945
1103;SR-592/2020;-4.345128416000001;-60.92061423
1104;SR-592/2020;-4.345248370000014;-60.92074902
1105;SR-592/2020;-4.345369129999995;-60.92088308999998
1106;SR-592/2020;-4.345488278;-60.92101859
1107;SR-592/2020;-4.345613065000014;-60.92114910000001
1108;SR-592/2020;-4.345728186999986;-60.92128816
1109;SR-592/2020;-4.345848093999995;-60.92142301999999
1110;SR-592/2020;-4.345967139000013;-60.92155861000001
1111;SR-592/2020;-4.346087796000004;-60.92169276999999
1112;SR-592/2020;-4.346207647000009;-60.92182765
1113;SR-592/2020;-4.346327497999994;-60.92196251999999
1114;SR-592/2020;-4.346447348999978;-60.9220974
1115;SR-592/2020;-4.346568004999989;-60.92223157000001
1116;SR-592/2020;-4.346687050000007;-60.92236715999999
1117;SR-592/2020;-4.346811736999991;-60.92249777000001
1118;SR-592/2020;-4.346926751999995;-60.92263690999999
1119;SR-592/2020;-4.347046603;-60.92277179
1120;SR-592/2020;-4.347165647999978;-60.92290736999999
1121;SR-592/2020;-4.347286305000009;-60.92304154
1122;SR-592/2020;-4.347406156000013;-60.92317642
1123;SR-592/2020;-4.347526006999997;-60.92331128999999
1124;SR-592/2020;-4.347645857000002;-60.92344617000001
1125;SR-592/2020;-4.347766513999993;-60.92358033999999
1126;SR-592/2020;-4.347885558999991;-60.92371593
1127;SR-592/2020;-4.348010245000015;-60.92384654
1128;SR-592/2020;-4.348125261;-60.92398568
1129;SR-592/2020;-4.348245112000004;-60.92412056000001
1130;SR-592/2020;-4.348364156999982;-60.92425615
1131;SR-592/2020;-4.348484812999994;-60.92439031000001
1132;SR-592/2020;-4.348604663999998;-60.92452519
1133;SR-592/2020;-4.348724514999982;-60.92466007
1134;SR-592/2020;-4.348844366000007;-60.92479495000001
1135;SR-592/2020;-4.348965022999998;-60.92492911
1136;SR-592/2020;-4.349084067999995;-60.92506470000001
1137;SR-592/2020;-4.34920875399998;-60.92519530999999
1138;SR-592/2020;-4.349323765000004;-60.92533446999999
1139;SR-592/2020;-4.349443571000005;-60.92546939
1140;SR-592/2020;-4.349562570999998;-60.92560502000001
1141;SR-592/2020;-4.349683183000006;-60.92573923
1142;SR-592/2020;-4.349802989000007;-60.92587414
1143;SR-592/2020;-4.349922794000007;-60.92600906000001
1144;SR-592/2020;-4.350042599999988;-60.92614398
1145;SR-592/2020;-4.350163212000016;-60.92627819000001
1146;SR-592/2020;-4.350282211999989;-60.92641381999999
1147;SR-592/2020;-4.35040685499999;-60.92654447
1148;SR-592/2020;-4.350521823999991;-60.92668365000001
1149;SR-592/2020;-4.350641628999991;-60.92681857
1150;SR-592/2020;-4.350760629000005;-60.92695419999999
1151;SR-592/2020;-4.350881240999993;-60.9270884
1152;SR-592/2020;-4.351001047000014;-60.92722332000001
1153;SR-592/2020;-4.351120852999994;-60.92735823999999
1154;SR-592/2020;-4.351240659000015;-60.92749316
1155;SR-592/2020;-4.351361271000003;-60.92762737000002
1156;SR-592/2020;-4.351480269999996;-60.92776300000001
1157;SR-592/2020;-4.351604912999997;-60.92789365
1158;SR-592/2020;-4.351719881999998;-60.92803283000001
1159;SR-592/2020;-4.351839688000019;-60.92816775
1160;SR-592/2020;-4.351958687000012;-60.92830338
1161;SR-592/2020;-4.352079299;-60.92843759000001
1162;SR-592/2020;-4.352199105000021;-60.92857251000002
1163;SR-592/2020;-4.352318911000001;-60.92870741999999
1164;SR-592/2020;-4.352438717000022;-60.92884234
1165;SR-592/2020;-4.35255932800001;-60.92897654999999
1166;SR-592/2020;-4.352678328000003;-60.92911218
1167;SR-592/2020;-4.352802970999985;-60.92924284000001
1168;SR-592/2020;-4.352917940000005;-60.92938201999999
1169;SR-592/2020;-4.353037744999986;-60.92951694000001
1170;SR-592/2020;-4.353156745;-60.92965256999999
1171;SR-592/2020;-4.353277356999987;-60.92978677
1172;SR-592/2020;-4.353397163000007;-60.92992169
1173;SR-592/2020;-4.353516968000008;-60.93005661000001
1174;SR-592/2020;-4.353636773999989;-60.93019153
1175;SR-592/2020;-4.353757386000017;-60.93032574
1176;SR-592/2020;-4.353876385999991;-60.93046137000001
1177;SR-592/2020;-4.354001027999992;-60.93059203000001
1178;SR-592/2020;-4.354115997000012;-60.93073121000001
1179;SR-592/2020;-4.354235808999993;-60.93086611
1180;SR-592/2020;-4.354354832000009;-60.93100171999999
1181;SR-592/2020;-4.354475467999999;-60.93113590999999
1182;SR-592/2020;-4.354595297000001;-60.93127080999999
1183;SR-592/2020;-4.354715126999984;-60.93140571000001
1184;SR-592/2020;-4.354834955999987;-60.93154061
1185;SR-592/2020;-4.354955590999996;-60.93167479000001
1186;SR-592/2020;-4.355074615000012;-60.93181040000001
1187;SR-592/2020;-4.355199279999995;-60.93194104
1188;SR-592/2020;-4.355314273999998;-60.9320802
1189;SR-592/2020;-4.355434103;-60.93221510000001
1190;SR-592/2020;-4.355553125999996;-60.93235071000002
1191;SR-592/2020;-4.355673762000006;-60.93248489999999
1192;SR-592/2020;-4.355793591000008;-60.9326198
1193;SR-592/2020;-4.355913420000011;-60.93275470000001
1194;SR-592/2020;-4.356033249999993;-60.93288959
1195;SR-592/2020;-4.356153885000003;-60.93302377999999
1196;SR-592/2020;-4.356272907999998;-60.93315939
1197;SR-592/2020;-4.356397574000002;-60.93329003
1198;SR-592/2020;-4.356512567000004;-60.93342919000001
1199;SR-592/2020;-4.356632396000006;-60.93356409000001
1200;SR-592/2020;-4.356751420000002;-60.93369970000001
1201;SR-592/2020;-4.356872054999991;-60.93383389
1202;SR-592/2020;-4.356991883999994;-60.93396878999999
1203;SR-592/2020;-4.357111714000017;-60.93410368999999
1204;SR-592/2020;-4.35723154300002;-60.93423859000001
1205;SR-592/2020;-4.357352178000009;-60.93437278
1206;SR-592/2020;-4.357471202000005;-60.93450838999999
1207;SR-592/2020;-4.357595866999988;-60.93463901999998
1208;SR-592/2020;-4.35771085999999;-60.93477819000001
1209;SR-592/2020;-4.357830690000013;-60.93491309
1210;SR-592/2020;-4.357949713000009;-60.93504870000001
1211;SR-592/2020;-4.358070348000018;-60.93518289
1212;SR-592/2020;-4.358190178000001;-60.93531778999999
1213;SR-592/2020;-4.358310007000004;-60.93545269000001
1214;SR-592/2020;-4.358429836000006;-60.93558758999999
1215;SR-592/2020;-4.358550470999996;-60.93572177
1216;SR-592/2020;-4.358669494999992;-60.93585739
1217;SR-592/2020;-4.358794159999995;-60.93598801999999
1218;SR-592/2020;-4.358909153000017;-60.93612719000001
1219;SR-592/2020;-4.359028982000019;-60.93626209000001
1220;SR-592/2020;-4.359148005999995;-60.93639769999999
1221;SR-592/2020;-4.359268641000005;-60.93653189
1222;SR-592/2020;-4.359388470000008;-60.93666679
1223;SR-592/2020;-4.35950829899999;-60.93680169000001
1224;SR-592/2020;-4.359628128999993;-60.93693659
1225;SR-592/2020;-4.359748763999982;-60.93707077999999
1226;SR-592/2020;-4.359867787000018;-60.93720639
1227;SR-592/2020;-4.359992452000001;-60.93733703000002
1228;SR-592/2020;-4.360107446000003;-60.93747619
1229;SR-592/2020;-4.360227275000006;-60.93761108999999
1230;SR-592/2020;-4.360346298000001;-60.93774669999998
1231;SR-592/2020;-4.360466932999991;-60.93788089
1232;SR-592/2020;-4.360586761999993;-60.93801579
1233;SR-592/2020;-4.360706591999977;-60.93815068999999
1234;SR-592/2020;-4.360826421000019;-60.93828558999999
1235;SR-592/2020;-4.360947055999988;-60.93841978
1236;SR-592/2020;-4.361066079000004;-60.93855540000002
1237;SR-592/2020;-4.361190744000007;-60.93868603000001
1238;SR-592/2020;-4.361305737000009;-60.93882519999999
1239;SR-592/2020;-4.361425566999992;-60.9389601
1240;SR-592/2020;-4.361544589999989;-60.93909571000001
1241;SR-592/2020;-4.361665224999998;-60.9392299
1242;SR-592/2020;-4.361785054;-60.93936479999999
1243;SR-592/2020;-4.361904883000003;-60.9394997
1244;SR-592/2020;-4.362024711999986;-60.93963460000001
1245;SR-592/2020;-4.362145348000015;-60.9397688
1246;SR-592/2020;-4.362264371000011;-60.93990441
1247;SR-592/2020;-4.362389035999994;-60.94003505000001
1248;SR-592/2020;-4.362504029000016;-60.94017421000002
1249;SR-592/2020;-4.362623857999999;-60.94030911000001
1250;SR-592/2020;-4.362742880999995;-60.94044472
1251;SR-592/2020;-4.362863516000004;-60.94057892000001
1252;SR-592/2020;-4.362983345000007;-60.94071382
1253;SR-592/2020;-4.363103174999989;-60.94084871999999
1254;SR-592/2020;-4.363223003999992;-60.94098362
1255;SR-592/2020;-4.363343639000002;-60.94111781000001
1256;SR-592/2020;-4.363462661999997;-60.94125342
1257;SR-592/2020;-4.363587327;-60.94138406
1258;SR-592/2020;-4.363702319999982;-60.94152323
1259;SR-592/2020;-4.363822148999985;-60.94165813
1260;SR-592/2020;-4.363941172000021;-60.94179374
1261;SR-592/2020;-4.36406180700001;-60.94192792999999
1262;SR-592/2020;-4.364181636000013;-60.94206284000002
1263;SR-592/2020;-4.364301465000016;-60.94219774
1264;SR-592/2020;-4.364421294000018;-60.94233263999999
1265;SR-592/2020;-4.364541930000008;-60.94246683
1266;SR-592/2020;-4.364660953000003;-60.94260245000001
1267;SR-592/2020;-4.364785618000006;-60.94273307999999
1268;SR-592/2020;-4.364900610999989;-60.94287224999999
1269;SR-592/2020;-4.365020439999991;-60.94300715
1270;SR-592/2020;-4.365139462999988;-60.94314277000001
1271;SR-592/2020;-4.365260097999997;-60.94327695999997
1272;SR-592/2020;-4.365379926999999;-60.94341186
1273;SR-592/2020;-4.365499755999982;-60.94354676
1274;SR-592/2020;-4.365619584999985;-60.94368167
1275;SR-592/2020;-4.365740219999994;-60.94381586000001
1276;SR-592/2020;-4.36585924299999;-60.94395146999999
1277;SR-592/2020;-4.365983908000013;-60.94408211
1278;SR-592/2020;-4.366098900999996;-60.94422128
1279;SR-592/2020;-4.366218730000018;-60.94435617999999
1280;SR-592/2020;-4.366337753000014;-60.94449179
1281;SR-592/2020;-4.366458388000003;-60.94462598999999
1282;SR-592/2020;-4.366578217000006;-60.94476089
1283;SR-592/2020;-4.366698046000009;-60.94489579000001
1284;SR-592/2020;-4.366817875000011;-60.94503069
1285;SR-592/2020;-4.36693851000002;-60.94516488999999
1286;SR-592/2020;-4.367057533000017;-60.94530050000001
1287;SR-592/2020;-4.367182197999999;-60.94543114
1288;SR-592/2020;-4.367297191000001;-60.94557030999999
1289;SR-592/2020;-4.367417020000004;-60.94570521
1290;SR-592/2020;-4.367536042999999;-60.94584082000001
1291;SR-592/2020;-4.367656678000009;-60.94597502
1292;SR-592/2020;-4.367776506000012;-60.94610991999999
1293;SR-592/2020;-4.367896335000014;-60.94624482
1294;SR-592/2020;-4.368016164000017;-60.94637972999999
1295;SR-592/2020;-4.368136799000006;-60.94651392000001
1296;SR-592/2020;-4.368255822000002;-60.94664954000002
1297;SR-592/2020;-4.368380487000005;-60.94678017999999
1298;SR-592/2020;-4.368495480000007;-60.94691933999999
1299;SR-592/2020;-4.36861530900001;-60.94705425000001
1300;SR-592/2020;-4.368734332000006;-60.94718986000003
1301;SR-592/2020;-4.368854966999995;-60.94732404999999
1302;SR-592/2020;-4.368974795999998;-60.94745896
1303;SR-592/2020;-4.36909462400002;-60.94759385999999
1304;SR-592/2020;-4.369214453000003;-60.94772877
1305;SR-592/2020;-4.369335088000012;-60.94786296000002
1306;SR-592/2020;-4.369454111000008;-60.94799857
1307;SR-592/2020;-4.369578775999992;-60.94812922000001
1308;SR-592/2020;-4.369693769000014;-60.94826838000001
1309;SR-592/2020;-4.369813598000016;-60.94840328999999
1310;SR-592/2020;-4.369932711;-60.94853878000001
1311;SR-592/2020;-4.370053481000021;-60.94867285
1312;SR-592/2020;-4.370173447000014;-60.94880764
1313;SR-592/2020;-4.370293413000008;-60.94894242
1314;SR-592/2020;-4.370413378000002;-60.9490772
1315;SR-592/2020;-4.370534149000003;-60.94921128000001
1316;SR-592/2020;-4.37065330999999;-60.94934677000001
1317;SR-592/2020;-4.370778107000004;-60.94947729000001
1318;SR-592/2020;-4.370893240999997;-60.94961634000001
1319;SR-592/2020;-4.371013205999992;-60.94975112000001
1320;SR-592/2020;-4.371132367;-60.94988662000001
1321;SR-592/2020;-4.37125313799998;-60.95002069000001
1322;SR-592/2020;-4.371373102999994;-60.95015548000001
1323;SR-592/2020;-4.371493068999987;-60.95029026000001
1324;SR-592/2020;-4.371613034000001;-60.95042503999999
1325;SR-592/2020;-4.371733804999982;-60.95055912000002
1326;SR-592/2020;-4.371852966000009;-60.95069460999999
1327;SR-592/2020;-4.371977762999983;-60.95082513
1328;SR-592/2020;-4.372092896999997;-60.95096417999999
1329;SR-592/2020;-4.372212861999991;-60.95109897
1330;SR-592/2020;-4.372332023000018;-60.95123445999999
1331;SR-592/2020;-4.372452792999999;-60.95136853
1332;SR-592/2020;-4.372572759000013;-60.95150332
1333;SR-592/2020;-4.372692723999987;-60.9516381
1334;SR-592/2020;-4.37281268999998;-60.95177289
1335;SR-592/2020;-4.372933461000001;-60.95190696
1336;SR-592/2020;-4.373052621000008;-60.95204246
1337;SR-592/2020;-4.373177418000003;-60.95217296999999
1338;SR-592/2020;-4.373292552000017;-60.95231203000001
1339;SR-592/2020;-4.373412518000011;-60.95244681
1340;SR-592/2020;-4.373531677999997;-60.95258230999999
1341;SR-592/2020;-4.373652448999998;-60.95271637999999
1342;SR-592/2020;-4.373772413999992;-60.95285117000001
1343;SR-592/2020;-4.373892380000006;-60.95298594999999
1344;SR-592/2020;-4.37401234500002;-60.95312074
1345;SR-592/2020;-4.374133116000001;-60.95325481
1346;SR-592/2020;-4.374252275999988;-60.95339031
1347;SR-592/2020;-4.374377074000002;-60.95352083
1348;SR-592/2020;-4.374492206999996;-60.95365988
1349;SR-592/2020;-4.37461217300001;-60.95379466
1350;SR-592/2020;-4.374731332999997;-60.95393016
1351;SR-592/2020;-4.374852104000018;-60.95406424
1352;SR-592/2020;-4.374972068999991;-60.95419902
1353;SR-592/2020;-4.375092034000005;-60.95433381
1354;SR-592/2020;-4.375211999999999;-60.95446858999999
1355;SR-592/2020;-4.375332770999981;-60.95460267000001
1356;SR-592/2020;-4.375451930999987;-60.95473816000002
1357;SR-592/2020;-4.375576728000001;-60.95486868000001
1358;SR-592/2020;-4.375691861999995;-60.95500773000001
1359;SR-592/2020;-4.375811827000009;-60.95514252000001
1360;SR-592/2020;-4.375930986999997;-60.95527802000001
1361;SR-592/2020;-4.376051757999997;-60.95541209000001
1362;SR-592/2020;-4.376171722999991;-60.95554687999999
1363;SR-592/2020;-4.376291689000005;-60.95568166000001
1364;SR-592/2020;-4.376411654000019;-60.95581644999999
1365;SR-592/2020;-4.376532424999999;-60.95595051999999
1366;SR-592/2020;-4.376651584999987;-60.95608602
1367;SR-592/2020;-4.376776382000001;-60.95621654000001
1368;SR-592/2020;-4.376891515999994;-60.95635559
1369;SR-592/2020;-4.377011481000008;-60.95649037999998
1370;SR-592/2020;-4.377130641000015;-60.95662587999998
1371;SR-592/2020;-4.377251411999996;-60.95675994999997
1372;SR-592/2020;-4.37737137700001;-60.95689474
1373;SR-592/2020;-4.377491343000004;-60.95702953000001
1374;SR-592/2020;-4.377611308000018;-60.95716430999999
1375;SR-592/2020;-4.377732078999998;-60.95729839000001
1376;SR-592/2020;-4.377851238999986;-60.95743389000001
1377;SR-592/2020;-4.377976036;-60.95756440000001
1378;SR-592/2020;-4.378091168999994;-60.95770346000001
1379;SR-592/2020;-4.378211134999987;-60.95783825000002
1380;SR-592/2020;-4.378330295000015;-60.95797373999999
1381;SR-592/2020;-4.378451065000015;-60.95810782000002
1382;SR-592/2020;-4.378571031000009;-60.95824261
1383;SR-592/2020;-4.378690995999984;-60.95837739000002
1384;SR-592/2020;-4.378810960999997;-60.95851218
1385;SR-592/2020;-4.378931732000018;-60.95864626
1386;SR-592/2020;-4.379050892000005;-60.95878175
1387;SR-592/2020;-4.379175688999998;-60.95891226999999
1388;SR-592/2020;-4.379290822999993;-60.95905132999999
1389;SR-592/2020;-4.379410788000007;-60.95918612000002
1390;SR-592/2020;-4.379529947999994;-60.95932161
1391;SR-592/2020;-4.379650717999994;-60.95945569000001
1392;SR-592/2020;-4.379770683999988;-60.95959048000001
1393;SR-592/2020;-4.379890649000002;-60.95972525999999
1394;SR-592/2020;-4.380010614000016;-60.95986005000001
1395;SR-592/2020;-4.380131384999997;-60.95999413
1396;SR-592/2020;-4.380250545000004;-60.96012963
1397;SR-592/2020;-4.380375341999998;-60.96026015
1398;SR-592/2020;-4.380490474999991;-60.9603992
1399;SR-592/2020;-4.380610440999986;-60.96053399
1400;SR-592/2020;-4.380729599999993;-60.96066949
1401;SR-592/2020;-4.380850371000014;-60.96080357
1402;SR-592/2020;-4.380970335999987;-60.96093834999999
1403;SR-592/2020;-4.381090301000001;-60.96107314
1404;SR-592/2020;-4.381210266999995;-60.96120793000001
1405;SR-592/2020;-4.381331036999995;-60.96134201000001
1406;SR-592/2020;-4.381450196999984;-60.96147750000001
1407;SR-592/2020;-4.381574993999998;-60.96160801999999
1408;SR-592/2020;-4.381690128000011;-60.96174708000001
1409;SR-592/2020;-4.381810093000005;-60.96188186999999
1410;SR-592/2020;-4.381929253000012;-60.96201736999999
1411;SR-592/2020;-4.382050023000012;-60.96215144999999
1412;SR-592/2020;-4.382169987999987;-60.96228623
1413;SR-592/2020;-4.382289953000001;-60.96242101999999
1414;SR-592/2020;-4.382409918999994;-60.96255581
1415;SR-592/2020;-4.382530688999995;-60.96268989
1416;SR-592/2020;-4.382649848999982;-60.96282539
1417;SR-592/2020;-4.382774645999996;-60.96295591000001
1418;SR-592/2020;-4.38288977900001;-60.96309496000001
1419;SR-592/2020;-4.383009743999984;-60.96322975
1420;SR-592/2020;-4.383128903999991;-60.96336525
1421;SR-592/2020;-4.383249675000012;-60.96349932999999
1422;SR-592/2020;-4.383369640000005;-60.96363411999999
1423;SR-592/2020;-4.383489604999999;-60.96376890999999
1424;SR-592/2020;-4.383609570000013;-60.96390370000001
1425;SR-592/2020;-4.383730340999994;-60.96403777
1426;SR-592/2020;-4.383849500000001;-60.96417327
1427;SR-592/2020;-4.383974297999995;-60.96430379
1428;SR-592/2020;-4.384089431000008;-60.96444285
1429;SR-592/2020;-4.384209395999983;-60.96457764
1430;SR-592/2020;-4.38432855600001;-60.96471314
1431;SR-592/2020;-4.384449326000011;-60.96484722
1432;SR-592/2020;-4.384569290999984;-60.96498201000001
1433;SR-592/2020;-4.384689255999998;-60.9651168
1434;SR-592/2020;-4.384809221000012;-60.96525159000001
1435;SR-592/2020;-4.384929991999993;-60.96538566000001
1436;SR-592/2020;-4.385049151;-60.96552116000001
1437;SR-592/2020;-4.385173947999994;-60.96565169
1438;SR-592/2020;-4.385289081999987;-60.96579074000001
1439;SR-592/2020;-4.385409047000001;-60.96592552999999
1440;SR-592/2020;-4.385528206000009;-60.96606102999999
1441;SR-592/2020;-4.38564897699999;-60.96619510999999
1442;SR-592/2020;-4.385768942000004;-60.9663299
1443;SR-592/2020;-4.385888907000018;-60.96646469
1444;SR-592/2020;-4.386008871999991;-60.96659948
1445;SR-592/2020;-4.386129642000012;-60.96673356
1446;SR-592/2020;-4.386248802000019;-60.96686905999999
1447;SR-592/2020;-4.386373598999993;-60.96699957999999
1448;SR-592/2020;-4.386488732000007;-60.96713864000001
1449;SR-592/2020;-4.38660869699998;-60.96727343000001
1450;SR-592/2020;-4.386727857000007;-60.96740893000001
1451;SR-592/2020;-4.386848627000008;-60.96754300999999
1452;SR-592/2020;-4.386968591999983;-60.96767779999999
1453;SR-592/2020;-4.387088556999997;-60.96781258999999
1454;SR-592/2020;-4.387208522000011;-60.96794738
1455;SR-592/2020;-4.387329292000011;-60.96808146
1456;SR-592/2020;-4.387448451999997;-60.96821696
1457;SR-592/2020;-4.387573249000011;-60.96834748000002
1458;SR-592/2020;-4.387688381999986;-60.96848654
1459;SR-592/2020;-4.387808347;-60.96862132999998
1460;SR-592/2020;-4.387927506000007;-60.96875682999998
1461;SR-592/2020;-4.388048276999987;-60.96889091000001
1462;SR-592/2020;-4.388168242000001;-60.96902570000001
1463;SR-592/2020;-4.388288206999995;-60.96916049000001
1464;SR-592/2020;-4.388408171999989;-60.96929527999999
1465;SR-592/2020;-4.38852894199999;-60.96942935999999
1466;SR-592/2020;-4.388648101999997;-60.96956485999999
1467;SR-592/2020;-4.388772898000011;-60.96969539000001
1468;SR-592/2020;-4.388888030999984;-60.96983445
1469;SR-592/2020;-4.389007995999998;-60.96996924
1470;SR-592/2020;-4.389127156000006;-60.97010474
1471;SR-592/2020;-4.389247925999986;-60.97023881999998
1472;SR-592/2020;-4.389367891;-60.97037361
1473;SR-592/2020;-4.389487855999993;-60.97050840000001
1474;SR-592/2020;-4.389607821000007;-60.97064319
1475;SR-592/2020;-4.389728590999988;-60.97077726999999
1476;SR-592/2020;-4.389847750999996;-60.97091276999999
1477;SR-592/2020;-4.38997254700001;-60.9710433
1478;SR-592/2020;-4.390087680000003;-60.97118235999999
1479;SR-592/2020;-4.390207644999997;-60.97131715
1480;SR-592/2020;-4.390326805000004;-60.97145265
1481;SR-592/2020;-4.390447575000005;-60.97158673
1482;SR-592/2020;-4.390567539999999;-60.97172152
1483;SR-592/2020;-4.390687504999993;-60.97185631
1484;SR-592/2020;-4.390807470000007;-60.97199109999999
1485;SR-592/2020;-4.390928239999987;-60.97212518000001
1486;SR-592/2020;-4.391047398999994;-60.97226069000001
1487;SR-592/2020;-4.391172196000008;-60.97239121
1488;SR-592/2020;-4.391287329000003;-60.97253026999999
1489;SR-592/2020;-4.391407293999996;-60.97266505999999
1490;SR-592/2020;-4.391526453000003;-60.97280057000001
1491;SR-592/2020;-4.391647223000003;-60.97293464999999
1492;SR-592/2020;-4.391767187999998;-60.97306944
1493;SR-592/2020;-4.391887152999992;-60.97320423
1494;SR-592/2020;-4.392007118000006;-60.97333902
1495;SR-592/2020;-4.392127888000006;-60.9734731
1496;SR-592/2020;-4.392247047000013;-60.97360861
1497;SR-592/2020;-4.392371843999987;-60.97373912999999
1498;SR-592/2020;-4.392486977000001;-60.97387818999999
1499;SR-592/2020;-4.392606941999995;-60.97401298
1500;SR-592/2020;-4.392726101000002;-60.97414849000001
1501;SR-592/2020;-4.392846870999982;-60.97428256999999
1502;SR-592/2020;-4.392966835999996;-60.97441735999999
1503;SR-592/2020;-4.39308680100001;-60.97455214999999
1504;SR-592/2020;-4.393206765999984;-60.97468694
1505;SR-592/2020;-4.393327535999985;-60.97482102
1506;SR-592/2020;-4.393446694999992;-60.97495653
1507;SR-592/2020;-4.393571492000006;-60.97508705000002
1508;SR-592/2020;-4.393686623999999;-60.97522611
1509;SR-592/2020;-4.393806589000013;-60.97536091000001
1510;SR-592/2020;-4.393925749000001;-60.97549641000001
1511;SR-592/2020;-4.394046519000002;-60.97563049000001
1512;SR-592/2020;-4.394166482999995;-60.97576527999999
1513;SR-592/2020;-4.394286448000009;-60.97590008000001
1514;SR-592/2020;-4.394406413000023;-60.97603487000001
1515;SR-592/2020;-4.394527183000003;-60.97616894999999
1516;SR-592/2020;-4.394646341999991;-60.97630445999999
1517;SR-592/2020;-4.394771139000005;-60.97643497999999
1518;SR-592/2020;-4.394886271999998;-60.97657404
1519;SR-592/2020;-4.395006235999992;-60.97670884
1520;SR-592/2020;-4.395125395999999;-60.97684434
1521;SR-592/2020;-4.395246166;-60.97697841999999
1522;SR-592/2020;-4.395366130000014;-60.97711321000002
1523;SR-592/2020;-4.395486094999987;-60.97724800999999
1524;SR-592/2020;-4.395606060000001;-60.97738280000001
1525;SR-592/2020;-4.395726830000002;-60.97751688
1526;SR-592/2020;-4.395845989000009;-60.97765239
1527;SR-592/2020;-4.395970785999983;-60.97778291
1528;SR-592/2020;-4.396085918000017;-60.97792198
1529;SR-592/2020;-4.396205882999991;-60.97805677
1530;SR-592/2020;-4.396325041999997;-60.97819227
1531;SR-592/2020;-4.396445811999998;-60.97832636
1532;SR-592/2020;-4.396565777000012;-60.97846115000001
1533;SR-592/2020;-4.396685741000006;-60.97859593999998
1534;SR-592/2020;-4.396805706;-60.97873074000001
1535;SR-592/2020;-4.396926476000001;-60.97886481999999
1536;SR-592/2020;-4.397045635000008;-60.97900031999999
1537;SR-592/2020;-4.397170432000001;-60.97913084999998
1538;SR-592/2020;-4.397285563999995;-60.97926991
1539;SR-592/2020;-4.39740552899999;-60.97940471
1540;SR-592/2020;-4.397524687999996;-60.97954021000002
1541;SR-592/2020;-4.397645457999997;-60.97967429
1542;SR-592/2020;-4.397765423000011;-60.97980909
1543;SR-592/2020;-4.397885387000004;-60.97994388000001
1544;SR-592/2020;-4.398005352000018;-60.98007867999998
1545;SR-592/2020;-4.398126121999999;-60.98021276000001
1546;SR-592/2020;-4.398245280999986;-60.98034827000001
1547;SR-592/2020;-4.398370077;-60.98047879
1548;SR-592/2020;-4.398485209999993;-60.98061784999999
1549;SR-592/2020;-4.398605054999997;-60.98075282999999
1550;SR-592/2020;-4.398723980000005;-60.98088853999999
1551;SR-592/2020;-4.398844518999987;-60.98102283000001
1552;SR-592/2020;-4.398964250000001;-60.98115783000001
1553;SR-592/2020;-4.399083982000016;-60.98129283000001
1554;SR-592/2020;-4.399203714000011;-60.98142783000001
1555;SR-592/2020;-4.399324252000012;-60.98156212000001
1556;SR-592/2020;-4.399443177;-60.98169783
1557;SR-592/2020;-4.399567748000015;-60.98182857000001
1558;SR-592/2020;-4.399682640999989;-60.98196783
1559;SR-592/2020;-4.399802372000003;-60.98210283
1560;SR-592/2020;-4.399921296999992;-60.98223854
1561;SR-592/2020;-4.400041834999993;-60.98237283
1562;SR-592/2020;-4.400161567000007;-60.98250783000001
1563;SR-592/2020;-4.400281299000001;-60.98264283
1564;SR-592/2020;-4.400401030000016;-60.98277783
1565;SR-592/2020;-4.400521568999998;-60.98291212000002
1566;SR-592/2020;-4.400640493999985;-60.98304783000001
1567;SR-592/2020;-4.400765065000001;-60.98317857
1568;SR-592/2020;-4.400879956999995;-60.98331783000001
1569;SR-592/2020;-4.40099968900001;-60.98345283000001
1570;SR-592/2020;-4.401118614000017;-60.98358854000001
1571;SR-592/2020;-4.401239151999978;-60.98372284000002
1572;SR-592/2020;-4.401358882999993;-60.98385784000001
1573;SR-592/2020;-4.401478615000007;-60.98399284000001
1574;SR-592/2020;-4.401598347000002;-60.98412784000001
1575;SR-592/2020;-4.401718885000003;-60.98426212999998
1576;SR-592/2020;-4.401837809999991;-60.98439784
1577;SR-592/2020;-4.401962381000006;-60.98452858000001
1578;SR-592/2020;-4.402077273;-60.98466784
1579;SR-592/2020;-4.402197003999994;-60.98480284
1580;SR-592/2020;-4.402315929000002;-60.98493855000002
1581;SR-592/2020;-4.402436467000004;-60.98507284999999
1582;SR-592/2020;-4.402556198999998;-60.98520784999999
1583;SR-592/2020;-4.402675931000013;-60.98534284999999
1584;SR-592/2020;-4.402795661999988;-60.98547785
1585;SR-592/2020;-4.402916199999989;-60.98561213999999
1586;SR-592/2020;-4.403035124999997;-60.98574784999999
1587;SR-592/2020;-4.403159695999992;-60.98587859
1588;SR-592/2020;-4.403274587999986;-60.98601786000001
1589;SR-592/2020;-4.403394319999981;-60.98615286000001
1590;SR-592/2020;-4.403513245000008;-60.98628857000001
1591;SR-592/2020;-4.403633783000009;-60.98642286
1592;SR-592/2020;-4.403753513999984;-60.98655786
1593;SR-592/2020;-4.403873245999998;-60.98669286000001
1594;SR-592/2020;-4.403992976999993;-60.98682787000001
1595;SR-592/2020;-4.404113515000015;-60.98696215999998
1596;SR-592/2020;-4.404232439999982;-60.98709787
1597;SR-592/2020;-4.404357010999997;-60.98722861000001
1598;SR-592/2020;-4.404471902999991;-60.98736787
1599;SR-592/2020;-4.404591635000006;-60.98750288
1600;SR-592/2020;-4.404710558999994;-60.98763859000001
1601;SR-592/2020;-4.404831096999995;-60.98777287999999
1602;SR-592/2020;-4.404950829000009;-60.98790787999999
1603;SR-592/2020;-4.405070560000004;-60.98804287999999
1604;SR-592/2020;-4.405190291999979;-60.98817789
1605;SR-592/2020;-4.405310829999999;-60.98831218000002
1606;SR-592/2020;-4.405429755000007;-60.98844789000001
1607;SR-592/2020;-4.405554325000002;-60.98857863
1608;SR-592/2020;-4.405669216999996;-60.98871789999999
1609;SR-592/2020;-4.405788948999991;-60.98885289999999
1610;SR-592/2020;-4.405907873999999;-60.98898861000001
1611;SR-592/2020;-4.406028412000021;-60.98912290000001
1612;SR-592/2020;-4.406148142999995;-60.98925790999998
1613;SR-592/2020;-4.40626787400001;-60.98939291
1614;SR-592/2020;-4.406387606000004;-60.98952790999999
1615;SR-592/2020;-4.406508143999986;-60.98966220000001
1616;SR-592/2020;-4.406627068999994;-60.98979792
1617;SR-592/2020;-4.406751638999989;-60.98992866000001
1618;SR-592/2020;-4.406866530999983;-60.99006792
1619;SR-592/2020;-4.406986262999997;-60.99020293
1620;SR-592/2020;-4.407105187000004;-60.99033864
1621;SR-592/2020;-4.407225724999986;-60.99047293000002
1622;SR-592/2020;-4.407345457;-60.99060793000002
1623;SR-592/2020;-4.407465187999994;-60.99074294
1624;SR-592/2020;-4.407584918999989;-60.99087794
1625;SR-592/2020;-4.407705456999991;-60.99101223000001
1626;SR-592/2020;-4.407824381999998;-60.99114795
1627;SR-592/2020;-4.407948952999994;-60.99127869
1628;SR-592/2020;-4.408063844999988;-60.99141794999999
1629;SR-592/2020;-4.408183576000003;-60.99155296
1630;SR-592/2020;-4.40830250100001;-60.99168867000001
1631;SR-592/2020;-4.408423039000011;-60.99182296000001
1632;SR-592/2020;-4.408542770000006;-60.99195797000001
1633;SR-592/2020;-4.408662501;-60.99209297000001
1634;SR-592/2020;-4.408782231999995;-60.99222797999999
1635;SR-592/2020;-4.408902769999996;-60.99236227000001
1636;SR-592/2020;-4.409021695000003;-60.99249797999999
1637;SR-592/2020;-4.409146265999999;-60.99262873000001
1638;SR-592/2020;-4.409261157999993;-60.99276799
1639;SR-592/2020;-4.409380889000007;-60.99290299
1640;SR-592/2020;-4.409499812999995;-60.99303871
1641;SR-592/2020;-4.409620350999996;-60.99317300000001
1642;SR-592/2020;-4.409740083000012;-60.99330801
1643;SR-592/2020;-4.409859813999986;-60.99344301
1644;SR-592/2020;-4.409979545000001;-60.99357801
1645;SR-592/2020;-4.410100083000001;-60.99371231
1646;SR-592/2020;-4.41021900699999;-60.99384802
1647;SR-592/2020;-4.410343578000004;-60.99397877000001
1648;SR-592/2020;-4.410458470000018;-60.99411803000002
1649;SR-592/2020;-4.410578200999993;-60.99425304
1650;SR-592/2020;-4.410697126000001;-60.99438874999999
1651;SR-592/2020;-4.410817662999982;-60.99452304
1652;SR-592/2020;-4.410937394999996;-60.99465805
1653;SR-592/2020;-4.411057126000011;-60.99479304999999
1654;SR-592/2020;-4.411176856999985;-60.99492806000001
1655;SR-592/2020;-4.411297394999987;-60.99506234999999
1656;SR-592/2020;-4.411416319000015;-60.99519806999998
1657;SR-592/2020;-4.41154088999999;-60.99532881
1658;SR-592/2020;-4.411655782000004;-60.99546807999999
1659;SR-592/2020;-4.411775513000018;-60.99560307999999
1660;SR-592/2020;-4.411894437000006;-60.99573880000001
1661;SR-592/2020;-4.412014975000007;-60.99587309000001
1662;SR-592/2020;-4.412134705999982;-60.99600809999999
1663;SR-592/2020;-4.412254436999996;-60.9961431
1664;SR-592/2020;-4.412374339000005;-60.99627787000001
1665;SR-592/2020;-4.412495129999987;-60.99641194000001
1666;SR-592/2020;-4.412614310000016;-60.99654744000001
1667;SR-592/2020;-4.412739127000012;-60.99667795
1668;SR-592/2020;-4.412854280999987;-60.99681699999999
1669;SR-592/2020;-4.412974265999983;-60.99695178000001
1670;SR-592/2020;-4.413093446000012;-60.99708727000001
1671;SR-592/2020;-4.413214237000014;-60.99722134000001
1672;SR-592/2020;-4.413334222000009;-60.99735612000001
1673;SR-592/2020;-4.413454207999985;-60.9974909
1674;SR-592/2020;-4.413574192999981;-60.99762567999999
1675;SR-592/2020;-4.413694983000003;-60.99775974999999
1676;SR-592/2020;-4.413814163999992;-60.99789525
1677;SR-592/2020;-4.413938980000007;-60.99802575999998
1678;SR-592/2020;-4.414054134000002;-60.99816481
1679;SR-592/2020;-4.414174118999998;-60.99829958999999
1680;SR-592/2020;-4.414293299000008;-60.99843508
1681;SR-592/2020;-4.41441409000001;-60.99856915
1682;SR-592/2020;-4.414534075000005;-60.99870394
1683;SR-592/2020;-4.414654061;-60.99883872
1684;SR-592/2020;-4.414774045999996;-60.99897350000001
1685;SR-592/2020;-4.414894835999998;-60.99910757000001
1686;SR-592/2020;-4.415014015999987;-60.99924305999999
1687;SR-592/2020;-4.415138833000023;-60.99937357000001
1688;SR-592/2020;-4.415253986999998;-60.99951263000001
1689;SR-592/2020;-4.415373971999994;-60.99964740999999
1690;SR-592/2020;-4.415493152000003;-60.99978290000001
1691;SR-592/2020;-4.415613943000006;-60.99991697000001
1692;SR-592/2020;-4.415733928000001;-61.00005174999999
1693;SR-592/2020;-4.415853913000016;-61.00018654000001
1694;SR-592/2020;-4.415973898000011;-61.00032131999999
1695;SR-592/2020;-4.416094689000014;-61.00045538999999
1696;SR-592/2020;-4.416213868999983;-61.00059088000001
1697;SR-592/2020;-4.416338685999999;-61.0007214
1698;SR-592/2020;-4.416453839000014;-61.00086045000001
1699;SR-592/2020;-4.416573824000009;-61.00099522999999
1700;SR-592/2020;-4.416693003999999;-61.00113071999999
1701;SR-592/2020;-4.416813795000001;-61.00126478999999
1702;SR-592/2020;-4.416933779999996;-61.00139958
1703;SR-592/2020;-4.417053764999991;-61.00153436
1704;SR-592/2020;-4.417173749999987;-61.00166914
1705;SR-592/2020;-4.41729454099999;-61.00180321
1706;SR-592/2020;-4.417413720999999;-61.00193870999998
1707;SR-592/2020;-4.417538537000015;-61.00206922000001
1708;SR-592/2020;-4.417653690999989;-61.00220826999999
1709;SR-592/2020;-4.417772197000003;-61.00234485999998
1710;SR-592/2020;-4.417889774999999;-61.00248173000001
1711;SR-592/2020;-4.41800897900001;-61.00261721
1712;SR-592/2020;-4.418127370000013;-61.00275338
1713;SR-592/2020;-4.418245761000017;-61.00288956
1714;SR-592/2020;-4.418364423000023;-61.00302525999999
1715;SR-592/2020;-4.418484355999994;-61.0031601
1716;SR-592/2020;-4.418602668999991;-61.00329633999998
1717;SR-592/2020;-4.418726650999978;-61.00342764999999
1718;SR-592/2020;-4.418840916;-61.00356741999999
1719;SR-592/2020;-4.418960039000003;-61.00370295999999
1720;SR-592/2020;-4.419078351999981;-61.00383921
1721;SR-592/2020;-4.419198284999992;-61.00397404
1722;SR-592/2020;-4.419317408999996;-61.00410958000001
1723;SR-592/2020;-4.419436343000005;-61.00424541000001
1724;SR-592/2020;-4.419555074999996;-61.00438129
1725;SR-592/2020;-4.419674618999996;-61.00451647
1726;SR-592/2020;-4.419792539000021;-61.00465305000001
1727;SR-592/2020;-4.419916142999996;-61.00478470999999
1728;SR-592/2020;-4.420030004000004;-61.00492481999999
1729;SR-592/2020;-4.420147293999996;-61.00506254
1730;SR-592/2020;-4.420263242999997;-61.00520079
1731;SR-592/2020;-4.420380946000004;-61.00533665999999
1732;SR-592/2020;-4.42050057599999;-61.00547176
1733;SR-592/2020;-4.420620205999997;-61.00560686000001
1734;SR-592/2020;-4.420739837000022;-61.00574194999999
1735;SR-592/2020;-4.420860274000016;-61.00587634
1736;SR-592/2020;-4.420979096999995;-61.00601215000001
1737;SR-592/2020;-4.421103570000023;-61.00614299
1738;SR-592/2020;-4.421218356999987;-61.00628234
1739;SR-592/2020;-4.421337988000014;-61.00641744000001
1740;SR-592/2020;-4.421456811000013;-61.00655324
1741;SR-592/2020;-4.421577248000006;-61.00668763
1742;SR-592/2020;-4.421696878000012;-61.00682273000001
1743;SR-592/2020;-4.421815973999994;-61.00695855000001
1744;SR-592/2020;-4.421934807000014;-61.00709434
1745;SR-592/2020;-4.422054452000001;-61.00722942999999
1746;SR-592/2020;-4.422172474000014;-61.00736592999999
1747;SR-592/2020;-4.422296174999978;-61.00749748999998
1748;SR-592/2020;-4.422410140000014;-61.00763751
1749;SR-592/2020;-4.422528973999995;-61.00777331
1750;SR-592/2020;-4.422646995999989;-61.00790982000001
1751;SR-592/2020;-4.422766601999992;-61.00804494
1752;SR-592/2020;-4.422885396999989;-61.00818077
1753;SR-592/2020;-4.423004192000006;-61.00831658999999
1754;SR-592/2020;-4.423122987000003;-61.00845242
1755;SR-592/2020;-4.423242593000007;-61.00858754000001
1756;SR-592/2020;-4.423360577000017;-61.00872408000001
1757;SR-592/2020;-4.423484241000017;-61.00885568000001
1758;SR-592/2020;-4.423597895000009;-61.00899617
1759;SR-592/2020;-4.423716046999992;-61.00913255
1760;SR-592/2020;-4.423833384999989;-61.00926963000001
1761;SR-592/2020;-4.42395235199998;-61.00940532000001
1762;SR-592/2020;-4.424070504000004;-61.0095417
1763;SR-592/2020;-4.424188657000007;-61.00967807999999
1764;SR-592/2020;-4.424306808999992;-61.00981446
1765;SR-592/2020;-4.424425775999983;-61.00995015
1766;SR-592/2020;-4.424543112999999;-61.01008723000001
1767;SR-592/2020;-4.42466352799999;-61.01022455999999
1768;SR-592/2020;-4.42476810700001;-61.01037167
1769;SR-592/2020;-4.424877818999995;-61.01051488
1770;SR-592/2020;-4.424986675000008;-61.01065874
1771;SR-592/2020;-4.425097243000005;-61.0108013
1772;SR-592/2020;-4.42520695499999;-61.01094452
1773;SR-592/2020;-4.425316666999994;-61.01108773
1774;SR-592/2020;-4.42542637899998;-61.01123094
1775;SR-592/2020;-4.425536945999995;-61.01137349999998
1776;SR-592/2020;-4.425645668999998;-61.01151755999998
1777;SR-592/2020;-4.425760191000001;-61.01165713000001
1778;SR-592/2020;-4.425864428000013;-61.01180448
1779;SR-592/2020;-4.42597380800001;-61.01194795000001
1780;SR-592/2020;-4.426082330999996;-61.01209206000001
1781;SR-592/2020;-4.426192568000005;-61.01223487999999
1782;SR-592/2020;-4.426301948000003;-61.01237833999999
1783;SR-592/2020;-4.426411327999999;-61.01252180000001
1784;SR-592/2020;-4.426520707000017;-61.01266526999999
1785;SR-592/2020;-4.426630944000005;-61.01280808
1786;SR-592/2020;-4.426740676000012;-61.01295066
1787;SR-592/2020;-4.426857243000004;-61.01308854
1788;SR-592/2020;-4.426963639999995;-61.01323436
1789;SR-592/2020;-4.427075121999986;-61.01337620999998
1790;SR-592/2020;-4.427185756999988;-61.01351872
1791;SR-592/2020;-4.427298086999989;-61.01365989999999
1792;SR-592/2020;-4.427409569;-61.01380175
1793;SR-592/2020;-4.427519045999986;-61.01394580000001
1794;SR-592/2020;-4.427628217999986;-61.01408942
1795;SR-592/2020;-4.427738247000017;-61.0142324
1796;SR-592/2020;-4.427846560999987;-61.01437666999998
1797;SR-592/2020;-4.427960880999993;-61.0145164
1798;SR-592/2020;-4.428064903999987;-61.01466390999999
1799;SR-592/2020;-4.428174074999987;-61.01480753000001
1800;SR-592/2020;-4.428282388999996;-61.01495180000001
1801;SR-592/2020;-4.428392417999987;-61.01509477999999
1802;SR-592/2020;-4.428501595999988;-61.01523839
1803;SR-592/2020;-4.428610791000009;-61.01538199000002
1804;SR-592/2020;-4.428719986999992;-61.01552559
1805;SR-592/2020;-4.428830040000005;-61.01566855
1806;SR-592/2020;-4.428938377000016;-61.01581279999998
1807;SR-592/2020;-4.429052719999984;-61.01595252
1808;SR-592/2020;-4.429156767;-61.01610001000001
1809;SR-592/2020;-4.429265961999982;-61.01624362
1810;SR-592/2020;-4.429374298999993;-61.01638787
1811;SR-592/2020;-4.429484352000006;-61.01653082
1812;SR-592/2020;-4.429593546999988;-61.01667442999999
1813;SR-592/2020;-4.42970274199999;-61.01681802999999
1814;SR-592/2020;-4.429811937000013;-61.01696164
1815;SR-592/2020;-4.429921990000006;-61.01710460000002
1816;SR-592/2020;-4.430030326999996;-61.01724885
1817;SR-592/2020;-4.430144670000004;-61.01738857000001
1818;SR-592/2020;-4.430248717000021;-61.01753605999999
1819;SR-592/2020;-4.430357912000003;-61.01767965999999
1820;SR-592/2020;-4.43046645800001;-61.01782356999999
1821;SR-592/2020;-4.430577177999999;-61.01796602000001
1822;SR-592/2020;-4.430687042999997;-61.01810911
1823;SR-592/2020;-4.430796907999994;-61.01825221000001
1824;SR-592/2020;-4.430906773000012;-61.01839531
1825;SR-592/2020;-4.43101749300002;-61.01853775000001
1826;SR-592/2020;-4.431126503000007;-61.01868149999999
1827;SR-592/2020;-4.43124149799999;-61.01882069
1828;SR-592/2020;-4.431346233000002;-61.01896769999999
1829;SR-592/2020;-4.431456098000019;-61.01911079
1830;SR-592/2020;-4.431565108999987;-61.01925453999998
1831;SR-592/2020;-4.431675828000015;-61.01939698999998
1832;SR-592/2020;-4.431785692999992;-61.01954007999999
1833;SR-592/2020;-4.43189555800001;-61.01968318
1834;SR-592/2020;-4.432005422999987;-61.01982627999999
1835;SR-592/2020;-4.432116147999996;-61.01996883000001
1836;SR-592/2020;-4.43222477300001;-61.02011287
1837;SR-592/2020;-4.432339394000002;-61.02025235999999
1838;SR-592/2020;-4.432443736000002;-61.02039965000001
1839;SR-592/2020;-4.432553218000008;-61.02054304
1840;SR-592/2020;-4.432661841999983;-61.02068708000001
1841;SR-592/2020;-4.43277218;-61.02082982000001
1842;SR-592/2020;-4.432881662000005;-61.02097321
1843;SR-592/2020;-4.432991143000011;-61.02111659
1844;SR-592/2020;-4.433100625000018;-61.02125997999999
1845;SR-592/2020;-4.433210962999993;-61.02140271999999
1846;SR-592/2020;-4.433319587000009;-61.02154676000001
1847;SR-592/2020;-4.43343420900002;-61.02168625999999
1848;SR-592/2020;-4.43353855;-61.02183354
1849;SR-592/2020;-4.433648032000006;-61.02197692999999
1850;SR-592/2020;-4.433756656000021;-61.02212097
1851;SR-592/2020;-4.433866993999997;-61.02226371
1852;SR-592/2020;-4.433976476000003;-61.02240710000002
1853;SR-592/2020;-4.43408595700001;-61.02255048999999
1854;SR-592/2020;-4.434195437999994;-61.02269387999998
1855;SR-592/2020;-4.434305776000011;-61.02283661999999
1856;SR-592/2020;-4.434414401000007;-61.02298065999999
1857;SR-592/2020;-4.434529021999998;-61.02312014999999
1858;SR-592/2020;-4.434633362999998;-61.02326744
1859;SR-592/2020;-4.434742844999984;-61.02341083
1860;SR-592/2020;-4.434851468999998;-61.02355487
1861;SR-592/2020;-4.434961807000015;-61.02369761
1862;SR-592/2020;-4.435071287999981;-61.02384100000001
1863;SR-592/2020;-4.435180769999986;-61.02398439000001
1864;SR-592/2020;-4.435290250999993;-61.02412778
1865;SR-592/2020;-4.435400589000009;-61.02427052
1866;SR-592/2020;-4.435509212999984;-61.02441455999999
1867;SR-592/2020;-4.435623834000015;-61.02455405
1868;SR-592/2020;-4.435728175999996;-61.02470134000001
1869;SR-592/2020;-4.435837657000001;-61.02484472999999
1870;SR-592/2020;-4.435946280999977;-61.02498877
1871;SR-592/2020;-4.436056618999993;-61.02513150999999
1872;SR-592/2020;-4.436166099999999;-61.02527489999999
1873;SR-592/2020;-4.436275580999984;-61.02541829
1874;SR-592/2020;-4.436385062999991;-61.02556168000002
1875;SR-592/2020;-4.436495400000007;-61.02570442
1876;SR-592/2020;-4.436604025000001;-61.02584845999998
1877;SR-592/2020;-4.436718645999993;-61.02598796000002
1878;SR-592/2020;-4.436822986999993;-61.02613525000001
1879;SR-592/2020;-4.436932468000019;-61.02627864000001
1880;SR-592/2020;-4.437041093000014;-61.02642268
1881;SR-592/2020;-4.43715142999999;-61.02656542
1882;SR-592/2020;-4.437260911000016;-61.02670881000001
1883;SR-592/2020;-4.437370391999982;-61.0268522
1884;SR-592/2020;-4.437479873000008;-61.02699559
1885;SR-592/2020;-4.437590210999984;-61.02713832999999
1886;SR-592/2020;-4.437698834999999;-61.02728237
1887;SR-592/2020;-4.43781345599999;-61.02742186999999
1888;SR-592/2020;-4.437917797000011;-61.02756915999999
1889;SR-592/2020;-4.438027277999996;-61.02771254999998
1890;SR-592/2020;-4.438135902999991;-61.02785658999999
1891;SR-592/2020;-4.438246240000008;-61.02799932999999
1892;SR-592/2020;-4.438355720999994;-61.02814272000001
1893;SR-592/2020;-4.438465202;-61.02828611000002
1894;SR-592/2020;-4.438574683000005;-61.02842951
1895;SR-592/2020;-4.438685021000001;-61.02857225
1896;SR-592/2020;-4.438793644999997;-61.02871629
1897;SR-592/2020;-4.438908266000007;-61.02885578999999
1898;SR-592/2020;-4.439012606999988;-61.02900307000001
1899;SR-592/2020;-4.439122088000014;-61.02914647
1900;SR-592/2020;-4.439230712000009;-61.02929051000001
1901;SR-592/2020;-4.439341050000005;-61.02943324999999
1902;SR-592/2020;-4.439450529999991;-61.02957664
1903;SR-592/2020;-4.439560010999997;-61.02972002999999
1904;SR-592/2020;-4.439669492000002;-61.02986343000001
1905;SR-592/2020;-4.439779829999999;-61.03000617000001
1906;SR-592/2020;-4.439888453999994;-61.03015021
1907;SR-592/2020;-4.440003074999986;-61.03028971000001
1908;SR-592/2020;-4.440107415000005;-61.03043699000001
1909;SR-592/2020;-4.440216896000011;-61.03058039
1910;SR-592/2020;-4.440325519999986;-61.03072442999999
1911;SR-592/2020;-4.440435858000003;-61.03086717
1912;SR-592/2020;-4.440545339000009;-61.03101056
1913;SR-592/2020;-4.440654818999993;-61.03115396
1914;SR-592/2020;-4.440764300000019;-61.03129735000001
1915;SR-592/2020;-4.440874637999997;-61.03144008999999
1916;SR-592/2020;-4.440983262000011;-61.03158413
1917;SR-592/2020;-4.441097882000003;-61.03172363000001
1918;SR-592/2020;-4.441202223000003;-61.03187092
1919;SR-592/2020;-4.441311703999988;-61.03201431
1920;SR-592/2020;-4.441420327999984;-61.03215835
1921;SR-592/2020;-4.44153066499998;-61.03230110000002
1922;SR-592/2020;-4.441640146000005;-61.03244449
1923;SR-592/2020;-4.441749627000011;-61.03258787999998
1924;SR-592/2020;-4.441859106999997;-61.03273128000001
1925;SR-592/2020;-4.441969445000014;-61.03287402000001
1926;SR-592/2020;-4.442078068999988;-61.03301806
1927;SR-592/2020;-4.442192689;-61.03315756000001
1928;SR-592/2020;-4.44229703;-61.03330485
1929;SR-592/2020;-4.442406510000005;-61.03344824
1930;SR-592/2020;-4.44251513399998;-61.03359229
1931;SR-592/2020;-4.442625471999997;-61.03373503
1932;SR-592/2020;-4.442734952000002;-61.03387842
1933;SR-592/2020;-4.442844433000008;-61.03402181999999
1934;SR-592/2020;-4.442953912999994;-61.03416521
1935;SR-592/2020;-4.443064251000011;-61.03430795000001
1936;SR-592/2020;-4.443172874000005;-61.03445199999999
1937;SR-592/2020;-4.443287494999996;-61.03459149
1938;SR-592/2020;-4.443391835999996;-61.03473878
1939;SR-592/2020;-4.443501316000003;-61.03488218
1940;SR-592/2020;-4.443609939999997;-61.03502621999997
1941;SR-592/2020;-4.443720277000014;-61.03516897
1942;SR-592/2020;-4.443829758;-61.03531236
1943;SR-592/2020;-4.443939238000006;-61.03545574999999
1944;SR-592/2020;-4.444048718999991;-61.03559914999999
1945;SR-592/2020;-4.444159055999988;-61.03574189
1946;SR-592/2020;-4.444267679000003;-61.03588593999999
1947;SR-592/2020;-4.444382299999994;-61.03602543
1948;SR-592/2020;-4.444486640000013;-61.03617272
1949;SR-592/2020;-4.44459612099998;-61.03631612000002
1950;SR-592/2020;-4.444704744000014;-61.03646015999998
1951;SR-592/2020;-4.444815081999991;-61.03660291000001
1952;SR-592/2020;-4.444924562000017;-61.0367463
1953;SR-592/2020;-4.445034042000002;-61.03688970000001
1954;SR-592/2020;-4.445143523000008;-61.03703308999999
1955;SR-592/2020;-4.445253860000005;-61.03717584
1956;SR-592/2020;-4.445362482999999;-61.03731987999999
1957;SR-592/2020;-4.445477103999991;-61.03745938000001
1958;SR-592/2020;-4.445581443999991;-61.03760667
1959;SR-592/2020;-4.445690923999996;-61.03775006000001
1960;SR-592/2020;-4.445799547999991;-61.03789411
1961;SR-592/2020;-4.445909884999988;-61.03803684999999
1962;SR-592/2020;-4.446019365000014;-61.03818025000002
1963;SR-592/2020;-4.446128845999999;-61.03832363999999
1964;SR-592/2020;-4.446238326000005;-61.03846704000001
1965;SR-592/2020;-4.446348663000002;-61.03860978000001
1966;SR-592/2020;-4.446457286999996;-61.03875383
1967;SR-592/2020;-4.446571906999988;-61.03889333000001
1968;SR-592/2020;-4.446676247000008;-61.03904062
1969;SR-592/2020;-4.446785726999993;-61.03918401
1970;SR-592/2020;-4.446894350999989;-61.03932806
1971;SR-592/2020;-4.447004687999985;-61.0394708
1972;SR-592/2020;-4.44711416800001;-61.0396142
1973;SR-592/2020;-4.447223647999996;-61.03975758999998
1974;SR-592/2020;-4.447333128000002;-61.03990099000001
1975;SR-592/2020;-4.447443464999998;-61.04004374000001
1976;SR-592/2020;-4.447552088999993;-61.04018778
1977;SR-592/2020;-4.447666709000004;-61.04032728000001
1978;SR-592/2020;-4.447771049000004;-61.04047457
1979;SR-592/2020;-4.44788052900001;-61.04061797
1980;SR-592/2020;-4.447989153000005;-61.04076201
1981;SR-592/2020;-4.448099488999981;-61.04090475999998
1982;SR-592/2020;-4.448208969999987;-61.04104815
1983;SR-592/2020;-4.448318449999993;-61.04119155
1984;SR-592/2020;-4.448427929999998;-61.04133494999999
1985;SR-592/2020;-4.448538266000015;-61.04147768999999
1986;SR-592/2020;-4.44864688999999;-61.04162174
1987;SR-592/2020;-4.448761510000001;-61.04176124000001
1988;SR-592/2020;-4.448865850000001;-61.04190853
1989;SR-592/2020;-4.448975329999987;-61.04205193
1990;SR-592/2020;-4.449083953000022;-61.04219596999999
1991;SR-592/2020;-4.449194290000018;-61.04233872
1992;SR-592/2020;-4.449303770000004;-61.04248211
1993;SR-592/2020;-4.449413249999989;-61.04262550999999
1994;SR-592/2020;-4.449522730000015;-61.04276891000001
1995;SR-592/2020;-4.449633067000011;-61.04291165000001
1996;SR-592/2020;-4.449741689999986;-61.0430557
1997;SR-592/2020;-4.449856309999998;-61.04319520000001
1998;SR-592/2020;-4.449960650000017;-61.04334249000001
1999;SR-592/2020;-4.450070130000004;-61.04348589
2000;SR-592/2020;-4.450178752999998;-61.04362994000001
2001;SR-592/2020;-4.450289090000014;-61.04377267999999
2002;SR-592/2020;-4.450398570000001;-61.04391608
2003;SR-592/2020;-4.450508050000006;-61.04405947999999
2004;SR-592/2020;-4.450617529999992;-61.04420286999999
2005;SR-592/2020;-4.450727865999989;-61.04434562000001
2006;SR-592/2020;-4.450836489000003;-61.04448967
2007;SR-592/2020;-4.450951108999995;-61.04462917000001
2008;SR-592/2020;-4.451055448999995;-61.04477646000001
2009;SR-592/2020;-4.45116492899998;-61.04491986
2010;SR-592/2020;-4.451273551999995;-61.04506390000001
2011;SR-592/2020;-4.451383888999992;-61.04520664999999
2012;SR-592/2020;-4.451493368999997;-61.04535005
2013;SR-592/2020;-4.451602848000002;-61.04549345000002
2014;SR-592/2020;-4.451712328000008;-61.04563683999999
2015;SR-592/2020;-4.451822665000005;-61.04577959
2016;SR-592/2020;-4.451933857999992;-61.04592169
2017;SR-592/2020;-4.452048478000004;-61.04606119000001
2018;SR-592/2020;-4.452152944999995;-61.04620834
2019;SR-592/2020;-4.452262582000013;-61.04635162
2020;SR-592/2020;-4.452371363999981;-61.04649555
2021;SR-592/2020;-4.45248185700001;-61.04663816999999
2022;SR-592/2020;-4.452591493999989;-61.04678145
2023;SR-592/2020;-4.452701131000008;-61.04692473
2024;SR-592/2020;-4.452810768000006;-61.04706800999999
2025;SR-592/2020;-4.452921260999996;-61.04721064
2026;SR-592/2020;-4.453030042000004;-61.04735457000001
2027;SR-592/2020;-4.453144815000007;-61.04749394000001
2028;SR-592/2020;-4.453249317000001;-61.04764112
2029;SR-592/2020;-4.453358954;-61.0477844
2030;SR-592/2020;-4.453467735000007;-61.04792832999998
2031;SR-592/2020;-4.453578227999997;-61.04807096
2032;SR-592/2020;-4.453687865000015;-61.04821424
2033;SR-592/2020;-4.453797501999994;-61.04835752
2034;SR-592/2020;-4.453907138999993;-61.04850080000001
2035;SR-592/2020;-4.454017631999982;-61.04864342
2036;SR-592/2020;-4.45412641300001;-61.04878735
2037;SR-592/2020;-4.454241185999994;-61.04892673
2038;SR-592/2020;-4.454345687000007;-61.04907391
2039;SR-592/2020;-4.454455324000007;-61.04921719000001
2040;SR-592/2020;-4.454564104999994;-61.04936112000001
2041;SR-592/2020;-4.454674598000004;-61.04950375
2042;SR-592/2020;-4.454784235000002;-61.04964703
2043;SR-592/2020;-4.454893872000021;-61.04979030999998
2044;SR-592/2020;-4.455003508999999;-61.04993358999999
2045;SR-592/2020;-4.45511400199999;-61.05007622
2046;SR-592/2020;-4.455222783000017;-61.05022014
2047;SR-592/2020;-4.455337555000001;-61.05035952
2048;SR-592/2020;-4.455442056000014;-61.05050670000001
2049;SR-592/2020;-4.455551692999993;-61.05064998
2050;SR-592/2020;-4.455660474000021;-61.05079391000001
2051;SR-592/2020;-4.45577096700001;-61.05093654
2052;SR-592/2020;-4.455880603999988;-61.05107982000002
2053;SR-592/2020;-4.455990240999988;-61.05122309999999
2054;SR-592/2020;-4.456099878000006;-61.05136638
2055;SR-592/2020;-4.456210370000015;-61.05150900999999
2056;SR-592/2020;-4.456319151000003;-61.05165294
2057;SR-592/2020;-4.456433924000008;-61.05179232
2058;SR-592/2020;-4.456538425000001;-61.0519395
2059;SR-592/2020;-4.456648061999999;-61.05208278
2060;SR-592/2020;-4.456756842000007;-61.05222671
2061;SR-592/2020;-4.456867334999997;-61.05236934000001
2062;SR-592/2020;-4.456976972000016;-61.05251261999999
2063;SR-592/2020;-4.457086608999994;-61.0526559
2064;SR-592/2020;-4.457196245999993;-61.05279918
2065;SR-592/2020;-4.457306738000002;-61.05294180999999
2066;SR-592/2020;-4.45741551899999;-61.05308573999999
2067;SR-592/2020;-4.457530291999994;-61.05322512000001
2068;SR-592/2020;-4.457634791999987;-61.0533723
2069;SR-592/2020;-4.457744429000005;-61.05351558
2070;SR-592/2020;-4.457853209999993;-61.05365951
2071;SR-592/2020;-4.457963702000002;-61.05380215
2072;SR-592/2020;-4.458073339000002;-61.05394543
2073;SR-592/2020;-4.45818297599998;-61.05408871
2074;SR-592/2020;-4.458292611999999;-61.05423199000001
2075;SR-592/2020;-4.458403105000008;-61.05437462
2076;SR-592/2020;-4.458511885999997;-61.05451855
2077;SR-592/2020;-4.45862665800002;-61.05465793
2078;SR-592/2020;-4.458731158999994;-61.05480510999998
2079;SR-592/2020;-4.458840796000012;-61.05494838999999
2080;SR-592/2020;-4.458949576;-61.05509232000001
2081;SR-592/2020;-4.459060069000009;-61.05523495
2082;SR-592/2020;-4.459169704999988;-61.05537823
2083;SR-592/2020;-4.459279342000007;-61.05552152000001
2084;SR-592/2020;-4.459388977999986;-61.0556648
2085;SR-592/2020;-4.459499470999995;-61.05580743
2086;SR-592/2020;-4.459608252000002;-61.05595136
2087;SR-592/2020;-4.459723024000006;-61.05609074
2088;SR-592/2020;-4.459827525;-61.05623791999999
2089;SR-592/2020;-4.459937160999998;-61.0563812
2090;SR-592/2020;-4.460045941999986;-61.05652514
2091;SR-592/2020;-4.460156433999996;-61.05666776999998
2092;SR-592/2020;-4.460266071000014;-61.05681104999999
2093;SR-592/2020;-4.460375706999993;-61.05695433
2094;SR-592/2020;-4.460485342999991;-61.05709761
2095;SR-592/2020;-4.460595836000001;-61.05724023999999
2096;SR-592/2020;-4.460704615999989;-61.05738418000001
2097;SR-592/2020;-4.460819388999992;-61.05752355999999
2098;SR-592/2020;-4.460923889000005;-61.05767074
2099;SR-592/2020;-4.461033525999984;-61.05781402
2100;SR-592/2020;-4.461142305999992;-61.05795795
2101;SR-592/2020;-4.461252798000002;-61.05810057999999
2102;SR-592/2020;-4.46136243500002;-61.05824387
2103;SR-592/2020;-4.461472070999999;-61.05838715
2104;SR-592/2020;-4.461581706999997;-61.05853042999998
2105;SR-592/2020;-4.461692199999987;-61.05867306
2106;SR-592/2020;-4.461800979999994;-61.058817
2107;SR-592/2020;-4.461915752000019;-61.05895638
2108;SR-592/2020;-4.462020252999991;-61.05910356
2109;SR-592/2020;-4.462129889000011;-61.05924684000001
2110;SR-592/2020;-4.462238668999978;-61.05939078000001
2111;SR-592/2020;-4.462349162000008;-61.05953341
2112;SR-592/2020;-4.462458798000006;-61.05967669
2113;SR-592/2020;-4.462568433999985;-61.05981997000001
2114;SR-592/2020;-4.462678071000004;-61.05996326
2115;SR-592/2020;-4.462788563000013;-61.06010589
2116;SR-592/2020;-4.462897343000001;-61.06024982
2117;SR-592/2020;-4.463012115000005;-61.0603892
2118;SR-592/2020;-4.463116614999998;-61.06053639000001
2119;SR-592/2020;-4.463226251999997;-61.06067967
2120;SR-592/2020;-4.463335032000004;-61.0608236
2121;SR-592/2020;-4.463445524000013;-61.06096624000002
2122;SR-592/2020;-4.463555159999992;-61.06110952000001
2123;SR-592/2020;-4.463664795999991;-61.0612528
2124;SR-592/2020;-4.46377443299999;-61.06139608
2125;SR-592/2020;-4.463884924999999;-61.06153871999998
2126;SR-592/2020;-4.463993705000007;-61.06168264999999
2127;SR-592/2020;-4.464108476999991;-61.06182202999999
2128;SR-592/2020;-4.464212976999984;-61.06196922
2129;SR-592/2020;-4.464322613000002;-61.0621125
2130;SR-592/2020;-4.464431393000011;-61.06225642999998
2131;SR-592/2020;-4.464541885999999;-61.06239907
2132;SR-592/2020;-4.464651521999999;-61.06254235
2133;SR-592/2020;-4.464761157999996;-61.06268563
2134;SR-592/2020;-4.464870794000015;-61.06282892000001
2135;SR-592/2020;-4.464981286000005;-61.06297155
2136;SR-592/2020;-4.465090065999993;-61.06311549
2137;SR-592/2020;-4.465204837999996;-61.06325487
2138;SR-592/2020;-4.46530933799999;-61.06340205000001
2139;SR-592/2020;-4.465418973999988;-61.06354533999999
2140;SR-592/2020;-4.465527753999996;-61.06368926999999
2141;SR-592/2020;-4.465638246000005;-61.06383189999999
2142;SR-592/2020;-4.465747881999985;-61.06397519000001
2143;SR-592/2020;-4.465857518000003;-61.06411846999999
2144;SR-592/2020;-4.465967154000001;-61.06426176
2145;SR-592/2020;-4.466077646000011;-61.06440438999999
2146;SR-592/2020;-4.466186425999998;-61.06454832000001
2147;SR-592/2020;-4.466301198000002;-61.06468771000001
2148;SR-592/2020;-4.466405697999996;-61.06483489
2149;SR-592/2020;-4.466515334000015;-61.06497817999999
2150;SR-592/2020;-4.466624114000021;-61.06512211
2151;SR-592/2020;-4.466734604999991;-61.06526474999999
2152;SR-592/2020;-4.46684424099999;-61.06540803
2153;SR-592/2020;-4.466953877000009;-61.06555132
2154;SR-592/2020;-4.467063513000006;-61.06569460000001
2155;SR-592/2020;-4.467174004999997;-61.06583723
2156;SR-592/2020;-4.467282785000004;-61.06598116999999
2157;SR-592/2020;-4.467397557000008;-61.06612055
2158;SR-592/2020;-4.467502056000001;-61.06626774000001
2159;SR-592/2020;-4.467611692;-61.06641102000001
2160;SR-592/2020;-4.467720471999987;-61.06655495999999
2161;SR-592/2020;-4.467830963999997;-61.06669758999998
2162;SR-592/2020;-4.467940599999995;-61.06684088000001
2163;SR-592/2020;-4.468050234999994;-61.06698416000001
2164;SR-592/2020;-4.468159871000013;-61.06712744999999
2165;SR-592/2020;-4.468270362999982;-61.06727008000001
2166;SR-592/2020;-4.468379142999989;-61.06741402000001
2167;SR-592/2020;-4.468493913999994;-61.06755340000001
2168;SR-592/2020;-4.468598414000007;-61.06770058999999
2169;SR-592/2020;-4.468708050000005;-61.06784386999998
2170;SR-592/2020;-4.468816830000013;-61.06798781
2171;SR-592/2020;-4.468927321000002;-61.06813044000001
2172;SR-592/2020;-4.469036957000021;-61.06827372999999
2173;SR-592/2020;-4.469146593;-61.06841702
2174;SR-592/2020;-4.469256227999998;-61.06856030000001
2175;SR-592/2020;-4.469366720000007;-61.06870294000003
2176;SR-592/2020;-4.469475499999995;-61.06884686999999
2177;SR-592/2020;-4.469590270999979;-61.06898626
2178;SR-592/2020;-4.469694771000013;-61.06913344
2179;SR-592/2020;-4.469804406999991;-61.06927672999999
2180;SR-592/2020;-4.469913186000019;-61.06942065999999
2181;SR-592/2020;-4.470023677999988;-61.0695633
2182;SR-592/2020;-4.470133312999987;-61.06970659
2183;SR-592/2020;-4.470242949000005;-61.06984986999999
2184;SR-592/2020;-4.470352585000004;-61.06999316
2185;SR-592/2020;-4.470463075999993;-61.07013578999999
2186;SR-592/2020;-4.470571856000001;-61.07027973
2187;SR-592/2020;-4.470686626999985;-61.07041911000001
2188;SR-592/2020;-4.470791127000018;-61.0705663
2189;SR-592/2020;-4.470900762000016;-61.07070959
2190;SR-592/2020;-4.471009541999984;-61.07085353
2191;SR-592/2020;-4.471120033000013;-61.07099615999999
2192;SR-592/2020;-4.471229668999992;-61.07113945
2193;SR-592/2020;-4.47133930399999;-61.07128273
2194;SR-592/2020;-4.471448939999989;-61.07142601999998
2195;SR-592/2020;-4.471559430999998;-61.07156866
2196;SR-592/2020;-4.471668211000006;-61.07171259
2197;SR-592/2020;-4.471782982000009;-61.07185198
2198;SR-592/2020;-4.471887482000003;-61.07199917000002
2199;SR-592/2020;-4.471997117000002;-61.07214245000001
2200;SR-592/2020;-4.47210589599999;-61.07228639000001
2201;SR-592/2020;-4.472216387999999;-61.07242903
2202;SR-592/2020;-4.472326022999997;-61.07257231000002
2203;SR-592/2020;-4.472435659000016;-61.07271560000001
2204;SR-592/2020;-4.472545293999994;-61.07285889
2205;SR-592/2020;-4.472655785000004;-61.07300151999999
2206;SR-592/2020;-4.472764565000011;-61.07314546000001
2207;SR-592/2020;-4.472879336000015;-61.07328484999999
2208;SR-592/2020;-4.472983835000008;-61.07343204
2209;SR-592/2020;-4.473093471000007;-61.07357532
2210;SR-592/2020;-4.473202249999995;-61.07371925999998
2211;SR-592/2020;-4.473312741000004;-61.07386189999999
2212;SR-592/2020;-4.473422376999983;-61.07400518
2213;SR-592/2020;-4.473532012000002;-61.07414846999999
2214;SR-592/2020;-4.473641646999999;-61.07429175999999
2215;SR-592/2020;-4.473752138999989;-61.0744344
2216;SR-592/2020;-4.473860918000017;-61.07457833000002
2217;SR-592/2020;-4.473975689000021;-61.07471772
2218;SR-592/2020;-4.474080187999993;-61.07486491000001
2219;SR-592/2020;-4.474189824000012;-61.07500819999999
2220;SR-592/2020;-4.474298602999999;-61.07515213999999
2221;SR-592/2020;-4.474409094000009;-61.07529477000001
2222;SR-592/2020;-4.474518729000008;-61.07543806000001
2223;SR-592/2020;-4.474628364000006;-61.07558134999999
2224;SR-592/2020;-4.474738000000005;-61.07572464
2225;SR-592/2020;-4.474848490999994;-61.07586727000001
2226;SR-592/2020;-4.474957270000002;-61.07601120999999
2227;SR-592/2020;-4.475072041000006;-61.07615060000001
2228;SR-592/2020;-4.475176539999999;-61.07629779
2229;SR-592/2020;-4.475286175000017;-61.07644107999999
2230;SR-592/2020;-4.475394954000005;-61.07658501
2231;SR-592/2020;-4.475505445999994;-61.07672765000002
2232;SR-592/2020;-4.475615080999993;-61.07687094
2233;SR-592/2020;-4.475724716000011;-61.07701423
2234;SR-592/2020;-4.47583435100001;-61.07715751999999
2235;SR-592/2020;-4.475944841999999;-61.07730015999999
2236;SR-592/2020;-4.476053621000007;-61.07744409
2237;SR-592/2020;-4.476168392000011;-61.07758348
2238;SR-592/2020;-4.476272891000004;-61.07773066999998
2239;SR-592/2020;-4.476382526000002;-61.07787396
2240;SR-592/2020;-4.47649130499999;-61.0780179
2241;SR-592/2020;-4.476601796000019;-61.07816054000001
2242;SR-592/2020;-4.476711431000018;-61.07830383000001
2243;SR-592/2020;-4.476821066000016;-61.07844711
2244;SR-592/2020;-4.476930700999995;-61.0785904
2245;SR-592/2020;-4.477041192000004;-61.07873304
2246;SR-592/2020;-4.477149970999992;-61.07887698
2247;SR-592/2020;-4.477264741999996;-61.07901637
2248;SR-592/2020;-4.477369240999989;-61.07916356
2249;SR-592/2020;-4.477478875999987;-61.07930684999999
2250;SR-592/2020;-4.477587655000015;-61.07945079000001
2251;SR-592/2020;-4.477698146000004;-61.07959343
2252;SR-592/2020;-4.477807780000003;-61.07973672000001
2253;SR-592/2020;-4.477917415000001;-61.07988000999999
2254;SR-592/2020;-4.47802705;-61.08002329
2255;SR-592/2020;-4.478137540999989;-61.08016592999999
2256;SR-592/2020;-4.478246320000016;-61.08030987000001
2257;SR-592/2020;-4.47836109100002;-61.08044925999999
2258;SR-592/2020;-4.478465590000013;-61.08059644999999
2259;SR-592/2020;-4.478575224999992;-61.08073974000001
2260;SR-592/2020;-4.478684003000019;-61.08088368
2261;SR-592/2020;-4.478794493999989;-61.08102632000001
2262;SR-592/2020;-4.478904129000007;-61.08116961
2263;SR-592/2020;-4.479013764000007;-61.08131290000001
2264;SR-592/2020;-4.479123398000004;-61.08145618999999
2265;SR-592/2020;-4.479233888999994;-61.08159882999998
2266;SR-592/2020;-4.479342667999981;-61.08174277
2267;SR-592/2020;-4.479457438999985;-61.08188215999999
2268;SR-592/2020;-4.479561937999998;-61.08202934999999
2269;SR-592/2020;-4.479671571999997;-61.08217264000002
2270;SR-592/2020;-4.479780326000002;-61.08231663
2271;SR-592/2020;-4.479890704000022;-61.08245936
2272;SR-592/2020;-4.480000225999992;-61.08260273999999
2273;SR-592/2020;-4.480109747999981;-61.08274611
2274;SR-592/2020;-4.48021926900001;-61.08288949
2275;SR-592/2020;-4.48032964699999;-61.08303220999999
2276;SR-592/2020;-4.480438313000008;-61.08317624
2277;SR-592/2020;-4.480552972999982;-61.08331572000001
2278;SR-592/2020;-4.480657355999986;-61.08346299000001
2279;SR-592/2020;-4.480766877999995;-61.08360637
2280;SR-592/2020;-4.480875542999994;-61.08375039000001
2281;SR-592/2020;-4.480985921000014;-61.08389312000001
2282;SR-592/2020;-4.481095442000003;-61.0840365
2283;SR-592/2020;-4.481204963999992;-61.08417987000001
2284;SR-592/2020;-4.481314486;-61.08432325
2285;SR-592/2020;-4.481424863999981;-61.08446598
2286;SR-592/2020;-4.481533528999999;-61.08461
2287;SR-592/2020;-4.481648188999994;-61.08474948
2288;SR-592/2020;-4.481752571999998;-61.08489675999999
2289;SR-592/2020;-4.481862092999986;-61.08504013
2290;SR-592/2020;-4.481970757999985;-61.08518415999999
2291;SR-592/2020;-4.482081136999985;-61.08532689000001
2292;SR-592/2020;-4.482190658000014;-61.08547026
2293;SR-592/2020;-4.482300180000003;-61.08561363999999
2294;SR-592/2020;-4.482409700999992;-61.08575702000001
2295;SR-592/2020;-4.482520079000012;-61.08589975
2296;SR-592/2020;-4.48262874400001;-61.08604377000001
2297;SR-592/2020;-4.482743405000004;-61.08618325
2298;SR-592/2020;-4.482847786999988;-61.08633053
2299;SR-592/2020;-4.482957308000017;-61.08647390000001
2300;SR-592/2020;-4.483065973000016;-61.08661793
2301;SR-592/2020;-4.483176350999996;-61.08676066000002
2302;SR-592/2020;-4.483285873000005;-61.08690404000001
2303;SR-592/2020;-4.483395394000014;-61.08704741
2304;SR-592/2020;-4.483504915000003;-61.08719078999998
2305;SR-592/2020;-4.483615293000023;-61.08733352000001
2306;SR-592/2020;-4.483723958000021;-61.08747755
2307;SR-592/2020;-4.483838619000016;-61.08761702999999
2308;SR-592/2020;-4.483943000999999;-61.0877643
2309;SR-592/2020;-4.484052522000008;-61.08790767999999
2310;SR-592/2020;-4.484161187000007;-61.08805171
2311;SR-592/2020;-4.484271565000006;-61.08819443
2312;SR-592/2020;-4.484381086000015;-61.08833780999999
2313;SR-592/2020;-4.484490607000005;-61.08848119
2314;SR-592/2020;-4.484600128999993;-61.08862457
2315;SR-592/2020;-4.484710506999994;-61.0887673
2316;SR-592/2020;-4.484819170999992;-61.08891132
2317;SR-592/2020;-4.484933831999987;-61.0890508
2318;SR-592/2020;-4.48503821400001;-61.08919808000001
2319;SR-592/2020;-4.485147734999999;-61.08934146
2320;SR-592/2020;-4.485256399999997;-61.08948549000001
2321;SR-592/2020;-4.485366776999998;-61.08962821000001
2322;SR-592/2020;-4.485476299000006;-61.08977159
2323;SR-592/2020;-4.485585820000015;-61.08991497
2324;SR-592/2020;-4.485695341000005;-61.09005834999999
2325;SR-592/2020;-4.485805719000004;-61.09020108000001
2326;SR-592/2020;-4.485914383000003;-61.09034511000001
2327;SR-592/2020;-4.486029043999997;-61.09048459
2328;SR-592/2020;-4.486133426;-61.09063185999999
2329;SR-592/2020;-4.48624294699999;-61.09077524000002
2330;SR-592/2020;-4.486351611000008;-61.09091926999999
2331;SR-592/2020;-4.486461988999988;-61.09106199999999
2332;SR-592/2020;-4.486571509999997;-61.09120537999998
2333;SR-592/2020;-4.486681030999986;-61.09134876
2334;SR-592/2020;-4.486790551999995;-61.09149213999999
2335;SR-592/2020;-4.486900929999996;-61.09163487000001
2336;SR-592/2020;-4.487009594999993;-61.09177889
2337;SR-592/2020;-4.487124254999988;-61.09191838000001
2338;SR-592/2020;-4.487228636999991;-61.09206565
2339;SR-592/2020;-4.487338158;-61.09220902999999
2340;SR-592/2020;-4.487446822000019;-61.09235306
2341;SR-592/2020;-4.487557199999999;-61.09249579
2342;SR-592/2020;-4.487666721000007;-61.09263916999999
2343;SR-592/2020;-4.487776241999997;-61.09278255000001
2344;SR-592/2020;-4.487885763000006;-61.09292593
2345;SR-592/2020;-4.487996140000005;-61.09306866
2346;SR-592/2020;-4.488104805000004;-61.09321269
2347;SR-592/2020;-4.488219464999979;-61.09335217
2348;SR-592/2020;-4.488323847000002;-61.09349944999999
2349;SR-592/2020;-4.488433366999991;-61.09364282999999
2350;SR-592/2020;-4.488542031999989;-61.09378685000001
2351;SR-592/2020;-4.48865240899999;-61.09392958000001
2352;SR-592/2020;-4.488761930000019;-61.09407296
2353;SR-592/2020;-4.488871450999987;-61.09421634
2354;SR-592/2020;-4.488980972000016;-61.09435972000001
2355;SR-592/2020;-4.489091348999996;-61.09450244999999
2356;SR-592/2020;-4.489200014000014;-61.09464647999999
2357;SR-592/2020;-4.489314674000009;-61.09478596999999
2358;SR-592/2020;-4.489419055000012;-61.09493324000001
2359;SR-592/2020;-4.489528576000001;-61.09507661999999
2360;SR-592/2020;-4.48963724;-61.09522064999999
2361;SR-592/2020;-4.489747617999999;-61.09536338000002
2362;SR-592/2020;-4.489857139000009;-61.09550676000001
2363;SR-592/2020;-4.489966658999998;-61.09565013999999
2364;SR-592/2020;-4.490076179999987;-61.09579353000002
2365;SR-592/2020;-4.490186556999987;-61.09593625999999
2366;SR-592/2020;-4.490295221999984;-61.09608029
2367;SR-592/2020;-4.490409882;-61.09621977000001
2368;SR-592/2020;-4.490514263000003;-61.09636705
2369;SR-592/2020;-4.490623784000012;-61.09651043
2370;SR-592/2020;-4.49073244799999;-61.09665446
2371;SR-592/2020;-4.49084282499999;-61.09679718999998
2372;SR-592/2020;-4.490952345999998;-61.09694057
2373;SR-592/2020;-4.491061867000008;-61.09708394999999
2374;SR-592/2020;-4.491171387000017;-61.09722733
2375;SR-592/2020;-4.491281764999997;-61.09737006
2376;SR-592/2020;-4.491390429000015;-61.09751409000001
2377;SR-592/2020;-4.49150508899999;-61.09765358
2378;SR-592/2020;-4.491609470000013;-61.09780084999999
2379;SR-592/2020;-4.491718991000003;-61.09794424000001
2380;SR-592/2020;-4.491827655;-61.09808827000001
2381;SR-592/2020;-4.491938032;-61.09823099999999
2382;SR-592/2020;-4.49204755200001;-61.09837437999999
2383;SR-592/2020;-4.492157072999978;-61.09851776
2384;SR-592/2020;-4.492266594000007;-61.09866113999999
2385;SR-592/2020;-4.492376971000008;-61.09880386999999
2386;SR-592/2020;-4.492485635000005;-61.0989479
2387;SR-592/2020;-4.492600294;-61.09908738999999
2388;SR-592/2020;-4.492704675999983;-61.09923467
2389;SR-592/2020;-4.492814196000012;-61.09937805
2390;SR-592/2020;-4.49292285999999;-61.09952208000001
2391;SR-592/2020;-4.49303323699999;-61.09966481
2392;SR-592/2020;-4.493142757999999;-61.09980819
2393;SR-592/2020;-4.493252278000009;-61.09995158000001
2394;SR-592/2020;-4.493361799000017;-61.10009496
2395;SR-592/2020;-4.493472176000017;-61.10023769
2396;SR-592/2020;-4.493580839999995;-61.10038172000001
2397;SR-592/2020;-4.49369549900001;-61.10052121
2398;SR-592/2020;-4.493799880000013;-61.10066848
2399;SR-592/2020;-4.493909401000002;-61.10081187000001
2400;SR-592/2020;-4.494018065000001;-61.1009559
2401;SR-592/2020;-4.494128442000001;-61.10109863
2402;SR-592/2020;-4.494237962000009;-61.10124200999999
2403;SR-592/2020;-4.494347481999998;-61.10138539
2404;SR-592/2020;-4.494457003000008;-61.10152878
2405;SR-592/2020;-4.494567380000007;-61.10167151000001
2406;SR-592/2020;-4.494676043000005;-61.10181554
2407;SR-592/2020;-4.494790703;-61.10195503000002
2408;SR-592/2020;-4.494895084000003;-61.10210230999999
2409;SR-592/2020;-4.495004603999993;-61.10224569
2410;SR-592/2020;-4.495113268000011;-61.10238971999998
2411;SR-592/2020;-4.49522364500001;-61.10253245000001
2412;SR-592/2020;-4.495333165;-61.10267584
2413;SR-592/2020;-4.495442685999988;-61.10281922000001
2414;SR-592/2020;-4.495552206000017;-61.1029626
2415;SR-592/2020;-4.495662583000017;-61.10310534
2416;SR-592/2020;-4.495771245999995;-61.10324937000001
2417;SR-592/2020;-4.49588590600001;-61.10338884999999
2418;SR-592/2020;-4.495990287000014;-61.10353613000002
2419;SR-592/2020;-4.496099807000002;-61.10367952000001
2420;SR-592/2020;-4.496208470999981;-61.10382354999999
2421;SR-592/2020;-4.496318847;-61.10396628000002
2422;SR-592/2020;-4.496428368000009;-61.10410967000001
2423;SR-592/2020;-4.496537887999999;-61.10425305
2424;SR-592/2020;-4.496647408000007;-61.10439643000001
2425;SR-592/2020;-4.496757785000007;-61.10453917000001
2426;SR-592/2020;-4.496866447999985;-61.1046832
2427;SR-592/2020;-4.496981108;-61.10482267999999
2428;SR-592/2020;-4.497085488000003;-61.10496997000001
2429;SR-592/2020;-4.497195008999992;-61.10511335000002
2430;SR-592/2020;-4.49730367199999;-61.10525738
2431;SR-592/2020;-4.497414048999991;-61.10540012000001
2432;SR-592/2020;-4.497523568999999;-61.10554350000002
2433;SR-592/2020;-4.497633089000008;-61.10568688000001
2434;SR-592/2020;-4.497742608999998;-61.10583027000001
2435;SR-592/2020;-4.497852985000018;-61.10597300000001
2436;SR-592/2020;-4.497961648999995;-61.10611703000001
2437;SR-592/2020;-4.49807630800001;-61.10625652
2438;SR-592/2020;-4.498180689000013;-61.10640380000002
2439;SR-592/2020;-4.498290209000002;-61.10654719000001
2440;SR-592/2020;-4.498398872;-61.10669121999999
2441;SR-592/2020;-4.498509249;-61.10683395000002
2442;SR-592/2020;-4.498618768999989;-61.10697734000001
2443;SR-592/2020;-4.498728289000018;-61.10712072
2444;SR-592/2020;-4.498837809000007;-61.10726411
2445;SR-592/2020;-4.498948184999987;-61.10740684000001
2446;SR-592/2020;-4.499056849000005;-61.10755087
2447;SR-592/2020;-4.499171507999979;-61.10769035999999
2448;SR-592/2020;-4.499275888000003;-61.10783764000001
2449;SR-592/2020;-4.499385407999991;-61.10798103
2450;SR-592/2020;-4.49949407200001;-61.10812505999998
2451;SR-592/2020;-4.49960444800001;-61.1082678
2452;SR-592/2020;-4.499713968000019;-61.10841118
2453;SR-592/2020;-4.499823488000008;-61.10855457
2454;SR-592/2020;-4.499933007999997;-61.10869794999999
2455;SR-592/2020;-4.500043384000016;-61.10884068000001
2456;SR-592/2020;-4.500152046999995;-61.10898472
2457;SR-592/2020;-4.500266705999989;-61.10912420999999
2458;SR-592/2020;-4.500371086999992;-61.10927149
2459;SR-592/2020;-4.500480606999981;-61.10941486999999
2460;SR-592/2020;-4.500589269999999;-61.10955891
2461;SR-592/2020;-4.500699704000004;-61.10970156999999
2462;SR-592/2020;-4.500809313;-61.10984489
2463;SR-592/2020;-4.500918922999997;-61.10998820999999
2464;SR-592/2020;-4.501028531999993;-61.11013152000002
2465;SR-592/2020;-4.501138997;-61.11027418999999
2466;SR-592/2020;-4.501247750000006;-61.11041815999999
2467;SR-592/2020;-4.501362497000008;-61.11055757
2468;SR-592/2020;-4.501466968999999;-61.11070479000001
2469;SR-592/2020;-4.501576577999995;-61.11084811000001
2470;SR-592/2020;-4.501685331000001;-61.11099208
2471;SR-592/2020;-4.501795797000008;-61.11113473999999
2472;SR-592/2020;-4.501905405999985;-61.11127806
2473;SR-592/2020;-4.502015015000021;-61.11142138
2474;SR-592/2020;-4.502124623999997;-61.11156470000001
2475;SR-592/2020;-4.502235089000004;-61.11170737
2476;SR-592/2020;-4.502343841999989;-61.11185133000001
2477;SR-592/2020;-4.502458587999991;-61.11199074999999
2478;SR-592/2020;-4.502563060999982;-61.11213796999998
2479;SR-592/2020;-4.502672670000019;-61.11228128999999
2480;SR-592/2020;-4.502781422999984;-61.11242525000001
2481;SR-592/2020;-4.502891887999992;-61.11256792
2482;SR-592/2020;-4.503001497000008;-61.11271124000001
2483;SR-592/2020;-4.503111106000004;-61.11285456
2484;SR-592/2020;-4.503220715;-61.11299787999999
2485;SR-592/2020;-4.503331180000007;-61.11314054
2486;SR-592/2020;-4.503439933000013;-61.11328451
2487;SR-592/2020;-4.503554678999995;-61.11342393000001
2488;SR-592/2020;-4.503659150999986;-61.11357115
2489;SR-592/2020;-4.503768760000022;-61.11371446999998
2490;SR-592/2020;-4.503877512999988;-61.11385844000001
2491;SR-592/2020;-4.503987977999994;-61.1140011
2492;SR-592/2020;-4.504097586999992;-61.11414442000001
2493;SR-592/2020;-4.504207196000007;-61.11428774000003
2494;SR-592/2020;-4.504316805000004;-61.11443106000001
2495;SR-592/2020;-4.504427270000011;-61.11457373
2496;SR-592/2020;-4.504536023000016;-61.1147177
2497;SR-592/2020;-4.504650768999998;-61.11485712
2498;SR-592/2020;-4.504755240999989;-61.11500434
2499;SR-592/2020;-4.504864849999985;-61.11514764999999
2500;SR-592/2020;-4.504973602999991;-61.11529161999999
2501;SR-592/2020;-4.505084067999999;-61.11543429
2502;SR-592/2020;-4.505193676999994;-61.11557761000001
2503;SR-592/2020;-4.505303284999991;-61.11572093000002
2504;SR-592/2020;-4.505412893999987;-61.11586425
2505;SR-592/2020;-4.505523358999994;-61.11600692
2506;SR-592/2020;-4.505632112;-61.11615089
2507;SR-592/2020;-4.505746858000002;-61.11629031
2508;SR-592/2020;-4.505851330000013;-61.11643752999999
2509;SR-592/2020;-4.505960937999989;-61.11658084999998
2510;SR-592/2020;-4.506069690999994;-61.11672481
2511;SR-592/2020;-4.506180156000001;-61.11686748
2512;SR-592/2020;-4.506289764999998;-61.1170108
2513;SR-592/2020;-4.506399372999994;-61.11715412000001
2514;SR-592/2020;-4.50650898200001;-61.11729744
2515;SR-592/2020;-4.506619446999998;-61.11744011
2516;SR-592/2020;-4.506728200000003;-61.11758407999999
2517;SR-592/2020;-4.506842944999985;-61.1177235
2518;SR-592/2020;-4.506947416999996;-61.11787071999999
2519;SR-592/2020;-4.507057026000012;-61.11801404
2520;SR-592/2020;-4.507165777999997;-61.11815801
2521;SR-592/2020;-4.507276243000005;-61.11830068
2522;SR-592/2020;-4.507385852000001;-61.11844399999999
2523;SR-592/2020;-4.507495459999998;-61.11858732000001
2524;SR-592/2020;-4.507605068999993;-61.11873064
2525;SR-592/2020;-4.507715534000001;-61.11887330999999
2526;SR-592/2020;-4.507824285999986;-61.11901728000002
2527;SR-592/2020;-4.507939031999988;-61.1191567
2528;SR-592/2020;-4.508043503999999;-61.11930391999999
2529;SR-592/2020;-4.508153111999995;-61.11944724
2530;SR-592/2020;-4.508261865000001;-61.11959121000002
2531;SR-592/2020;-4.508372328999988;-61.11973387999999
2532;SR-592/2020;-4.508481937999984;-61.11987719999998
2533;SR-592/2020;-4.508591546;-61.12002051999999
2534;SR-592/2020;-4.508701155000017;-61.12016384
2535;SR-592/2020;-4.508811619999983;-61.12030651000001
2536;SR-592/2020;-4.508920372000009;-61.12045048
2537;SR-592/2020;-4.509035116999991;-61.1205899
2538;SR-592/2020;-4.509139589000002;-61.12073713000001
2539;SR-592/2020;-4.509249196999998;-61.12088044999999
2540;SR-592/2020;-4.509357950000004;-61.12102442
2541;SR-592/2020;-4.509468413999991;-61.12116708999999
2542;SR-592/2020;-4.509578022999987;-61.12131041
2543;SR-592/2020;-4.509687630999983;-61.12145373000001
2544;SR-592/2020;-4.50979724000002;-61.12159705
2545;SR-592/2020;-4.509907704000007;-61.12173971999999
2546;SR-592/2020;-4.510016455999992;-61.12188369000001
2547;SR-592/2020;-4.510131201999994;-61.12202310999999
2548;SR-592/2020;-4.510235673000005;-61.12217033999999
2549;SR-592/2020;-4.510345282000001;-61.12231366
2550;SR-592/2020;-4.510454033999986;-61.12245763
2551;SR-592/2020;-4.510564498000013;-61.12260030000001
2552;SR-592/2020;-4.51067410699999;-61.12274362
2553;SR-592/2020;-4.510783715000006;-61.12288694000001
2554;SR-592/2020;-4.510893323000003;-61.12303026000001
2555;SR-592/2020;-4.51100378800001;-61.12317294000001
2556;SR-592/2020;-4.511112539999996;-61.12331690999999
2557;SR-592/2020;-4.511227284999997;-61.12345633000002
2558;SR-592/2020;-4.511331756999988;-61.12360355000002
2559;SR-592/2020;-4.511441365000004;-61.12374687
2560;SR-592/2020;-4.511550117000009;-61.12389083999999
2561;SR-592/2020;-4.511660580999997;-61.12403351999999
2562;SR-592/2020;-4.511770189999993;-61.12417684
2563;SR-592/2020;-4.511879797999989;-61.12432015999999
2564;SR-592/2020;-4.511989406000005;-61.12446348
2565;SR-592/2020;-4.512099869999993;-61.12460615000001
2566;SR-592/2020;-4.512208621999998;-61.12475013
2567;SR-592/2020;-4.51232336800002;-61.12488955
2568;SR-592/2020;-4.51242783899999;-61.12503677000001
2569;SR-592/2020;-4.512537447000007;-61.12518008999999
2570;SR-592/2020;-4.512646198999992;-61.12532406
2571;SR-592/2020;-4.512756662999999;-61.12546674000001
2572;SR-592/2020;-4.512866271000016;-61.12561006
2573;SR-592/2020;-4.512975879000011;-61.12575337999998
2574;SR-592/2020;-4.513085488000009;-61.1258967
2575;SR-592/2020;-4.513195951999995;-61.12603938000001
2576;SR-592/2020;-4.513304680999999;-61.12618340000001
2577;SR-592/2020;-4.51341930500001;-61.12632293000001
2578;SR-592/2020;-4.513523647999991;-61.12647024000001
2579;SR-592/2020;-4.513633131999997;-61.12661366
2580;SR-592/2020;-4.513741758999991;-61.12675771999999
2581;SR-592/2020;-4.513852098999989;-61.12690049
2582;SR-592/2020;-4.513961582999995;-61.12704390999999
2583;SR-592/2020;-4.514071067000001;-61.12718731999999
2584;SR-592/2020;-4.514180549999987;-61.12733073999998
2585;SR-592/2020;-4.514290891000003;-61.12747351000001
2586;SR-592/2020;-4.514399517999999;-61.12761757999999
2587;SR-592/2020;-4.514514141999991;-61.12775709999999
2588;SR-592/2020;-4.514618484999991;-61.12790441000001
2589;SR-592/2020;-4.514727968999996;-61.12804783
2590;SR-592/2020;-4.514836594999991;-61.12819188999999
2591;SR-592/2020;-4.514946936000008;-61.12833466000001
2592;SR-592/2020;-4.515056418999994;-61.12847808000001
2593;SR-592/2020;-4.515165903;-61.12862150000001
2594;SR-592/2020;-4.515275387000006;-61.12876492
2595;SR-592/2020;-4.515385727000004;-61.12890768
2596;SR-592/2020;-4.515494353999998;-61.12905175
2597;SR-592/2020;-4.51560897699999;-61.12919127000001
2598;SR-592/2020;-4.51571332099999;-61.12933859
2599;SR-592/2020;-4.515822804000016;-61.12948200999999
2600;SR-592/2020;-4.515931431000011;-61.12962606999999
2601;SR-592/2020;-4.516041771000008;-61.12976884
2602;SR-592/2020;-4.516151255000014;-61.12991225999999
2603;SR-592/2020;-4.516260738;-61.13005568000002
2604;SR-592/2020;-4.516370222000006;-61.1301991
2605;SR-592/2020;-4.516480562000003;-61.13034186
2606;SR-592/2020;-4.516589188000017;-61.13048592999999
2607;SR-592/2020;-4.516703812000009;-61.13062544999999
2608;SR-592/2020;-4.516808155000009;-61.13077276999999
2609;SR-592/2020;-4.516917639000015;-61.13091619
2610;SR-592/2020;-4.51702626499999;-61.13106025999999
2611;SR-592/2020;-4.517136604999987;-61.13120301999999
2612;SR-592/2020;-4.517246088999993;-61.13134644000001
2613;SR-592/2020;-4.517355571999979;-61.13148986
2614;SR-592/2020;-4.517465055000005;-61.13163328
2615;SR-592/2020;-4.517575396000022;-61.13177605000001
2616;SR-592/2020;-4.517684021999997;-61.13192012
2617;SR-592/2020;-4.517798645999989;-61.13205963999999
2618;SR-592/2020;-4.517902988999989;-61.13220695999998
2619;SR-592/2020;-4.518012472000015;-61.13235037
2620;SR-592/2020;-4.51812109900001;-61.13249444000001
2621;SR-592/2020;-4.518231439000006;-61.13263720999999
2622;SR-592/2020;-4.518340921999993;-61.13278062999999
2623;SR-592/2020;-4.518450405000019;-61.13292405000001
2624;SR-592/2020;-4.518559888000004;-61.13306747
2625;SR-592/2020;-4.518670227999982;-61.13321024
2626;SR-592/2020;-4.518778854999996;-61.13335430999999
2627;SR-592/2020;-4.518893477999988;-61.13349382999998
2628;SR-592/2020;-4.518997821000008;-61.13364115000001
2629;SR-592/2020;-4.519107303999994;-61.13378457
2630;SR-592/2020;-4.519215930999989;-61.13392863999999
2631;SR-592/2020;-4.519326271000006;-61.13407141
2632;SR-592/2020;-4.519435753999992;-61.13421481999999
2633;SR-592/2020;-4.519545236999997;-61.13435824
2634;SR-592/2020;-4.519654720000004;-61.13450166000001
2635;SR-592/2020;-4.519765060000001;-61.13464443
2636;SR-592/2020;-4.519873686000015;-61.13478849999999
2637;SR-592/2020;-4.519988310000008;-61.13492802999999
2638;SR-592/2020;-4.520092651999987;-61.13507534000001
2639;SR-592/2020;-4.520202135999993;-61.13521876
2640;SR-592/2020;-4.520310762000008;-61.13536282999999
2641;SR-592/2020;-4.520421102000006;-61.13550559999999
2642;SR-592/2020;-4.520530584999991;-61.13564902000001
2643;SR-592/2020;-4.520640067999997;-61.13579244000001
2644;SR-592/2020;-4.520749551000003;-61.13593585999998
2645;SR-592/2020;-4.52085989;-61.13607863000001
2646;SR-592/2020;-4.520968516999995;-61.1362227
2647;SR-592/2020;-4.521083140000006;-61.13636223000001
2648;SR-592/2020;-4.521187483000007;-61.13650953999999
2649;SR-592/2020;-4.521296965999992;-61.13665295999999
2650;SR-592/2020;-4.521405592000008;-61.13679703
2651;SR-592/2020;-4.521515932000004;-61.13693980999999
2652;SR-592/2020;-4.52162541399999;-61.13708322999998
2653;SR-592/2020;-4.521734896999996;-61.13722665000001
2654;SR-592/2020;-4.521844380000002;-61.13737007
2655;SR-592/2020;-4.521954719999998;-61.13751284000001
2656;SR-592/2020;-4.522063346000014;-61.13765691
2657;SR-592/2020;-4.522177969000005;-61.13779643000001
2658;SR-592/2020;-4.522282311999986;-61.13794375000001
2659;SR-592/2020;-4.522391795000011;-61.13808717000001
2660;SR-592/2020;-4.522500420999986;-61.13823124000002
2661;SR-592/2020;-4.522610759999983;-61.13837401
2662;SR-592/2020;-4.522720243000009;-61.13851743000001
2663;SR-592/2020;-4.522829725999995;-61.13866085000001
2664;SR-592/2020;-4.522939208999981;-61.13880428000001
2665;SR-592/2020;-4.523049547999998;-61.13894704999999
2666;SR-592/2020;-4.523158173999993;-61.13909112
2667;SR-592/2020;-4.523272797999985;-61.13923063999998
2668;SR-592/2020;-4.523377140000004;-61.13937795999999
2669;SR-592/2020;-4.52348662299999;-61.13952137999999
2670;SR-592/2020;-4.523595249000005;-61.13966545
2671;SR-592/2020;-4.523705588000022;-61.13980822
2672;SR-592/2020;-4.523815071000008;-61.13995165
2673;SR-592/2020;-4.523924553999993;-61.14009506999999
2674;SR-592/2020;-4.52403403599998;-61.14023849000001
2675;SR-592/2020;-4.524144376000017;-61.14038125999999
2676;SR-592/2020;-4.524253001999991;-61.14052533
2677;SR-592/2020;-4.524367625000004;-61.14066485999999
2678;SR-592/2020;-4.524471967000004;-61.14081218
2679;SR-592/2020;-4.524581449000009;-61.14095559999999
2680;SR-592/2020;-4.524690075000004;-61.14109967
2681;SR-592/2020;-4.524800414999981;-61.14124244000001
2682;SR-592/2020;-4.524909896999986;-61.14138586
2683;SR-592/2020;-4.525019380000012;-61.14152928999999
2684;SR-592/2020;-4.525128862999999;-61.14167270999999
2685;SR-592/2020;-4.525239201999995;-61.14181547999999
2686;SR-592/2020;-4.52534782800001;-61.14195955
2687;SR-592/2020;-4.525462451000002;-61.14209908
2688;SR-592/2020;-4.525566793000002;-61.1422464
2689;SR-592/2020;-4.525676274999988;-61.14238982000001
2690;SR-592/2020;-4.525784901000003;-61.14253389
2691;SR-592/2020;-4.52589524000002;-61.14267666000001
2692;SR-592/2020;-4.526004723000005;-61.14282009
2693;SR-592/2020;-4.526114204999992;-61.14296351
2694;SR-592/2020;-4.526223687999997;-61.14310692999999
2695;SR-592/2020;-4.526334026999994;-61.1432497
2696;SR-592/2020;-4.526442653000009;-61.14339377999999
2697;SR-592/2020;-4.526557276;-61.1435333
2698;SR-592/2020;-4.526661617;-61.14368062
2699;SR-592/2020;-4.526771099999987;-61.14382404
2700;SR-592/2020;-4.526879726000002;-61.14396811999999
2701;SR-592/2020;-4.526990064999998;-61.14411089000001
2702;SR-592/2020;-4.527099547000004;-61.14425431000001
2703;SR-592/2020;-4.52720902900001;-61.14439774
2704;SR-592/2020;-4.527318511999995;-61.14454116
2705;SR-592/2020;-4.527428850999993;-61.14468393
2706;SR-592/2020;-4.527537477000008;-61.14482799999999
2707;SR-592/2020;-4.527652098999999;-61.14496753
2708;SR-592/2020;-4.527756440999999;-61.14511485000001
2709;SR-592/2020;-4.527865923000006;-61.14525827
2710;SR-592/2020;-4.527974549;-61.14540234999999
2711;SR-592/2020;-4.528084887999997;-61.14554512000002
2712;SR-592/2020;-4.528194370000003;-61.14568854000001
2713;SR-592/2020;-4.528303853000009;-61.14583197
2714;SR-592/2020;-4.528413335000014;-61.14597538999998
2715;SR-592/2020;-4.528523674000011;-61.14611816000001
2716;SR-592/2020;-4.528632299000006;-61.14626224
2717;SR-592/2020;-4.528746922000018;-61.14640176999999
2718;SR-592/2020;-4.528851263999998;-61.14654909000001
2719;SR-592/2020;-4.528960746000004;-61.14669251000001
2720;SR-592/2020;-4.529069370999999;-61.14683657999999
2721;SR-592/2020;-4.529179709999996;-61.14697936000001
2722;SR-592/2020;-4.529289192000001;-61.14712278
2723;SR-592/2020;-4.529398675000007;-61.14726619999999
2724;SR-592/2020;-4.529508157000013;-61.14740963000002
2725;SR-592/2020;-4.52961849600001;-61.14755239999999
2726;SR-592/2020;-4.529727121000004;-61.14769648
2727;SR-592/2020;-4.529841744000016;-61.14783599999999
2728;SR-592/2020;-4.529946084999996;-61.14798332000001
2729;SR-592/2020;-4.530055567000002;-61.14812675000001
2730;SR-592/2020;-4.530164192999997;-61.14827082
2731;SR-592/2020;-4.530274530999994;-61.1484136
2732;SR-592/2020;-4.530384012999999;-61.14855702
2733;SR-592/2020;-4.530493495000005;-61.14870045000001
2734;SR-592/2020;-4.530602977999991;-61.14884387000001
2735;SR-592/2020;-4.530713316000008;-61.14898665
2736;SR-592/2020;-4.530821941999983;-61.14913072
2737;SR-592/2020;-4.530936563999994;-61.14927025
2738;SR-592/2020;-4.531040905999994;-61.14941757
2739;SR-592/2020;-4.531150387;-61.14956098999999
2740;SR-592/2020;-4.531259013000016;-61.14970507
2741;SR-592/2020;-4.531369350999991;-61.14984784000001
2742;SR-592/2020;-4.531478832999998;-61.14999127
2743;SR-592/2020;-4.531588314999984;-61.15013469
2744;SR-592/2020;-4.531697796999989;-61.15027812000001
2745;SR-592/2020;-4.531808135999986;-61.15042089
2746;SR-592/2020;-4.531916760999981;-61.15056497000001
2747;SR-592/2020;-4.532031383000012;-61.1507045
2748;SR-592/2020;-4.532135724999993;-61.15085182
2749;SR-592/2020;-4.532245206999979;-61.15099524
2750;SR-592/2020;-4.532353832000013;-61.15113931999999
2751;SR-592/2020;-4.53246416999999;-61.15128209
2752;SR-592/2020;-4.532573651999996;-61.15142552000001
2753;SR-592/2020;-4.532683134000002;-61.15156894
2754;SR-592/2020;-4.532792615999988;-61.15171237
2755;SR-592/2020;-4.532902954000004;-61.15185515
2756;SR-592/2020;-4.533011578999999;-61.15199921999999
2757;SR-592/2020;-4.533126202000011;-61.15213875000001
2758;SR-592/2020;-4.533230543000011;-61.15228607000001
2759;SR-592/2020;-4.533340024999997;-61.1524295
2760;SR-592/2020;-4.533448649999992;-61.15257356999999
2761;SR-592/2020;-4.533558988000008;-61.15271635
2762;SR-592/2020;-4.533668470000014;-61.15285976999999
2763;SR-592/2020;-4.533777951999999;-61.15300319999999
2764;SR-592/2020;-4.533887432999986;-61.15314663000001
2765;SR-592/2020;-4.533997771999982;-61.15328940000001
2766;SR-592/2020;-4.534106396999997;-61.15343347999998
2767;SR-592/2020;-4.534221019000009;-61.15357301
2768;SR-592/2020;-4.534325359999989;-61.15372032999999
2769;SR-592/2020;-4.534434841999994;-61.15386376000001
2770;SR-592/2020;-4.534543466000009;-61.15400783
2771;SR-592/2020;-4.534653805000007;-61.15415061
2772;SR-592/2020;-4.534763285999992;-61.15429403
2773;SR-592/2020;-4.534872768000017;-61.15443746
2774;SR-592/2020;-4.534982250000004;-61.15458089000001
2775;SR-592/2020;-4.535092588;-61.15472365999999
2776;SR-592/2020;-4.535201212999995;-61.15486774000001
2777;SR-592/2020;-4.535315835000007;-61.15500727
2778;SR-592/2020;-4.535419926000007;-61.15515486999998
2779;SR-592/2020;-4.535529131999989;-61.1552985
2780;SR-592/2020;-4.535637480000001;-61.15544278999999
2781;SR-592/2020;-4.535747544999995;-61.15558577
2782;SR-592/2020;-4.535856751000019;-61.15572941
2783;SR-592/2020;-4.535965957000001;-61.15587304000001
2784;SR-592/2020;-4.536075162999984;-61.15601668
2785;SR-592/2020;-4.536185226999998;-61.15615966999999
2786;SR-592/2020;-4.53629357500001;-61.15630394999999
2787;SR-592/2020;-4.536407928999999;-61.15644369999999
2788;SR-592/2020;-4.536511987000016;-61.15659122
2789;SR-592/2020;-4.536621193999999;-61.15673485
2790;SR-592/2020;-4.536729541999991;-61.15687914
2791;SR-592/2020;-4.536839606000004;-61.15702213
2792;SR-592/2020;-4.536948811999988;-61.15716576
2793;SR-592/2020;-4.537058050999994;-61.15730926
2794;SR-592/2020;-4.537167603999985;-61.15745264
2795;SR-592/2020;-4.537278014000008;-61.15759535999999
2796;SR-592/2020;-4.537386709999989;-61.15773938000002
2797;SR-592/2020;-4.537501402000006;-61.15787885999999
2798;SR-592/2020;-4.537605815999992;-61.15802613
2799;SR-592/2020;-4.537715369000004;-61.15816949999999
2800;SR-592/2020;-4.537824066000004;-61.15831352
2801;SR-592/2020;-4.537935532999995;-61.15845419999999
2802;SR-592/2020;-4.538048924000004;-61.15859457999999
2803;SR-592/2020;-4.538162314999994;-61.15873495000001
2804;SR-592/2020;-4.538275706000004;-61.15887533
2805;SR-592/2020;-4.538386694999994;-61.15901990000001
2806;SR-592/2020;-4.538491788999997;-61.15916656
2807;SR-592/2020;-4.538602989000005;-61.15930881
2808;SR-592/2020;-4.538703722000006;-61.15945861
2809;SR-592/2020;-4.538810998999989;-61.15960257999999
2810;SR-592/2020;-4.538919635000005;-61.15974665
2811;SR-592/2020;-4.539029985000022;-61.15988942
2812;SR-592/2020;-4.539139476999989;-61.16003283999999
2813;SR-592/2020;-4.539248969999996;-61.16017626000001
2814;SR-592/2020;-4.539359020999989;-61.16031882999998
2815;SR-592/2020;-4.539470711999998;-61.16046055999999
2816;SR-592/2020;-4.539580701999986;-61.16060359999999
2817;SR-592/2020;-4.539696644999987;-61.16074205000002
2818;SR-592/2020;-4.539802382000002;-61.16088838
2819;SR-592/2020;-4.539913222000001;-61.16103076999999
2820;SR-592/2020;-4.540022241000008;-61.16117536
2821;SR-592/2020;-4.540131257000015;-61.16131915
2822;SR-592/2020;-4.540239410999991;-61.16146356999999
2823;SR-592/2020;-4.540347564999987;-61.16160800000001
2824;SR-592/2020;-4.540455719000002;-61.16175242000001
2825;SR-592/2020;-4.54056473599999;-61.16189621000001
2826;SR-592/2020;-4.540672026999994;-61.16204127
2827;SR-592/2020;-4.540785356999999;-61.16218185
2828;SR-592/2020;-4.540888335000006;-61.16233012
2829;SR-592/2020;-4.540996489000002;-61.16247455
2830;SR-592/2020;-4.541103780000006;-61.16261961999999
2831;SR-592/2020;-4.541213850000001;-61.16276175
2832;SR-592/2020;-4.541324710000001;-61.16290412999998
2833;SR-592/2020;-4.541435570000001;-61.1630465
2834;SR-592/2020;-4.541546429;-61.16318888
2835;SR-592/2020;-4.541658138999991;-61.16333059000001
2836;SR-592/2020;-4.541768149000001;-61.16347361999999
2837;SR-592/2020;-4.541883885999985;-61.16361261
2838;SR-592/2020;-4.541988567999993;-61.1637597
2839;SR-592/2020;-4.542098380999986;-61.16390287999999
2840;SR-592/2020;-4.542207338999988;-61.16404670000001
2841;SR-592/2020;-4.542318007000013;-61.16418923000001
2842;SR-592/2020;-4.542427820999986;-61.16433241000001
2843;SR-592/2020;-4.542537634000019;-61.16447558
2844;SR-592/2020;-4.542645816999997;-61.16462067999999
2845;SR-592/2020;-4.542754260999997;-61.16476488999999
2846;SR-592/2020;-4.542860974000014;-61.16491038
2847;SR-592/2020;-4.542973743999992;-61.1650514
2848;SR-592/2020;-4.543076130999991;-61.16520008000001
2849;SR-592/2020;-4.543183709999998;-61.16534493999999
2850;SR-592/2020;-4.543292280999989;-61.16548796000001
2851;SR-592/2020;-4.543404220000018;-61.16562949999999
2852;SR-592/2020;-4.543515309999997;-61.16577169000001
2853;SR-592/2020;-4.543626399999996;-61.16591389
2854;SR-592/2020;-4.543737490000015;-61.16605608
2855;SR-592/2020;-4.543849429000004;-61.16619762
2856;SR-592/2020;-4.543959669000013;-61.16634048
2857;SR-592/2020;-4.544075854999994;-61.16647871999999
2858;SR-592/2020;-4.544181849000011;-61.16662486999999
2859;SR-592/2020;-4.544292683000009;-61.16676792
2860;SR-592/2020;-4.544400806999982;-61.16691238
2861;SR-592/2020;-4.544510648999998;-61.16705554
2862;SR-592/2020;-4.544619632000002;-61.16719934
2863;SR-592/2020;-4.544728615000007;-61.16734314999999
2864;SR-592/2020;-4.544838492000006;-61.16748320999999
2865;SR-592/2020;-4.544957520000001;-61.16761889000001
2866;SR-592/2020;-4.545074919000003;-61.16775595999999
2867;SR-592/2020;-4.545198020999996;-61.16788813
2868;SR-592/2020;-4.545311347;-61.16802871
2869;SR-592/2020;-4.54542956099999;-61.16816507999999
2870;SR-592/2020;-4.545547972000015;-61.16830064
2871;SR-592/2020;-4.545668877000006;-61.16843464999999
2872;SR-592/2020;-4.545788976999992;-61.16856938000002
2873;SR-592/2020;-4.545909076999997;-61.16870410999999
2874;SR-592/2020;-4.546032759000019;-61.16883211999999
2875;SR-592/2020;-4.546162419999995;-61.16895775000001
2876;SR-592/2020;-4.546290572000007;-61.1690849
2877;SR-592/2020;-4.546424008999996;-61.16920669999999
2878;SR-592/2020;-4.546548102999992;-61.16933847
2879;SR-592/2020;-4.546675733000001;-61.16946613999999
2880;SR-592/2020;-4.546802600999986;-61.16959456000001
2881;SR-592/2020;-4.546930993999998;-61.16972146999999
2882;SR-592/2020;-4.547058623999987;-61.16984914
2883;SR-592/2020;-4.547186253999995;-61.16997681000003
2884;SR-592/2020;-4.547313885000004;-61.17010447999999
2885;SR-592/2020;-4.547444289999982;-61.17022839999999
2886;SR-592/2020;-4.54757348000002;-61.17035451000001
2887;SR-592/2020;-4.547707909999992;-61.17047522000001
2888;SR-592/2020;-4.547833356000019;-61.17060517999999
2889;SR-592/2020;-4.547963293999999;-61.17073052000001
2890;SR-592/2020;-4.548092482999997;-61.17085662
2891;SR-592/2020;-4.548223169999998;-61.17098118999998
2892;SR-592/2020;-4.548352969999987;-61.17110703000001
2893;SR-592/2020;-4.548482024999993;-61.17123326
2894;SR-592/2020;-4.54861108099998;-61.17135949999998
2895;SR-592/2020;-4.548740890000009;-61.17148498
2896;SR-592/2020;-4.548869192000014;-61.17161198
2897;SR-592/2020;-4.549002771999994;-61.17173363000001
2898;SR-592/2020;-4.549127303000007;-61.17186445999999
2899;SR-592/2020;-4.549256358999994;-61.1719907
2900;SR-592/2020;-4.549384659999978;-61.17211769999999
2901;SR-592/2020;-4.549514458999986;-61.17224362
2902;SR-592/2020;-4.549642411000001;-61.17237097000001
2903;SR-592/2020;-4.549770364000016;-61.17249832
2904;SR-592/2020;-4.549898316999991;-61.17262567
2905;SR-592/2020;-4.55002702999999;-61.17275226
2906;SR-592/2020;-4.550154222000002;-61.17288037000001
2907;SR-592/2020;-4.550286733999995;-61.17300319
2908;SR-592/2020;-4.550410075999989;-61.17313514000001
2909;SR-592/2020;-4.55053798399998;-61.17326253000001
2910;SR-592/2020;-4.550665130999989;-61.17339067999999
2911;SR-592/2020;-4.550795066000008;-61.17351415000001
2912;SR-592/2020;-4.550927478999993;-61.17363689
2913;SR-592/2020;-4.551059892000017;-61.17375963
2914;SR-592/2020;-4.551192305000002;-61.17388237
2915;SR-592/2020;-4.551325450999988;-61.17400432
2916;SR-592/2020;-4.551455398000009;-61.17413117
2917;SR-592/2020;-4.551588658000023;-61.17425317000001
2918;SR-592/2020;-4.551712844000006;-61.17438433000001
2919;SR-592/2020;-4.551841567000006;-61.17451090000001
2920;SR-592/2020;-4.551969534000002;-61.17463824000001
2921;SR-592/2020;-4.552099013000004;-61.17476405999998
2922;SR-592/2020;-4.552227735999983;-61.17489062999999
2923;SR-592/2020;-4.552356459000002;-61.17501720999999
2924;SR-592/2020;-4.552485182000002;-61.17514378
2925;SR-592/2020;-4.552614662000003;-61.17526960000001
2926;SR-592/2020;-4.552742583999995;-61.17539701
2927;SR-592/2020;-4.552875787000006;-61.17551905999999
2928;SR-592/2020;-4.552999913000004;-61.17565028
2929;SR-592/2020;-4.553128576999999;-61.17577691
2930;SR-592/2020;-4.55325648499999;-61.17590430999999
2931;SR-592/2020;-4.553385905999987;-61.17603018
2932;SR-592/2020;-4.553514571000001;-61.17615682
2933;SR-592/2020;-4.553643235999996;-61.17628345000001
2934;SR-592/2020;-4.55377189999999;-61.17641009
2935;SR-592/2020;-4.553901321000007;-61.17653596
2936;SR-592/2020;-4.554029228999998;-61.17666335999998
2937;SR-592/2020;-4.554162431999988;-61.17678541999999
2938;SR-592/2020;-4.554286558000006;-61.17691663
2939;SR-592/2020;-4.554415223000001;-61.17704327000002
2940;SR-592/2020;-4.554543130999993;-61.17717067000002
2941;SR-592/2020;-4.55467255199999;-61.17729654
2942;SR-592/2020;-4.554801215999984;-61.17742318000001
2943;SR-592/2020;-4.554929880999998;-61.17754981000001
2944;SR-592/2020;-4.555058545000012;-61.17767645
2945;SR-592/2020;-4.555187966000009;-61.17780232
2946;SR-592/2020;-4.555315874000001;-61.17792972000001
2947;SR-592/2020;-4.555449078000011;-61.17805178
2948;SR-592/2020;-4.555573202999989;-61.17818299
2949;SR-592/2020;-4.555701868000003;-61.17830963000001
2950;SR-592/2020;-4.555829775999996;-61.17843703
2951;SR-592/2020;-4.555959196999993;-61.1785629
2952;SR-592/2020;-4.556087861000007;-61.17868953999999
2953;SR-592/2020;-4.556216526000021;-61.17881618
2954;SR-592/2020;-4.556345189999995;-61.17894281
2955;SR-592/2020;-4.556474610999992;-61.17906869000001
2956;SR-592/2020;-4.556602519000004;-61.17919609000001
2957;SR-592/2020;-4.556735722000013;-61.17931814
2958;SR-592/2020;-4.556859847999992;-61.17944936000001
2959;SR-592/2020;-4.556988512000006;-61.17957599999999
2960;SR-592/2020;-4.557116419999998;-61.1797034
2961;SR-592/2020;-4.557245840999995;-61.17982927000001
2962;SR-592/2020;-4.557374506000009;-61.17995590999999
2963;SR-592/2020;-4.557503169999984;-61.18008255
2964;SR-592/2020;-4.557631834999998;-61.18020917999998
2965;SR-592/2020;-4.557761254999995;-61.18033506000001
2966;SR-592/2020;-4.557889163000006;-61.18046246
2967;SR-592/2020;-4.558022365999996;-61.18058451
2968;SR-592/2020;-4.558146491999995;-61.18071573000001
2969;SR-592/2020;-4.558275156999989;-61.18084236999999
2970;SR-592/2020;-4.558403064;-61.18096976999999
2971;SR-592/2020;-4.558532484999997;-61.18109563999999
2972;SR-592/2020;-4.558661150000011;-61.18122227999999
2973;SR-592/2020;-4.558789813999987;-61.18134892
2974;SR-592/2020;-4.558918478000001;-61.18147555999999
2975;SR-592/2020;-4.559047898999998;-61.18160142999999
2976;SR-592/2020;-4.559177377999979;-61.18172645999999
2977;SR-592/2020;-4.559312386999999;-61.18184653000001
2978;SR-592/2020;-4.559438456999998;-61.18197588999998
2979;SR-592/2020;-4.559568997000008;-61.18210060999998
2980;SR-592/2020;-4.559698792000015;-61.1822261
2981;SR-592/2020;-4.559830076999987;-61.18235004
2982;SR-592/2020;-4.559960616999996;-61.18247475999999
2983;SR-592/2020;-4.560091156999986;-61.18259948
2984;SR-592/2020;-4.560221696000015;-61.18272455
2985;SR-592/2020;-4.560352135999997;-61.18284936999999
2986;SR-592/2020;-4.560481073999993;-61.18297574
2987;SR-592/2020;-4.560615265000005;-61.18309672000001
2988;SR-592/2020;-4.560740452000012;-61.18322693
2989;SR-592/2020;-4.560870141000011;-61.18335253000001
2990;SR-592/2020;-4.560998442999995;-61.18348031999999
2991;SR-592/2020;-4.56112686899999;-61.18360719999999
2992;SR-592/2020;-4.561254533000001;-61.18373483999999
2993;SR-592/2020;-4.561382501999978;-61.18386098
2994;SR-592/2020;-4.561513117999993;-61.18398562
2995;SR-592/2020;-4.561644480000011;-61.18410948
2996;SR-592/2020;-4.561774351999985;-61.18423489
2997;SR-592/2020;-4.561909436000011;-61.18435487999999
2998;SR-592/2020;-4.562034743000007;-61.18448575999999
2999;SR-592/2020;-4.562163582999997;-61.18461221999998
3000;SR-592/2020;-4.562291667000002;-61.18473945
3001;SR-592/2020;-4.562421261999994;-61.18486514000001
3002;SR-592/2020;-4.562550101999983;-61.18499159999998
3003;SR-592/2020;-4.562678941000011;-61.18511806999998
3004;SR-592/2020;-4.562807781;-61.18524453000001
3005;SR-592/2020;-4.562937376000011;-61.18537023
3006;SR-592/2020;-4.563065461000018;-61.18549745000001
3007;SR-592/2020;-4.563198833000001;-61.18561933
3008;SR-592/2020;-4.563323139999995;-61.18575036999999
3009;SR-592/2020;-4.563452979000006;-61.18587527
3010;SR-592/2020;-4.563582418000005;-61.18600111999999
3011;SR-592/2020;-4.563713350999987;-61.18612543999999
3012;SR-592/2020;-4.563843538000008;-61.18625052000001
3013;SR-592/2020;-4.563973723999988;-61.18637561000001
3014;SR-592/2020;-4.564103910999988;-61.18650069
3015;SR-592/2020;-4.564234843999991;-61.186625
3016;SR-592/2020;-4.564364283000009;-61.18675086
3017;SR-592/2020;-4.564498953;-61.18687130999998
3018;SR-592/2020;-4.564624656000009;-61.18700103000001
3019;SR-592/2020;-4.56475484200001;-61.18712611999999
3020;SR-592/2020;-4.564884282000008;-61.18725197000001
3021;SR-592/2020;-4.56501521499999;-61.18737629000001
3022;SR-592/2020;-4.56514540200001;-61.18750137000001
3023;SR-592/2020;-4.565275587999991;-61.18762645999998
3024;SR-592/2020;-4.565404961000004;-61.18775275
3025;SR-592/2020;-4.56553497799999;-61.18787801999999
3026;SR-592/2020;-4.565663489999991;-61.18800482
3027;SR-592/2020;-4.56579727100001;-61.18812625000001
3028;SR-592/2020;-4.565922017999999;-61.18825688
3029;SR-592/2020;-4.566051281999983;-61.18838291
3030;SR-592/2020;-4.566179793999985;-61.18850971000001
3031;SR-592/2020;-4.566309810999991;-61.18863498
3032;SR-592/2020;-4.566438970000006;-61.18876116000001
3033;SR-592/2020;-4.566568114000001;-61.18888731999999
3034;SR-592/2020;-4.566697256999994;-61.18901347
3035;SR-592/2020;-4.566827154000011;-61.18913886
3036;SR-592/2020;-4.566955544000002;-61.18926577999999
3037;SR-592/2020;-4.56708920899999;-61.18938734
3038;SR-592/2020;-4.56721383100001;-61.18951809000001
3039;SR-592/2020;-4.567342974000004;-61.18964425000001
3040;SR-592/2020;-4.567471363999996;-61.18977117
3041;SR-592/2020;-4.567601260999991;-61.18989656
3042;SR-592/2020;-4.567730404999986;-61.19002270999999
3043;SR-592/2020;-4.567859547999999;-61.19014886999999
3044;SR-592/2020;-4.567988691999993;-61.19027502
3045;SR-592/2020;-4.56811858899999;-61.19040040999999
3046;SR-592/2020;-4.568246979000001;-61.19052733000002
3047;SR-592/2020;-4.56838064300001;-61.19064889
3048;SR-592/2020;-4.568505264999989;-61.19077964000001
3049;SR-592/2020;-4.568634409000003;-61.1909058
3050;SR-592/2020;-4.568762799000014;-61.19103272
3051;SR-592/2020;-4.568892696000011;-61.19115811000001
3052;SR-592/2020;-4.569021838999985;-61.19128426
3053;SR-592/2020;-4.569150981999998;-61.19141042
3054;SR-592/2020;-4.569280125999993;-61.19153657999999
3055;SR-592/2020;-4.569410022999989;-61.19166196000001
3056;SR-592/2020;-4.569538413;-61.19178889
3057;SR-592/2020;-4.569672077000009;-61.19191044999999
3058;SR-592/2020;-4.569796698999989;-61.19204120000001
3059;SR-592/2020;-4.569925843000002;-61.19216735
3060;SR-592/2020;-4.570054231999993;-61.19229427999999
3061;SR-592/2020;-4.57018412900001;-61.19241966999999
3062;SR-592/2020;-4.570313273000004;-61.19254582
3063;SR-592/2020;-4.570442415999998;-61.19267198000001
3064;SR-592/2020;-4.570571558999992;-61.19279812999999
3065;SR-592/2020;-4.570701455999988;-61.19292351999999
3066;SR-592/2020;-4.570829846;-61.19305045000001
3067;SR-592/2020;-4.570963511000008;-61.19317200999999
3068;SR-592/2020;-4.571088132999988;-61.19330276
3069;SR-592/2020;-4.571217276000001;-61.19342890999999
3070;SR-592/2020;-4.571345666000013;-61.19355583999999
3071;SR-592/2020;-4.571475563000009;-61.19368123000002
3072;SR-592/2020;-4.571604705999983;-61.19380738
3073;SR-592/2020;-4.571733848999997;-61.19393354000001
3074;SR-592/2020;-4.571862992999991;-61.1940597
3075;SR-592/2020;-4.571992889000008;-61.19418508999998
3076;SR-592/2020;-4.572121278999979;-61.19431201000001
3077;SR-592/2020;-4.572254944000007;-61.19443357
3078;SR-592/2020;-4.572379565999986;-61.19456432
3079;SR-592/2020;-4.572508709000001;-61.19469047999999
3080;SR-592/2020;-4.572637098999992;-61.1948174
3081;SR-592/2020;-4.572766996000008;-61.19494279000001
3082;SR-592/2020;-4.572896139000003;-61.19506895000001
3083;SR-592/2020;-4.573025281999996;-61.19519511
3084;SR-592/2020;-4.57315442500001;-61.19532126000001
3085;SR-592/2020;-4.573284322000006;-61.19544665000001
3086;SR-592/2020;-4.573412711999998;-61.19557358
3087;SR-592/2020;-4.573546375999986;-61.19569514000001
3088;SR-592/2020;-4.573670998000006;-61.19582589000001
3089;SR-592/2020;-4.573800141;-61.19595205
3090;SR-592/2020;-4.573928531000011;-61.19607897000001
3091;SR-592/2020;-4.574058428000008;-61.19620435999999
3092;SR-592/2020;-4.574187571000001;-61.19633052
3093;SR-592/2020;-4.574316713999995;-61.19645668
3094;SR-592/2020;-4.574445857000009;-61.19658283999999
3095;SR-592/2020;-4.574575753999985;-61.19670822999999
3096;SR-592/2020;-4.574704144000017;-61.19683515000001
3097;SR-592/2020;-4.574837808000005;-61.19695670999999
3098;SR-592/2020;-4.574962430000005;-61.19708747
3099;SR-592/2020;-4.575091573000019;-61.19721362000001
3100;SR-592/2020;-4.57521996299999;-61.19734055000001
3101;SR-592/2020;-4.575349859999987;-61.19746594
3102;SR-592/2020;-4.575479003;-61.1975921
3103;SR-592/2020;-4.575608146000015;-61.19771825000001
3104;SR-592/2020;-4.575737288999989;-61.19784440999999
3105;SR-592/2020;-4.575867186000004;-61.1979698
3106;SR-592/2020;-4.575995575000016;-61.19809673000001
3107;SR-592/2020;-4.576129240000004;-61.19821829
3108;SR-592/2020;-4.576253861999984;-61.19834904
3109;SR-592/2020;-4.576383004999998;-61.19847519999999
3110;SR-592/2020;-4.576511393999989;-61.19860213
3111;SR-592/2020;-4.576641290999985;-61.19872752000001
3112;SR-592/2020;-4.576770433999999;-61.19885367999999
3113;SR-592/2020;-4.576899577000013;-61.19897983
3114;SR-592/2020;-4.577028719999987;-61.19910598999999
3115;SR-592/2020;-4.577158617000004;-61.19923138999999
3116;SR-592/2020;-4.577287006999995;-61.19935831
3117;SR-592/2020;-4.577420671000003;-61.19947987
3118;SR-592/2020;-4.577545293000023;-61.19961063
3119;SR-592/2020;-4.577674435999997;-61.19973679
3120;SR-592/2020;-4.577802824999988;-61.19986371000001
3121;SR-592/2020;-4.577932722000004;-61.19998910000001
3122;SR-592/2020;-4.578061864999999;-61.20011526
3123;SR-592/2020;-4.578191008000012;-61.20024142
3124;SR-592/2020;-4.578320151000006;-61.20036758000001
3125;SR-592/2020;-4.578450048000002;-61.20049297
3126;SR-592/2020;-4.578578437000013;-61.2006199
3127;SR-592/2020;-4.578712102000003;-61.20074146000001
3128;SR-592/2020;-4.578836618999993;-61.20087238999999
3129;SR-592/2020;-4.578965586000012;-61.20099873000002
3130;SR-592/2020;-4.579093798999989;-61.20112583
3131;SR-592/2020;-4.579223522000011;-61.2012514
3132;SR-592/2020;-4.57935248900001;-61.20137774
3133;SR-592/2020;-4.579481456999989;-61.20150408
3134;SR-592/2020;-4.57961042499999;-61.20163041
3135;SR-592/2020;-4.579740146999991;-61.20175599
3136;SR-592/2020;-4.579868360000008;-61.20188308999999
3137;SR-592/2020;-4.580001855000003;-61.20200484000001
3138;SR-592/2020;-4.580126295000007;-61.20213576000001
3139;SR-592/2020;-4.580255263000006;-61.20226209999999
3140;SR-592/2020;-4.580383476000003;-61.2023892
3141;SR-592/2020;-4.580513198000005;-61.20251477999999
3142;SR-592/2020;-4.580642165999985;-61.20264110999999
3143;SR-592/2020;-4.580771133000003;-61.20276745000002
3144;SR-592/2020;-4.580900101000003;-61.20289379
3145;SR-592/2020;-4.581029822999985;-61.20301936
3146;SR-592/2020;-4.581158036000001;-61.20314646
3147;SR-592/2020;-4.581291530999996;-61.20326820999999
3148;SR-592/2020;-4.58141597100002;-61.20339914
3149;SR-592/2020;-4.581544939;-61.20352547999999
3150;SR-592/2020;-4.581673152000016;-61.20365258000001
3151;SR-592/2020;-4.581802873999998;-61.20377815000001
3152;SR-592/2020;-4.581931840999998;-61.20390448999999
3153;SR-592/2020;-4.582060809000017;-61.20403082999999
3154;SR-592/2020;-4.582189797000018;-61.20415711999999
3155;SR-592/2020;-4.582319582000006;-61.20428263
3156;SR-592/2020;-4.582447859000007;-61.20440966999998
3157;SR-592/2020;-4.582581414999987;-61.20453135
3158;SR-592/2020;-4.582705921000017;-61.20466222000001
3159;SR-592/2020;-4.582834952000021;-61.20478848999999
3160;SR-592/2020;-4.582963229000003;-61.20491552999998
3161;SR-592/2020;-4.58309301400001;-61.20504104
3162;SR-592/2020;-4.583222045000015;-61.20516731
3163;SR-592/2020;-4.58335107599998;-61.20529359
3164;SR-592/2020;-4.583480107000004;-61.20541986000001
3165;SR-592/2020;-4.583609892999991;-61.20554537000001
3166;SR-592/2020;-4.583738169000013;-61.20567241000002
3167;SR-592/2020;-4.583871726000012;-61.20579408999999
3168;SR-592/2020;-4.583996231000023;-61.20592496
3169;SR-592/2020;-4.584125261999987;-61.20605122999999
3170;SR-592/2020;-4.584253539000009;-61.20617827000002
3171;SR-592/2020;-4.584383323999996;-61.20630378000001
3172;SR-592/2020;-4.584512354999982;-61.20643004999999
3173;SR-592/2020;-4.584641385999985;-61.20655633
3174;SR-592/2020;-4.584770416999991;-61.2066826
3175;SR-592/2020;-4.584900202999997;-61.20680810999999
3176;SR-592/2020;-4.58502847899998;-61.20693514999999
3177;SR-592/2020;-4.585162035999979;-61.20705684000001
3178;SR-592/2020;-4.585286540999989;-61.20718769999997
3179;SR-592/2020;-4.585415571999993;-61.20731398
3180;SR-592/2020;-4.585543848999995;-61.20744102
3181;SR-592/2020;-4.585673633999983;-61.20756653000002
3182;SR-592/2020;-4.585802664999987;-61.20769279999999
3183;SR-592/2020;-4.585931695999992;-61.20781908000001
3184;SR-592/2020;-4.586060726999996;-61.20794535
3185;SR-592/2020;-4.586190512000003;-61.20807085999999
3186;SR-592/2020;-4.586318788999986;-61.20819789999999
3187;SR-592/2020;-4.586452345000005;-61.20831957999999
3188;SR-592/2020;-4.586576850999995;-61.20845045000001
3189;SR-592/2020;-4.586705882;-61.20857673
3190;SR-592/2020;-4.586834159000002;-61.20870377000001
3191;SR-592/2020;-4.586963943999988;-61.20882928
3192;SR-592/2020;-4.587092974999994;-61.20895554999999
3193;SR-592/2020;-4.587222005999998;-61.20908183000001
3194;SR-592/2020;-4.587351036000003;-61.20920810000001
3195;SR-592/2020;-4.58748082200001;-61.20933361
3196;SR-592/2020;-4.587609097999992;-61.20946066
3197;SR-592/2020;-4.587742654999991;-61.20958234
3198;SR-592/2020;-4.587867160000001;-61.20971320999999
3199;SR-592/2020;-4.587996053999994;-61.20983969
3200;SR-592/2020;-4.588124158999982;-61.2099669
3201;SR-592/2020;-4.588253774999995;-61.21009259000001
3202;SR-592/2020;-4.588382634999986;-61.21021903
3203;SR-592/2020;-4.588511495999996;-61.21034548000001
3204;SR-592/2020;-4.588640356000006;-61.21047193
3205;SR-592/2020;-4.588769972;-61.21059762000001
3206;SR-592/2020;-4.588898077000008;-61.21072483
3207;SR-592/2020;-4.589031468999993;-61.21084668999999
3208;SR-592/2020;-4.589155798000009;-61.21097773
3209;SR-592/2020;-4.589284657999999;-61.21110418000001
3210;SR-592/2020;-4.589412763000007;-61.21123138999999
3211;SR-592/2020;-4.589542379;-61.21135706999999
3212;SR-592/2020;-4.58967123900001;-61.21148352
3213;SR-592/2020;-4.589800099999981;-61.21160997
3214;SR-592/2020;-4.589928960000011;-61.21173641999999
3215;SR-592/2020;-4.590058575999985;-61.21186211
3216;SR-592/2020;-4.590186681000013;-61.21198932000001
3217;SR-592/2020;-4.590320072999978;-61.21211118
3218;SR-592/2020;-4.590444401000013;-61.21224222000001
3219;SR-592/2020;-4.590573261999984;-61.21236866999998
3220;SR-592/2020;-4.590701367000012;-61.21249588000001
3221;SR-592/2020;-4.590830982000005;-61.21262157
3222;SR-592/2020;-4.590959843000015;-61.21274800999999
3223;SR-592/2020;-4.591088703000006;-61.21287446
3224;SR-592/2020;-4.591217562999996;-61.21300091000001
3225;SR-592/2020;-4.591347178999989;-61.2131266
3226;SR-592/2020;-4.591475284000017;-61.21325381
3227;SR-592/2020;-4.591608675999983;-61.21337568000001
3228;SR-592/2020;-4.591733003999998;-61.21350671
3229;SR-592/2020;-4.591861864999989;-61.21363316000001
3230;SR-592/2020;-4.591989969999977;-61.21376038
3231;SR-592/2020;-4.59211958500001;-61.21388605999999
3232;SR-592/2020;-4.592248445;-61.21401251
3233;SR-592/2020;-4.59237730600001;-61.21413895999999
3234;SR-592/2020;-4.592506166000001;-61.21426541
3235;SR-592/2020;-4.592635781999994;-61.21439109999999
3236;SR-592/2020;-4.592763886999983;-61.21451831
3237;SR-592/2020;-4.592897278000008;-61.21464018000001
3238;SR-592/2020;-4.593021607000003;-61.21477121000001
3239;SR-592/2020;-4.593150466999994;-61.21489766
3240;SR-592/2020;-4.593278572000001;-61.21502487999998
3241;SR-592/2020;-4.593408188000014;-61.21515056
3242;SR-592/2020;-4.593537048000005;-61.21527700999999
3243;SR-592/2020;-4.593665907999995;-61.21540346
3244;SR-592/2020;-4.593794768000006;-61.21552990999998
3245;SR-592/2020;-4.593924383999999;-61.2156556
3246;SR-592/2020;-4.594052489000006;-61.21578281999999
3247;SR-592/2020;-4.594185880999992;-61.21590467999999
3248;SR-592/2020;-4.594310209000008;-61.21603572000001
3249;SR-592/2020;-4.594439068999998;-61.21616216999999
3250;SR-592/2020;-4.594567173999986;-61.21628938
3251;SR-592/2020;-4.594696789999999;-61.21641506999999
3252;SR-592/2020;-4.59482564999999;-61.21654152
3253;SR-592/2020;-4.59495451;-61.21666797000001
3254;SR-592/2020;-4.59508336999999;-61.21679442
3255;SR-592/2020;-4.595213449999981;-61.21691942000001
3256;SR-592/2020;-4.595342068999992;-61.21704611999998
3257;SR-592/2020;-4.595475953999999;-61.21716745000001
3258;SR-592/2020;-4.595600812999998;-61.21729798
3259;SR-592/2020;-4.595730183999991;-61.21742392000001
3260;SR-592/2020;-4.595858803999981;-61.21755061
3261;SR-592/2020;-4.595988927999997;-61.21767578000001
3262;SR-592/2020;-4.596118300000009;-61.21780171000001
3263;SR-592/2020;-4.596247671000022;-61.21792764
3264;SR-592/2020;-4.596377042999995;-61.21805356999999
3265;SR-592/2020;-4.59650716699999;-61.21817873999999
3266;SR-592/2020;-4.596635787;-61.21830543999999
3267;SR-592/2020;-4.596769671000008;-61.21842675999999
3268;SR-592/2020;-4.596894529999986;-61.2185573
3269;SR-592/2020;-4.597023901999999;-61.21868323000001
3270;SR-592/2020;-4.597152520999989;-61.21880993
3271;SR-592/2020;-4.597282645000005;-61.21893509
3272;SR-592/2020;-4.597412017000018;-61.21906103000001
3273;SR-592/2020;-4.597541387999991;-61.21918696
3274;SR-592/2020;-4.597670760000003;-61.21931288999999
3275;SR-592/2020;-4.597800884000018;-61.21943805000002
3276;SR-592/2020;-4.597929502999989;-61.21956475
3277;SR-592/2020;-4.598063460000001;-61.21968595
3278;SR-592/2020;-4.598188450000011;-61.21981636000002
3279;SR-592/2020;-4.598317949000014;-61.21994216000001
3280;SR-592/2020;-4.598446696999976;-61.22006873000003
3281;SR-592/2020;-4.598576947000002;-61.22019376000001
3282;SR-592/2020;-4.598706447000005;-61.22031957000001
3283;SR-592/2020;-4.598835946000008;-61.22044536999999
3284;SR-592/2020;-4.598965445000012;-61.22057117
3285;SR-592/2020;-4.599095694999997;-61.22069619999999
3286;SR-592/2020;-4.599224442999999;-61.22082277
3287;SR-592/2020;-4.599358450000015;-61.22094397000001
3288;SR-592/2020;-4.599483440999985;-61.22107438000001
3289;SR-592/2020;-4.599612939999989;-61.22120017999999
3290;SR-592/2020;-4.599741687999989;-61.22132675000001
3291;SR-592/2020;-4.599871938000016;-61.22145179
3292;SR-592/2020;-4.600001436999999;-61.22157759
3293;SR-592/2020;-4.600130936000002;-61.22170338999999
3294;SR-592/2020;-4.600260435000005;-61.22182918999999
3295;SR-592/2020;-4.600390685000011;-61.22195422999999
3296;SR-592/2020;-4.600519432999992;-61.22208080000001
3297;SR-592/2020;-4.600653440000009;-61.22220199
3298;SR-592/2020;-4.600778431000019;-61.22233241000001
3299;SR-592/2020;-4.600907930000002;-61.22245821
3300;SR-592/2020;-4.601036678000023;-61.22258478000001
3301;SR-592/2020;-4.601166927999989;-61.22270981
3302;SR-592/2020;-4.601296426999992;-61.22283561999999
3303;SR-592/2020;-4.601425925999996;-61.22296141999999
3304;SR-592/2020;-4.601555424999979;-61.22308721999999
3305;SR-592/2020;-4.601685675000004;-61.22321226
3306;SR-592/2020;-4.601814423000006;-61.22333883
3307;SR-592/2020;-4.601948430000002;-61.22346002
3308;SR-592/2020;-4.602073420999993;-61.22359044000002
3309;SR-592/2020;-4.602202919999996;-61.22371623999999
3310;SR-592/2020;-4.602331666999997;-61.22384281000001
3311;SR-592/2020;-4.602461917000003;-61.22396785000001
3312;SR-592/2020;-4.602591415999986;-61.22409365000001
3313;SR-592/2020;-4.602720914999989;-61.22421944999999
3314;SR-592/2020;-4.602850413999993;-61.22434526
3315;SR-592/2020;-4.602980664999999;-61.22447028999999
3316;SR-592/2020;-4.603109411999999;-61.22459686
3317;SR-592/2020;-4.603243418999996;-61.22471805999998
3318;SR-592/2020;-4.603368410000006;-61.22484846999999
3319;SR-592/2020;-4.603497908999989;-61.22497427999999
3320;SR-592/2020;-4.603626655999991;-61.22510084999999
3321;SR-592/2020;-4.603756905999996;-61.22522588
3322;SR-592/2020;-4.603886404999999;-61.22535169
3323;SR-592/2020;-4.604015904000002;-61.22547749000001
3324;SR-592/2020;-4.604145402999986;-61.2256033
3325;SR-592/2020;-4.604275653000012;-61.22572833000001
3326;SR-592/2020;-4.604404401000012;-61.22585490000001
3327;SR-592/2020;-4.604538407999989;-61.2259761
3328;SR-592/2020;-4.604663398000019;-61.22610650999999
3329;SR-592/2020;-4.604792897000003;-61.22623232
3330;SR-592/2020;-4.604921644999984;-61.22635889
3331;SR-592/2020;-4.60505189500001;-61.22648392
3332;SR-592/2020;-4.605181393999993;-61.22660973000001
3333;SR-592/2020;-4.605310892999997;-61.22673552999999
3334;SR-592/2020;-4.605440391;-61.22686133999999
3335;SR-592/2020;-4.605570642000005;-61.22698636999997
3336;SR-592/2020;-4.605699388999986;-61.22711294999998
3337;SR-592/2020;-4.605833396000003;-61.22723414
3338;SR-592/2020;-4.605958386999993;-61.22736456
3339;SR-592/2020;-4.606087884999996;-61.22749036
3340;SR-592/2020;-4.606216632999997;-61.22761693000002
3341;SR-592/2020;-4.606346882999983;-61.22774196999999
3342;SR-592/2020;-4.606476382000007;-61.22786777999999
3343;SR-592/2020;-4.606605879999989;-61.22799358
3344;SR-592/2020;-4.606735378999993;-61.22811939
3345;SR-592/2020;-4.606865628999999;-61.22824442000002
3346;SR-592/2020;-4.606994376999999;-61.22837099
3347;SR-592/2020;-4.607128383999997;-61.22849219
3348;SR-592/2020;-4.607253374000006;-61.22862261
3349;SR-592/2020;-4.607382873000009;-61.22874841000001
3350;SR-592/2020;-4.607511619999991;-61.22887497999999
3351;SR-592/2020;-4.607641870000016;-61.22900002000001
3352;SR-592/2020;-4.607771369;-61.22912583
3353;SR-592/2020;-4.607900868000003;-61.22925163
3354;SR-592/2020;-4.608030367000007;-61.22937744
3355;SR-592/2020;-4.608160617000012;-61.22950246999999
3356;SR-592/2020;-4.608289363999994;-61.22962904999999
3357;SR-592/2020;-4.60842337099999;-61.22975024000001
3358;SR-592/2020;-4.608548361;-61.22988065999999
3359;SR-592/2020;-4.608677860000004;-61.23000646000001
3360;SR-592/2020;-4.608806606999984;-61.23013304000001
3361;SR-592/2020;-4.60893685700001;-61.23025808
3362;SR-592/2020;-4.609066355999993;-61.23038388
3363;SR-592/2020;-4.609195854999997;-61.23050969
3364;SR-592/2020;-4.609325353;-61.23063549
3365;SR-592/2020;-4.609455602999986;-61.23076052999999
3366;SR-592/2020;-4.609584350999986;-61.23088709999999
3367;SR-592/2020;-4.609718288000018;-61.23100844
3368;SR-592/2020;-4.609843137999996;-61.23113899000002
3369;SR-592/2020;-4.609972502000009;-61.23126493000002
3370;SR-592/2020;-4.610101113000018;-61.23139164000001
3371;SR-592/2020;-4.610231228999993;-61.23151682
3372;SR-592/2020;-4.610360593000005;-61.23164276
3373;SR-592/2020;-4.610489956000016;-61.23176870999999
3374;SR-592/2020;-4.610619320000009;-61.23189465
3375;SR-592/2020;-4.610749435999983;-61.23201983000001
3376;SR-592/2020;-4.610878046999993;-61.23214654
3377;SR-592/2020;-4.611011925000019;-61.23226787999999
3378;SR-592/2020;-4.611136774999998;-61.23239843
3379;SR-592/2020;-4.61126613799999;-61.23252436999999
3380;SR-592/2020;-4.611394749999979;-61.23265108
3381;SR-592/2020;-4.611524865999995;-61.23277626
3382;SR-592/2020;-4.611654229000006;-61.23290219999999
3383;SR-592/2020;-4.611783593000018;-61.23302815
3384;SR-592/2020;-4.611912956999991;-61.23315408999999
3385;SR-592/2020;-4.612043072000005;-61.23327927
3386;SR-592/2020;-4.612171683999994;-61.23340598000001
3387;SR-592/2020;-4.612305561000001;-61.23352732000001
3388;SR-592/2020;-4.612430410999999;-61.23365787000001
3389;SR-592/2020;-4.612559774999991;-61.23378382
3390;SR-592/2020;-4.612688386000001;-61.23391053000001
3391;SR-592/2020;-4.612818502000016;-61.23403570999999
3392;SR-592/2020;-4.612947864999988;-61.23416164999999
3393;SR-592/2020;-4.613077229;-61.23428759999999
3394;SR-592/2020;-4.613206592000012;-61.23441354
3395;SR-592/2020;-4.613336707999986;-61.23453872
3396;SR-592/2020;-4.613465319999996;-61.23466543
3397;SR-592/2020;-4.613599036000009;-61.23478706000001
3398;SR-592/2020;-4.613723607999985;-61.23491787999999
3399;SR-592/2020;-4.613852702999994;-61.23504409
3400;SR-592/2020;-4.613981044000022;-61.23517108000001
3401;SR-592/2020;-4.614110892999994;-61.23529653
3402;SR-592/2020;-4.614239988000004;-61.23542274999999
3403;SR-592/2020;-4.614369082999994;-61.23554897
3404;SR-592/2020;-4.614498177999984;-61.23567518999998
3405;SR-592/2020;-4.614628025999997;-61.23580064
3406;SR-592/2020;-4.614756367000004;-61.23592763
3407;SR-592/2020;-4.614889986000009;-61.23604925000001
3408;SR-592/2020;-4.615014557000004;-61.23618006
3409;SR-592/2020;-4.615143651999993;-61.23630628000002
3410;SR-592/2020;-4.615271993;-61.23643326999998
3411;SR-592/2020;-4.615401842000013;-61.23655872
3412;SR-592/2020;-4.615530936999983;-61.23668494000001
3413;SR-592/2020;-4.615660031999993;-61.23681116
3414;SR-592/2020;-4.615789127000003;-61.23693737999999
3415;SR-592/2020;-4.615918974999995;-61.23706283
3416;SR-592/2020;-4.616047315999983;-61.23718982
3417;SR-592/2020;-4.616180934999987;-61.23731144000001
3418;SR-592/2020;-4.616305506000002;-61.23744226
3419;SR-592/2020;-4.616434601000012;-61.23756847999999
3420;SR-592/2020;-4.616562942;-61.23769546
3421;SR-592/2020;-4.616692790999992;-61.23782091000001
3422;SR-592/2020;-4.616821886000002;-61.23794713000001
3423;SR-592/2020;-4.616950980000012;-61.23807335000001
3424;SR-592/2020;-4.617080074999982;-61.23819957000001
3425;SR-592/2020;-4.617209924000014;-61.23832503
3426;SR-592/2020;-4.617338265000002;-61.23845201000001
3427;SR-592/2020;-4.617471883000006;-61.23857364000001
3428;SR-592/2020;-4.617596454000001;-61.23870445
3429;SR-592/2020;-4.617725548999991;-61.23883067000001
3430;SR-592/2020;-4.617853889999999;-61.23895766
3431;SR-592/2020;-4.617983739000011;-61.23908311
3432;SR-592/2020;-4.618112833999981;-61.23920933
3433;SR-592/2020;-4.61824192800001;-61.23933554999999
3434;SR-592/2020;-4.618371023000001;-61.23946176999999
3435;SR-592/2020;-4.618500871999993;-61.23958723
3436;SR-592/2020;-4.618629213;-61.23971421000001
3437;SR-592/2020;-4.618762831000005;-61.23983583999999
3438;SR-592/2020;-4.61888740200002;-61.23996664999999
3439;SR-592/2020;-4.61901649699999;-61.24009287999998
3440;SR-592/2020;-4.619144838000018;-61.24021986
3441;SR-592/2020;-4.61927468600001;-61.24034532000001
3442;SR-592/2020;-4.61940378099998;-61.24047154
3443;SR-592/2020;-4.61953287599999;-61.24059775999999
3444;SR-592/2020;-4.619661970999999;-61.24072398000002
3445;SR-592/2020;-4.619791818999992;-61.24084943
3446;SR-592/2020;-4.619920159999999;-61.24097642000001
3447;SR-592/2020;-4.620053778000004;-61.24109805000001
3448;SR-592/2020;-4.620178349000019;-61.24122886000001
3449;SR-592/2020;-4.620307443999989;-61.24135508000002
3450;SR-592/2020;-4.620435785000017;-61.24148207
3451;SR-592/2020;-4.620565633000009;-61.24160752000001
3452;SR-592/2020;-4.620694727999998;-61.24173374
3453;SR-592/2020;-4.620823822999989;-61.24185997000001
3454;SR-592/2020;-4.620952917999999;-61.24198619000001
3455;SR-592/2020;-4.621082765999991;-61.24211164
3456;SR-592/2020;-4.621211106999999;-61.24223863000001
3457;SR-592/2020;-4.621344725000003;-61.24236026
3458;SR-592/2020;-4.621469295999978;-61.24249106999999
3459;SR-592/2020;-4.621598390999988;-61.24261729000001
3460;SR-592/2020;-4.621726730999995;-61.24274428
3461;SR-592/2020;-4.621856580000008;-61.24286974000001
3462;SR-592/2020;-4.621985674999998;-61.24299596
3463;SR-592/2020;-4.622114769000008;-61.24312217999999
3464;SR-592/2020;-4.622243864000017;-61.24324840000001
3465;SR-592/2020;-4.62237371200001;-61.24337385999999
3466;SR-592/2020;-4.622502052999997;-61.24350083999999
3467;SR-592/2020;-4.622635671000022;-61.24362247
3468;SR-592/2020;-4.622760241999996;-61.24375328999999
3469;SR-592/2020;-4.622889337000007;-61.24387951000001
3470;SR-592/2020;-4.623017677000014;-61.2440065
3471;SR-592/2020;-4.623147526000007;-61.24413194999999
3472;SR-592/2020;-4.623276620999997;-61.24425817
3473;SR-592/2020;-4.623405714999986;-61.24438439999999
3474;SR-592/2020;-4.623534809999996;-61.24451062000001
3475;SR-592/2020;-4.623664657999988;-61.24463606999999
3476;SR-592/2020;-4.623792998999996;-61.24476305999999
3477;SR-592/2020;-4.623926617;-61.24488469
3478;SR-592/2020;-4.624051188000015;-61.24501550999998
3479;SR-592/2020;-4.624180282000006;-61.24514173000001
3480;SR-592/2020;-4.624308622999993;-61.24526872
3481;SR-592/2020;-4.624438470999985;-61.24539416999999
3482;SR-592/2020;-4.624567565999995;-61.24552039999999
3483;SR-592/2020;-4.624696660000005;-61.24564662
3484;SR-592/2020;-4.624825754999994;-61.24577284000001
3485;SR-592/2020;-4.624955602999988;-61.24589829999999
3486;SR-592/2020;-4.625085680000018;-61.24602222999999
3487;SR-592/2020;-4.625222194999983;-61.24614062
3488;SR-592/2020;-4.625349886999997;-61.24626842
3489;SR-592/2020;-4.625481990999996;-61.24639151
3490;SR-592/2020;-4.625615535000014;-61.24651011000001
3491;SR-592/2020;-4.625754790000006;-61.24662511
3492;SR-592/2020;-4.625893353000019;-61.24674093000001
3493;SR-592/2020;-4.626032754000002;-61.24685428000003
3494;SR-592/2020;-4.626174262;-61.24696650999999
3495;SR-592/2020;-4.626316440999993;-61.24707789999999
3496;SR-592/2020;-4.626457277999996;-61.24719097
3497;SR-592/2020;-4.626602808000007;-61.24729816999999
3498;SR-592/2020;-4.626740293999991;-61.24741543999999
3499;SR-592/2020;-4.626881712000001;-61.24752716
3500;SR-592/2020;-4.627023759000004;-61.24763871999999
3501;SR-592/2020;-4.627167128999976;-61.24774858000001
3502;SR-592/2020;-4.627311854999981;-61.24785430000001
3503;SR-592/2020;-4.627458743000004;-61.24795944000001
3504;SR-592/2020;-4.627605800999981;-61.24806395
3505;SR-592/2020;-4.627753979000011;-61.24816729
3506;SR-592/2020;-4.627903736999992;-61.24826615000002
3507;SR-592/2020;-4.628058239000006;-61.24836005
3508;SR-592/2020;-4.628205626999991;-61.24846470000001
3509;SR-592/2020;-4.628356633999995;-61.24856356000002
3510;SR-592/2020;-4.628507471000005;-61.24866299999999
3511;SR-592/2020;-4.628659483999993;-61.24876063999999
3512;SR-592/2020;-4.628811109999988;-61.24885844999999
3513;SR-592/2020;-4.628963179000001;-61.24895599999999
3514;SR-592/2020;-4.629115248000013;-61.24905354999999
3515;SR-592/2020;-4.629267899999993;-61.24915021000001
3516;SR-592/2020;-4.629419283999989;-61.24924922
3517;SR-592/2020;-4.629574278000003;-61.24934231
3518;SR-592/2020;-4.629722213000013;-61.24944619
3519;SR-592/2020;-4.629873677999996;-61.24954467
3520;SR-592/2020;-4.63002455399999;-61.24964405000001
3521;SR-592/2020;-4.630176607000001;-61.24974163999999
3522;SR-592/2020;-4.630328072000003;-61.24984012
3523;SR-592/2020;-4.630479481;-61.24993874000001
3524;SR-592/2020;-4.630630870999997;-61.25003734000001
3525;SR-592/2020;-4.630782869000003;-61.25013517999999
3526;SR-592/2020;-4.630933418000009;-61.25023505000001
3527;SR-592/2020;-4.631088105999998;-61.25032865
3528;SR-592/2020;-4.631235699;-61.250433
3529;SR-592/2020;-4.631386838999996;-61.25053198000001
3530;SR-592/2020;-4.631537388999982;-61.25063184999998
3531;SR-592/2020;-4.631689120000006;-61.25072993000001
3532;SR-592/2020;-4.631840210999998;-61.25082872999999
3533;SR-592/2020;-4.631991733000005;-61.25092713000002
3534;SR-592/2020;-4.632143254999992;-61.25102552999999
3535;SR-592/2020;-4.632295365000008;-61.25112301999999
3536;SR-592/2020;-4.632446299000006;-61.25122232
3537;SR-592/2020;-4.632601346999985;-61.25131532
3538;SR-592/2020;-4.632749343;-61.25141910999999
3539;SR-592/2020;-4.632900865000007;-61.25151751
3540;SR-592/2020;-4.633051798999985;-61.25161679999999
3541;SR-592/2020;-4.633203909000001;-61.25171430000001
3542;SR-592/2020;-4.633355431000008;-61.25181269000001
3543;SR-592/2020;-4.633506952999995;-61.25191108999999
3544;SR-592/2020;-4.633658475000002;-61.25200949
3545;SR-592/2020;-4.633810584999997;-61.25210698
3546;SR-592/2020;-4.633961518999996;-61.25220628000001
3547;SR-592/2020;-4.634116567999995;-61.25229928
3548;SR-592/2020;-4.63426456299999;-61.25240306999999
3549;SR-592/2020;-4.634416085999997;-61.25250147
3550;SR-592/2020;-4.634567019999995;-61.25260076
3551;SR-592/2020;-4.634719130000011;-61.25269826
3552;SR-592/2020;-4.634870651999998;-61.25279666
3553;SR-592/2020;-4.635022174000005;-61.25289505000001
3554;SR-592/2020;-4.635173696000012;-61.25299345
3555;SR-592/2020;-4.635325805999988;-61.25309094999999
3556;SR-592/2020;-4.635476740000007;-61.25319024000002
3557;SR-592/2020;-4.635631788000005;-61.25328325000002
3558;SR-592/2020;-4.635779784;-61.25338704000001
3559;SR-592/2020;-4.635931306000007;-61.25348543
3560;SR-592/2020;-4.636082241000006;-61.25358473
3561;SR-592/2020;-4.63623433999998;-61.25368265000001
3562;SR-592/2020;-4.636385248999996;-61.25378197999999
3563;SR-592/2020;-4.636536158000013;-61.2538813
3564;SR-592/2020;-4.63668706699999;-61.25398063
3565;SR-592/2020;-4.636838568999995;-61.25407907
3566;SR-592/2020;-4.636988884000002;-61.25417929
3567;SR-592/2020;-4.637143352999993;-61.25427325
3568;SR-592/2020;-4.637290701999994;-61.25437794999998
3569;SR-592/2020;-4.637441610999991;-61.25447728000001
3570;SR-592/2020;-4.637591925999997;-61.25457750000001
3571;SR-592/2020;-4.637743428000003;-61.25467593
3572;SR-592/2020;-4.637894336999999;-61.25477526
3573;SR-592/2020;-4.638045245999995;-61.25487458999999
3574;SR-592/2020;-4.638196155000012;-61.25497392
3575;SR-592/2020;-4.638347656999997;-61.25507235000001
3576;SR-592/2020;-4.638497972000004;-61.25517257999999
3577;SR-592/2020;-4.638652474999978;-61.25526591999999
3578;SR-592/2020;-4.638800588000002;-61.25536954
3579;SR-592/2020;-4.638952221999999;-61.25546776999999
3580;SR-592/2020;-4.639103269000007;-61.2555669
3581;SR-592/2020;-4.639255490000012;-61.25566422
3582;SR-592/2020;-4.639407123000008;-61.25576244999999
3583;SR-592/2020;-4.639558757000004;-61.25586068
3584;SR-592/2020;-4.639710391;-61.2559589
3585;SR-592/2020;-4.639862611000005;-61.25605623
3586;SR-592/2020;-4.640013657999993;-61.25615536000001
3587;SR-592/2020;-4.64016881200002;-61.25624819000002
3588;SR-592/2020;-4.640316926000006;-61.25635180999999
3589;SR-592/2020;-4.640468559000002;-61.25645004
3590;SR-592/2020;-4.640619606000009;-61.25654916
3591;SR-592/2020;-4.640771827000014;-61.25664649000002
3592;SR-592/2020;-4.640923460999991;-61.25674472000001
3593;SR-592/2020;-4.641075094000007;-61.25684294000001
3594;SR-592/2020;-4.641226727999983;-61.25694117
3595;SR-592/2020;-4.641378948000008;-61.25703849999999
3596;SR-592/2020;-4.641529995999996;-61.25713763
3597;SR-592/2020;-4.641685149000003;-61.25723046000001
3598;SR-592/2020;-4.641833262999988;-61.25733407999999
3599;SR-592/2020;-4.641984896999984;-61.25743231000001
3600;SR-592/2020;-4.642135943999993;-61.25753142999999
3601;SR-592/2020;-4.642288164000017;-61.25762876
3602;SR-592/2020;-4.642439797999993;-61.25772699000001
3603;SR-592/2020;-4.642591431999989;-61.25782522
3604;SR-592/2020;-4.642743066000006;-61.25792343999999
3605;SR-592/2020;-4.642895285999991;-61.25802076999999
3606;SR-592/2020;-4.643046332999998;-61.25811989999999
3607;SR-592/2020;-4.643201487000006;-61.25821272999999
3608;SR-592/2020;-4.643349601000011;-61.25831635000001
3609;SR-592/2020;-4.643501234000007;-61.25841457999999
3610;SR-592/2020;-4.643652280999994;-61.25851371
3611;SR-592/2020;-4.643804502;-61.25861104000001
3612;SR-592/2020;-4.643956135999976;-61.25870926
3613;SR-592/2020;-4.644107768999993;-61.25880749
3614;SR-592/2020;-4.644259403000008;-61.25890571999999
3615;SR-592/2020;-4.644411623999993;-61.25900305
3616;SR-592/2020;-4.644562670999981;-61.25910218
3617;SR-592/2020;-4.644717823999988;-61.25919500999999
3618;SR-592/2020;-4.644865938000013;-61.25929863000001
3619;SR-592/2020;-4.645017572000009;-61.25939686
3620;SR-592/2020;-4.645168618999998;-61.25949599000001
3621;SR-592/2020;-4.645320840000002;-61.25959330999999
3622;SR-592/2020;-4.645472473000019;-61.25969154000001
3623;SR-592/2020;-4.645624106999994;-61.25978977
3624;SR-592/2020;-4.645775740999991;-61.259888
3625;SR-592/2020;-4.645927961000016;-61.25998533000001
3626;SR-592/2020;-4.646079007999983;-61.26008446
3627;SR-592/2020;-4.646234162000011;-61.26017729000001
3628;SR-592/2020;-4.646382275999996;-61.26028091000001
3629;SR-592/2020;-4.646533909999992;-61.26037913999999
3630;SR-592/2020;-4.646684957;-61.26047826999999
3631;SR-592/2020;-4.646837177000005;-61.26057560000001
3632;SR-592/2020;-4.646988811000002;-61.26067383
3633;SR-592/2020;-4.647140444999998;-61.26077205
3634;SR-592/2020;-4.647292079000014;-61.26087028000001
3635;SR-592/2020;-4.647444298999998;-61.26096760999999
3636;SR-592/2020;-4.647595346000006;-61.26106673999998
3637;SR-592/2020;-4.647750499999994;-61.26115956999999
3638;SR-592/2020;-4.647898614000018;-61.26126320000001
3639;SR-592/2020;-4.648050247999995;-61.26136142
3640;SR-592/2020;-4.648201295000003;-61.26146055000001
3641;SR-592/2020;-4.648353514999988;-61.26155787999999
3642;SR-592/2020;-4.648505148999984;-61.26165610999998
3643;SR-592/2020;-4.648656783;-61.26175434000002
3644;SR-592/2020;-4.648808416999996;-61.26185256999999
3645;SR-592/2020;-4.648960636999981;-61.26194989999999
3646;SR-592/2020;-4.649111683999989;-61.26204903
3647;SR-592/2020;-4.649266837999997;-61.26214186000001
3648;SR-592/2020;-4.649414952000002;-61.26224547999999
3649;SR-592/2020;-4.649566585999998;-61.26234371
3650;SR-592/2020;-4.649717632999986;-61.26244284000001
3651;SR-592/2020;-4.649869854000011;-61.26254016999999
3652;SR-592/2020;-4.650021487000007;-61.26263840000001
3653;SR-592/2020;-4.650173121000003;-61.26273663
3654;SR-592/2020;-4.650324754999979;-61.26283485999999
3655;SR-592/2020;-4.650476975999984;-61.26293218999998
3656;SR-592/2020;-4.650628022999992;-61.26303132
3657;SR-592/2020;-4.650783176999999;-61.26312415000001
3658;SR-592/2020;-4.650931289999985;-61.26322777000001
3659;SR-592/2020;-4.651082924000001;-61.263326
3660;SR-592/2020;-4.651233971000009;-61.26342513000001
3661;SR-592/2020;-4.651386191999993;-61.26352245999999
3662;SR-592/2020;-4.651537826000009;-61.26362069
3663;SR-592/2020;-4.651689460000005;-61.26371892
3664;SR-592/2020;-4.651841093000002;-61.26381714999998
3665;SR-592/2020;-4.651993314000007;-61.26391447999999
3666;SR-592/2020;-4.652144389999997;-61.26401351999999
3667;SR-592/2020;-4.65229960799999;-61.26410624999999
3668;SR-592/2020;-4.652447792;-61.26420977000001
3669;SR-592/2020;-4.652599493000002;-61.26430790000001
3670;SR-592/2020;-4.652750609000016;-61.26440693000001
3671;SR-592/2020;-4.652902896000006;-61.26450415
3672;SR-592/2020;-4.653054596999988;-61.26460227999998
3673;SR-592/2020;-4.65320629799999;-61.26470041000001
3674;SR-592/2020;-4.653357999000011;-61.26479853
3675;SR-592/2020;-4.653510286000002;-61.26489576000001
3676;SR-592/2020;-4.653661067000008;-61.26499562
3677;SR-592/2020;-4.653815828000003;-61.2650891
3678;SR-592/2020;-4.653963502999991;-61.26519335000001
3679;SR-592/2020;-4.654114721000013;-61.26529221
3680;SR-592/2020;-4.654265347999987;-61.26539197
3681;SR-592/2020;-4.654417155999997;-61.26548994000001
3682;SR-592/2020;-4.654568373999998;-61.26558881
3683;SR-592/2020;-4.654719592000001;-61.26568767000001
3684;SR-592/2020;-4.654870808999982;-61.26578653999999
3685;SR-592/2020;-4.655022618000013;-61.26588451000001
3686;SR-592/2020;-4.655173245000006;-61.26598426999998
3687;SR-592/2020;-4.655328005999982;-61.26607774999999
3688;SR-592/2020;-4.65547567999999;-61.266182
3689;SR-592/2020;-4.655626898000012;-61.26628087
3690;SR-592/2020;-4.655777526000005;-61.26638063000001
3691;SR-592/2020;-4.655929334000016;-61.2664786
3692;SR-592/2020;-4.656080551999997;-61.26657746000001
3693;SR-592/2020;-4.656231768999978;-61.26667632999999
3694;SR-592/2020;-4.656382987000001;-61.26677519
3695;SR-592/2020;-4.656534794999992;-61.26687316000001
3696;SR-592/2020;-4.656685423000004;-61.26697291999999
3697;SR-592/2020;-4.656840182999979;-61.26706640999999
3698;SR-592/2020;-4.656987858000008;-61.26717066000001
3699;SR-592/2020;-4.657139075999989;-61.26726951999999
3700;SR-592/2020;-4.657289703000003;-61.26736927999999
3701;SR-592/2020;-4.657441511999993;-61.26746725
3702;SR-592/2020;-4.657592728999996;-61.26756611999999
3703;SR-592/2020;-4.657743842999988;-61.26766471
3704;SR-592/2020;-4.657895709000003;-61.26776258999998
3705;SR-592/2020;-4.658048159000008;-61.26785956000001
3706;SR-592/2020;-4.658199440999995;-61.26795834000001
3707;SR-592/2020;-4.658354814000001;-61.26805081000001
3708;SR-592/2020;-4.658503172000006;-61.26815409
3709;SR-592/2020;-4.658655038000001;-61.26825196
3710;SR-592/2020;-4.658806319000009;-61.26835074
3711;SR-592/2020;-4.658958769999993;-61.26844771000001
3712;SR-592/2020;-4.659110634999988;-61.26854557999999
3713;SR-592/2020;-4.659262501000003;-61.26864345999999
3714;SR-592/2020;-4.659414367000019;-61.26874133
3715;SR-592/2020;-4.659566817000003;-61.26883831
3716;SR-592/2020;-4.65971809900001;-61.26893707999999
3717;SR-592/2020;-4.659873471999996;-61.26902954999999
3718;SR-592/2020;-4.660021830000001;-61.26913282999999
3719;SR-592/2020;-4.660173695999996;-61.26923071000001
3720;SR-592/2020;-4.660324976999983;-61.26932948000001
3721;SR-592/2020;-4.660477428000007;-61.26942646
3722;SR-592/2020;-4.660629293999983;-61.26952433
3723;SR-592/2020;-4.660781159000019;-61.26962220999999
3724;SR-592/2020;-4.660933024999993;-61.26972007999999
3725;SR-592/2020;-4.661085476000018;-61.26981706000001
3726;SR-592/2020;-4.661236757000005;-61.26991583
3727;SR-592/2020;-4.661392129999991;-61.2700083
3728;SR-592/2020;-4.661540488999996;-61.27011157999999
3729;SR-592/2020;-4.661692353999991;-61.27020946
3730;SR-592/2020;-4.661843636000018;-61.27030824
3731;SR-592/2020;-4.661996085999982;-61.27040521000001
3732;SR-592/2020;-4.662147951999998;-61.27050309000001
3733;SR-592/2020;-4.662299818000013;-61.27060096000001
3734;SR-592/2020;-4.662451602000002;-61.27069933999999
3735;SR-592/2020;-4.662603484999998;-61.2707972
3736;SR-592/2020;-4.662754188999997;-61.27089685
3737;SR-592/2020;-4.662909020999999;-61.27099021000001
3738;SR-592/2020;-4.663056775999994;-61.27109434999999
3739;SR-592/2020;-4.663208069000002;-61.27119310000001
3740;SR-592/2020;-4.663358773000001;-61.27129275
3741;SR-592/2020;-4.663510655999998;-61.27139061
3742;SR-592/2020;-4.663661950000007;-61.27148935999999
3743;SR-592/2020;-4.663813242999995;-61.27158811000002
3744;SR-592/2020;-4.663965534000005;-61.27168281
3745;SR-592/2020;-4.664120923000013;-61.27177504
3746;SR-592/2020;-4.664275199999988;-61.2718691
3747;SR-592/2020;-4.664433371000005;-61.27195673000001
3748;SR-592/2020;-4.66458486600001;-61.27205537999999
3749;SR-592/2020;-4.664739698999991;-61.27214853
3750;SR-592/2020;-4.664893976000006;-61.27224259
3751;SR-592/2020;-4.665049366000014;-61.27233481999999
3752;SR-592/2020;-4.665203776;-61.27242265
3753;SR-592/2020;-4.665365712000009;-61.27250290999999
3754;SR-592/2020;-4.665527744999986;-61.27258364999999
3755;SR-592/2020;-4.665689479999999;-61.27266431000002
3756;SR-592/2020;-4.665850239000012;-61.27274689
3757;SR-592/2020;-4.666014410999986;-61.27282277
3758;SR-592/2020;-4.666172732999996;-61.27291012999999
3759;SR-592/2020;-4.666333979999989;-61.27299175000001
3760;SR-592/2020;-4.666494852000009;-61.27306922
3761;SR-592/2020;-4.666661134000019;-61.27314010999999
3762;SR-592/2020;-4.666826985999992;-61.27321198000001
3763;SR-592/2020;-4.666992838000006;-61.27328385
3764;SR-592/2020;-4.667159618999996;-61.27335078
3765;SR-592/2020;-4.667327914999992;-61.27341677999998
3766;SR-592/2020;-4.667495411000003;-61.27348477000002
3767;SR-592/2020;-4.667665830999994;-61.2735498
3768;SR-592/2020;-4.667828291000006;-61.27362926
3769;SR-592/2020;-4.667993386999997;-61.27370283999999
3770;SR-592/2020;-4.668158043000012;-61.27377740000001
3771;SR-592/2020;-4.668323579;-61.27385000000002
3772;SR-592/2020;-4.668488674999991;-61.27392359000001
3773;SR-592/2020;-4.668653771000002;-61.27399717000001
3774;SR-592/2020;-4.668818866999993;-61.27407075
3775;SR-592/2020;-4.668984402;-61.27414335000001
3776;SR-592/2020;-4.669149279000013;-61.27421293000001
3777;SR-592/2020;-4.669320082999997;-61.27427252
3778;SR-592/2020;-4.669486186999992;-61.27434410999999
3779;SR-592/2020;-4.669654642000021;-61.27440970000001
3780;SR-592/2020;-4.669822704000017;-61.27447628
3781;SR-592/2020;-4.669990984999992;-61.27454506000002
3782;SR-592/2020;-4.670157418999993;-61.27461559
3783;SR-592/2020;-4.670323853000015;-61.27468611000001
3784;SR-592/2020;-4.670490285999998;-61.27475663999999
3785;SR-592/2020;-4.670657140999994;-61.27482617999999
3786;SR-592/2020;-4.670823154000001;-61.27489769
3787;SR-592/2020;-4.670992114999992;-61.27496228999998
3788;SR-592/2020;-4.671156021000005;-61.27503873999999
3789;SR-592/2020;-4.671322454999986;-61.27510926999999
3790;SR-592/2020;-4.671488328000002;-61.27518141000001
3791;SR-592/2020;-4.671654942999998;-61.27525151999999
3792;SR-592/2020;-4.671821132;-61.27532262
3793;SR-592/2020;-4.671987322000001;-61.27539371000001
3794;SR-592/2020;-4.672153512000003;-61.27546481
3795;SR-592/2020;-4.67232012599998;-61.27553492
3796;SR-592/2020;-4.672485892000006;-61.27560700000001
3797;SR-592/2020;-4.672654628999999;-61.27567218000001
3798;SR-592/2020;-4.672818271000009;-61.27574919000001
3799;SR-592/2020;-4.672984460999992;-61.27582028999999
3800;SR-592/2020;-4.673150225999998;-61.27589237
3801;SR-592/2020;-4.673316840999995;-61.27596248
3802;SR-592/2020;-4.673483839000003;-61.27602975
3803;SR-592/2020;-4.673651447000003;-61.27609746
3804;SR-592/2020;-4.673819054000001;-61.27616516000001
3805;SR-592/2020;-4.673987065999993;-61.27623188
3806;SR-592/2020;-4.674154269000019;-61.27630057999999
3807;SR-592/2020;-4.674324302999999;-61.27636233
3808;SR-592/2020;-4.674489483999997;-61.276436
3809;SR-592/2020;-4.674657090999997;-61.27650371
3810;SR-592/2020;-4.674823027999997;-61.27657865000001
3811;SR-592/2020;-4.674988445999995;-61.27665152
3812;SR-592/2020;-4.675153423000015;-61.27672537000002
3813;SR-592/2020;-4.675318400000017;-61.27679921999999
3814;SR-592/2020;-4.675484275999993;-61.27686646
3815;SR-592/2020;-4.675653035000007;-61.27693128000001
3816;SR-592/2020;-4.675820123000003;-61.27700520999999
3817;SR-592/2020;-4.675987292999986;-61.27707429000001
3818;SR-592/2020;-4.676149094000004;-61.27715507
3819;SR-592/2020;-4.676314235999999;-61.27722707
3820;SR-592/2020;-4.676479521999985;-61.27730024
3821;SR-592/2020;-4.676645670000004;-61.27737144000001
3822;SR-592/2020;-4.676811409000008;-61.27744319
3823;SR-592/2020;-4.676977435999996;-61.27751466000003
3824;SR-592/2020;-4.677143464000004;-61.27758613
3825;SR-592/2020;-4.677309919000008;-61.27765662000001
3826;SR-592/2020;-4.677475519000021;-61.27772906999999
3827;SR-592/2020;-4.677644108000001;-61.27779464
3828;SR-592/2020;-4.677807574999997;-61.27787201999999
3829;SR-592/2020;-4.677973602000005;-61.27794349000002
3830;SR-592/2020;-4.678139202999998;-61.27801595
3831;SR-592/2020;-4.678305658000001;-61.27808643
3832;SR-592/2020;-4.678471685999989;-61.2781579
3833;SR-592/2020;-4.678637712999998;-61.27822938
3834;SR-592/2020;-4.678803740999986;-61.27830085
3835;SR-592/2020;-4.678970195999989;-61.27837134000001
3836;SR-592/2020;-4.679135796000002;-61.27844379
3837;SR-592/2020;-4.679304385000003;-61.27850935
3838;SR-592/2020;-4.679467851999979;-61.27858674000001
3839;SR-592/2020;-4.679634083999984;-61.27865729999999
3840;SR-592/2020;-4.679800032999985;-61.27872895999999
3841;SR-592/2020;-4.679966825999998;-61.27879865
3842;SR-592/2020;-4.680133196999994;-61.27886931999999
3843;SR-592/2020;-4.68029956800001;-61.27894000000001
3844;SR-592/2020;-4.680465938999987;-61.27901067
3845;SR-592/2020;-4.680632731999999;-61.27908035999999
3846;SR-592/2020;-4.680798681000001;-61.27915202
3847;SR-592/2020;-4.680967584999987;-61.27921677
3848;SR-592/2020;-4.681131423000013;-61.27929337
3849;SR-592/2020;-4.68129779500001;-61.27936404
3850;SR-592/2020;-4.681463742999991;-61.27943570999999
3851;SR-592/2020;-4.681630536999983;-61.27950539
3852;SR-592/2020;-4.681796908;-61.27957607
3853;SR-592/2020;-4.681963278999996;-61.27964674
3854;SR-592/2020;-4.682129650000013;-61.27971742
3855;SR-592/2020;-4.682296443000005;-61.27978711000001
3856;SR-592/2020;-4.682462391999986;-61.27985877
3857;SR-592/2020;-4.682631296000013;-61.27992352
3858;SR-592/2020;-4.682795133999999;-61.28000011999999
3859;SR-592/2020;-4.682961505000016;-61.2800708
3860;SR-592/2020;-4.683127453999978;-61.28014246000001
3861;SR-592/2020;-4.683294246999989;-61.28021215
3862;SR-592/2020;-4.683460618000006;-61.28028282
3863;SR-592/2020;-4.683626990000002;-61.28035349999999
3864;SR-592/2020;-4.683793360999999;-61.28042417
3865;SR-592/2020;-4.683960154000011;-61.28049386000001
3866;SR-592/2020;-4.684126103000013;-61.28056552000001
3867;SR-592/2020;-4.684295006999999;-61.28063027999999
3868;SR-592/2020;-4.684458844999986;-61.28070687000001
3869;SR-592/2020;-4.684625216000002;-61.28077755
3870;SR-592/2020;-4.684791165000004;-61.28084921
3871;SR-592/2020;-4.684957958999996;-61.28091890000001
3872;SR-592/2020;-4.685124330000012;-61.28098957
3873;SR-592/2020;-4.685290700999989;-61.28106025
3874;SR-592/2020;-4.685457071999986;-61.28113093000001
3875;SR-592/2020;-4.685623864999997;-61.28120061
3876;SR-592/2020;-4.685789813999999;-61.28127227999999
3877;SR-592/2020;-4.685958717999985;-61.28133703
3878;SR-592/2020;-4.686122557000012;-61.28141363000001
3879;SR-592/2020;-4.686288928000009;-61.28148430000001
3880;SR-592/2020;-4.68645487699999;-61.28155597000001
3881;SR-592/2020;-4.686621670000002;-61.28162565
3882;SR-592/2020;-4.686788040999998;-61.28169633
3883;SR-592/2020;-4.686954412999995;-61.28176701000002
3884;SR-592/2020;-4.687120783999992;-61.28183767999999
3885;SR-592/2020;-4.687287577000003;-61.28190737
3886;SR-592/2020;-4.687453526000005;-61.28197903
3887;SR-592/2020;-4.687622430000012;-61.28204379
3888;SR-592/2020;-4.687786269000018;-61.28212038
3889;SR-592/2020;-4.687952639999995;-61.28219106
3890;SR-592/2020;-4.688118588999997;-61.28226272000002
3891;SR-592/2020;-4.688285382000008;-61.28233241000003
3892;SR-592/2020;-4.688451754000004;-61.28240309000001
3893;SR-592/2020;-4.688618125000001;-61.28247376
3894;SR-592/2020;-4.688784485999998;-61.28254465999999
3895;SR-592/2020;-4.688951128999996;-61.28261471
3896;SR-592/2020;-4.689116923000006;-61.28268671999999
3897;SR-592/2020;-4.689285687;-61.28275184000001
3898;SR-592/2020;-4.689449360999993;-61.28282879
3899;SR-592/2020;-4.689615578999997;-61.28289981999999
3900;SR-592/2020;-4.689781374000006;-61.28297184000001
3901;SR-592/2020;-4.689948017000005;-61.28304188000001
3902;SR-592/2020;-4.690114235000009;-61.28311291000001
3903;SR-592/2020;-4.690280454000013;-61.28318394999999
3904;SR-592/2020;-4.690446672999997;-61.28325498000001
3905;SR-592/2020;-4.690613315999997;-61.28332502
3906;SR-592/2020;-4.690779109999985;-61.28339704
3907;SR-592/2020;-4.690947873999979;-61.28346216000001
3908;SR-592/2020;-4.691111548000013;-61.2835391
3909;SR-592/2020;-4.691277766999997;-61.28361014
3910;SR-592/2020;-4.691443561000006;-61.28368215
3911;SR-592/2020;-4.691610204000005;-61.28375220000001
3912;SR-592/2020;-4.69177642299999;-61.28382322999999
3913;SR-592/2020;-4.691942641999994;-61.28389425999999
3914;SR-592/2020;-4.692108859999998;-61.28396530000001
3915;SR-592/2020;-4.692275502999996;-61.28403534000001
3916;SR-592/2020;-4.692441298000006;-61.28410736000001
3917;SR-592/2020;-4.692610062;-61.28417247999999
3918;SR-592/2020;-4.692773734999993;-61.28424943
3919;SR-592/2020;-4.692939953999997;-61.28432046
3920;SR-592/2020;-4.693105749000006;-61.28439248000001
3921;SR-592/2020;-4.693272392000005;-61.28446252000001
3922;SR-592/2020;-4.693438611000009;-61.28453354999998
3923;SR-592/2020;-4.693604829000013;-61.28460459000001
3924;SR-592/2020;-4.693771047999997;-61.28467562000001
3925;SR-592/2020;-4.693937690999997;-61.28474565999999
3926;SR-592/2020;-4.694103485999985;-61.28481768
3927;SR-592/2020;-4.69427225000002;-61.28488279999998
3928;SR-592/2020;-4.694435924000013;-61.28495975
3929;SR-592/2020;-4.694602142000017;-61.28503078
3930;SR-592/2020;-4.694767936999986;-61.2851028
3931;SR-592/2020;-4.694934579999986;-61.28517284
3932;SR-592/2020;-4.69510079899999;-61.28524387999999
3933;SR-592/2020;-4.695267018000013;-61.28531490999999
3934;SR-592/2020;-4.695433236999998;-61.28538593999999
3935;SR-592/2020;-4.695599879999996;-61.28545599000001
3936;SR-592/2020;-4.695765674000006;-61.28552801000001
3937;SR-592/2020;-4.69593443900002;-61.28559312000001
3938;SR-592/2020;-4.696098111999993;-61.28567007000003
3939;SR-592/2020;-4.696264331000018;-61.2857411
3940;SR-592/2020;-4.696430125999987;-61.28581312
3941;SR-592/2020;-4.696596769000005;-61.28588317000001
3942;SR-592/2020;-4.696762987999989;-61.28595419999998
3943;SR-592/2020;-4.696929207000013;-61.28602524000001
3944;SR-592/2020;-4.697095425999997;-61.28609627000001
3945;SR-592/2020;-4.697262068999997;-61.28616630999999
3946;SR-592/2020;-4.697427863000005;-61.28623833
3947;SR-592/2020;-4.697596627;-61.28630344999998
3948;SR-592/2020;-4.697760300999994;-61.2863804
3949;SR-592/2020;-4.697926520000017;-61.28645143
3950;SR-592/2020;-4.698092315000006;-61.28652344999999
3951;SR-592/2020;-4.698258958000006;-61.2865935
3952;SR-592/2020;-4.69842517699999;-61.28666453
3953;SR-592/2020;-4.698591396000014;-61.28673555999999
3954;SR-592/2020;-4.698757614999998;-61.28680660000001
3955;SR-592/2020;-4.698924257999996;-61.28687664000001
3956;SR-592/2020;-4.699090052999986;-61.28694866
3957;SR-592/2020;-4.699258816999981;-61.28701377999999
3958;SR-592/2020;-4.699422491000014;-61.28709073
3959;SR-592/2020;-4.699588709999998;-61.28716176
3960;SR-592/2020;-4.699754504000007;-61.28723378
3961;SR-592/2020;-4.699921147000006;-61.28730383000001
3962;SR-592/2020;-4.700087365999989;-61.28737486000001
3963;SR-592/2020;-4.700253585000014;-61.28744589000001
3964;SR-592/2020;-4.700419803999997;-61.28751693000001
3965;SR-592/2020;-4.700586447999997;-61.28758697000001
3966;SR-592/2020;-4.700752241999986;-61.28765899
3967;SR-592/2020;-4.700921007000001;-61.28772411000001
3968;SR-592/2020;-4.701084680000013;-61.28780106
3969;SR-592/2020;-4.701250898999998;-61.28787209
3970;SR-592/2020;-4.701416693999986;-61.28794411000001
3971;SR-592/2020;-4.701583336999986;-61.28801416
3972;SR-592/2020;-4.70174955600001;-61.28808519
3973;SR-592/2020;-4.701915775999995;-61.28815623000001
3974;SR-592/2020;-4.702081995000018;-61.28822725999999
3975;SR-592/2020;-4.702248638000017;-61.28829730999999
3976;SR-592/2020;-4.702414433000007;-61.28836932999999
3977;SR-592/2020;-4.702583197000001;-61.28843444
3978;SR-592/2020;-4.702746870999994;-61.28851139
3979;SR-592/2020;-4.702913090000019;-61.28858243
3980;SR-592/2020;-4.703078884999988;-61.28865445
3981;SR-592/2020;-4.703245528000006;-61.28872448999999
3982;SR-592/2020;-4.70341174699999;-61.28879553000001
3983;SR-592/2020;-4.703577966000014;-61.28886656000001
3984;SR-592/2020;-4.703744184999998;-61.28893759000001
3985;SR-592/2020;-4.703910827999998;-61.28900763999999
3986;SR-592/2020;-4.704076622999986;-61.28907965999999
3987;SR-592/2020;-4.704245388000001;-61.28914478000001
3988;SR-592/2020;-4.704409061000014;-61.28922173
3989;SR-592/2020;-4.704575280999999;-61.28929276
3990;SR-592/2020;-4.704741074999987;-61.28936478000001
3991;SR-592/2020;-4.704907719000007;-61.28943483
3992;SR-592/2020;-4.705073937999991;-61.28950585999998
3993;SR-592/2020;-4.705240156999995;-61.28957690000001
3994;SR-592/2020;-4.705406376000019;-61.28964793000001
3995;SR-592/2020;-4.705573019000018;-61.28971798000001
3996;SR-592/2020;-4.705738814000007;-61.28979000000002
3997;SR-592/2020;-4.705907579000021;-61.28985512000002
3998;SR-592/2020;-4.706071252999995;-61.28993207
3999;SR-592/2020;-4.706237471999999;-61.2900031
4000;SR-592/2020;-4.706403267000008;-61.29007512
4001;SR-592/2020;-4.706569910000007;-61.29014517
4002;SR-592/2020;-4.706736129000011;-61.29021620000001
4003;SR-592/2020;-4.706902347999995;-61.29028723999999
4004;SR-592/2020;-4.707068566999999;-61.29035826999999
4005;SR-592/2020;-4.707235211000018;-61.29042831999999
4006;SR-592/2020;-4.707401006000007;-61.29050033999999
4007;SR-592/2020;-4.707569770000002;-61.29056546000001
4008;SR-592/2020;-4.707733444000015;-61.29064241
4009;SR-592/2020;-4.707899607999995;-61.29071404999999
4010;SR-592/2020;-4.708065019000012;-61.29078694000001
4011;SR-592/2020;-4.708231289;-61.29085786
4012;SR-592/2020;-4.708397130000012;-61.29092977
4013;SR-592/2020;-4.708562970000005;-61.29100167999999
4014;SR-592/2020;-4.708728811000018;-61.29107359
4015;SR-592/2020;-4.708895081000007;-61.29114451000002
4016;SR-592/2020;-4.709060491999983;-61.29121739999999
4017;SR-592/2020;-4.709228908999989;-61.29128341
4018;SR-592/2020;-4.709392172999989;-61.29136122
4019;SR-592/2020;-4.709558014000002;-61.29143312999999
4020;SR-592/2020;-4.709723424999998;-61.29150601999999
4021;SR-592/2020;-4.709889694999987;-61.29157694000001
4022;SR-592/2020;-4.710055535;-61.29164885
4023;SR-592/2020;-4.710221375999993;-61.29172076
4024;SR-592/2020;-4.710387217000005;-61.29179267000001
4025;SR-592/2020;-4.710553486999993;-61.29186358999998
4026;SR-592/2020;-4.71071889800001;-61.29193648
4027;SR-592/2020;-4.710887315000017;-61.29200249
4028;SR-592/2020;-4.711050578999996;-61.29208030000001
4029;SR-592/2020;-4.711207757000011;-61.29218233
4030;SR-592/2020;-4.711355223999982;-61.29228669
4088;SR-593/2020;-5.199972434566;-61.836008006078
4087;SR-593/2020;-5.199876499092;-61.83585503558399
4086;SR-593/2020;-5.199780563591;-61.835702065142
4085;SR-593/2020;-5.199684628063;-61.835549094751
4084;SR-593/2020;-5.199587779657;-61.83539669401
4083;SR-593/2020;-5.199492756926;-61.835243154122
4082;SR-593/2020;-5.199396821317;-61.835090183885
4081;SR-593/2020;-5.199306362784;-61.834933796105
4080;SR-593/2020;-5.199204950018;-61.834784243565
4079;SR-593/2020;-5.199109927178;-61.834630703883
4078;SR-593/2020;-5.199013078611;-61.834478303451
4077;SR-593/2020;-5.198917142867;-61.83432533347101
4076;SR-593/2020;-5.198821207096;-61.834172363542
4075;SR-593/2020;-5.198725271299;-61.83401939366399
4074;SR-593/2020;-5.198628422624;-61.83386699343799
4073;SR-593/2020;-5.198533399622;-61.83371345406399
4072;SR-593/2020;-5.198437463743;-61.83356048434
4071;SR-593/2020;-5.19834700493;-61.833404097069
4070;SR-593/2020;-5.198245591904;-61.83325454504801
4069;SR-593/2020;-5.198150568793;-61.833101005878
4068;SR-593/2020;-5.198053719958;-61.832948605961
4067;SR-593/2020;-5.197957783944;-61.832795636494
4066;SR-593/2020;-5.197861847903;-61.832642667079
4065;SR-593/2020;-5.197765911835;-61.832489697715
4064;SR-593/2020;-5.197669062893;-61.832337298003
4063;SR-593/2020;-5.197574039619;-61.832183759142
4062;SR-593/2020;-5.19747810347;-61.83203078993201
4061;SR-593/2020;-5.197387644377;-61.831874403171
4060;SR-593/2020;-5.197286231092;-61.831724851667
4059;SR-593/2020;-5.197191207709;-61.831571313011
4058;SR-593/2020;-5.197094358606;-61.831418913607
4057;SR-593/2020;-5.196998422323;-61.831265944654
4056;SR-593/2020;-5.196902486012;-61.831112975753
4055;SR-593/2020;-5.196806549675;-61.830960006903
4054;SR-593/2020;-5.196709700465;-61.830807607705
4053;SR-593/2020;-5.196614676919;-61.830654069357
4052;SR-593/2020;-5.196518740501;-61.830501100661
4051;SR-593/2020;-5.196428281129;-61.830344714408
4050;SR-593/2020;-5.196326867584;-61.830195163423
4049;SR-593/2020;-5.19623184393;-61.830041625279
4048;SR-593/2020;-5.196134994559;-61.82988922639
4047;SR-593/2020;-5.196039058006;-61.829736257951
4046;SR-593/2020;-5.195943121426;-61.829583289563
4045;SR-593/2020;-5.19584718482;-61.829430321227
4044;SR-593/2020;-5.195750335342;-61.829277922543
4043;SR-593/2020;-5.195655311525;-61.829124384708
4042;SR-593/2020;-5.195559374838;-61.828971416526
4041;SR-593/2020;-5.195468915186;-61.828815030783
4040;SR-593/2020;-5.195367501382;-61.828665480315
4039;SR-593/2020;-5.195272477457;-61.828511942685
4038;SR-593/2020;-5.195175627819;-61.82835954431
4037;SR-593/2020;-5.195079690997;-61.828206576384
4036;SR-593/2020;-5.194983754147;-61.82805360850999
4035;SR-593/2020;-5.194887817272;-61.82790064068699
4034;SR-593/2020;-5.194790967526;-61.827748242518
4033;SR-593/2020;-5.194695943439;-61.82759470519599
4032;SR-593/2020;-5.194600006482;-61.827441737527
4031;SR-593/2020;-5.194509546552;-61.827285352293
4030;SR-593/2020;-5.194408132488;-61.827135802344
4029;SR-593/2020;-5.194313108293;-61.82698226522599
4028;SR-593/2020;-5.194216258387;-61.826829867366
4027;SR-593/2020;-5.194120321296;-61.82667689995399
4026;SR-593/2020;-5.194024384178;-61.826523932593
4025;SR-593/2020;-5.193928447033;-61.826370965284
4024;SR-593/2020;-5.19383159702;-61.82621856762899
4023;SR-593/2020;-5.193736572662;-61.826065030819
4022;SR-593/2020;-5.193640635437;-61.825912063664
4021;SR-593/2020;-5.193550175227;-61.82575567894
4020;SR-593/2020;-5.193448760905;-61.82560612950801
4019;SR-593/2020;-5.193353736439;-61.825452592904
4018;SR-593/2020;-5.193256886266;-61.82530019555699
4017;SR-593/2020;-5.193160948906;-61.825147228659
4016;SR-593/2020;-5.193065011519;-61.82499426181199
4015;SR-593/2020;-5.192969074105;-61.824841295016
4014;SR-593/2020;-5.192872223825;-61.824688897876
4013;SR-593/2020;-5.192777199197;-61.824535361579
4012;SR-593/2020;-5.192681261703;-61.824382394938
4011;SR-593/2020;-5.192590801215;-61.824226010723
4010;SR-593/2020;-5.192489386634;-61.824076461809
4009;SR-593/2020;-5.192394361897;-61.823922925717
4008;SR-593/2020;-5.192297511457;-61.82377052888499
4007;SR-593/2020;-5.192201573829;-61.8236175625
4006;SR-593/2020;-5.192105636173;-61.823464596167
4005;SR-593/2020;-5.192009698491;-61.823311629885
4004;SR-593/2020;-5.191912847944;-61.823159233259
4003;SR-593/2020;-5.191817823046;-61.823005697475
4002;SR-593/2020;-5.191721885283;-61.822852731347
4001;SR-593/2020;-5.191631424516;-61.822696347641
4000;SR-593/2020;-5.191530009677;-61.822546799245
3999;SR-593/2020;-5.191434984671;-61.822393263666
3998;SR-593/2020;-5.191338133964;-61.822240867348
3997;SR-593/2020;-5.191242196067;-61.822087901477
3996;SR-593/2020;-5.191146258143;-61.821934935657
3995;SR-593/2020;-5.191050320192;-61.82178196988901
3994;SR-593/2020;-5.190953469379;-61.82162957377701
3993;SR-593/2020;-5.19085844421;-61.821476038506
3992;SR-593/2020;-5.190762432778;-61.821323051026
3991;SR-593/2020;-5.190671719913;-61.821166813004
3990;SR-593/2020;-5.19057006404;-61.821017427878
3989;SR-593/2020;-5.190474791545;-61.82086404531
3988;SR-593/2020;-5.190377695194;-61.820711804935
3987;SR-593/2020;-5.190281510731;-61.82055899354099
3986;SR-593/2020;-5.190185326242;-61.820406182198
3985;SR-593/2020;-5.190089141725;-61.820253370906
3984;SR-593/2020;-5.189992045268;-61.820101130737
3983;SR-593/2020;-5.189896772612;-61.819947748477
3982;SR-593/2020;-5.189800588016;-61.81979493734
3981;SR-593/2020;-5.189709874874;-61.819638699827
3980;SR-593/2020;-5.189608218743;-61.81948931521901
3979;SR-593/2020;-5.189512945979;-61.819335933165
3978;SR-593/2020;-5.189415849363;-61.819183693304
3977;SR-593/2020;-5.189319664633;-61.819030882423
3976;SR-593/2020;-5.189223479876;-61.818878071594
3975;SR-593/2020;-5.189127295093;-61.818725260817
3974;SR-593/2020;-5.18903019837;-61.81857302116201
3973;SR-593/2020;-5.188934925446;-61.81841963941499
3972;SR-593/2020;-5.188838740583;-61.818266828792
3971;SR-593/2020;-5.188748027163;-61.818110591789
3970;SR-593/2020;-5.188646370776;-61.81796120769899
3969;SR-593/2020;-5.188551097744;-61.81780782615801
3968;SR-593/2020;-5.188454000862;-61.81765558681199
3967;SR-593/2020;-5.188357815865;-61.817502776445
3966;SR-593/2020;-5.188261630841;-61.81734996613
3965;SR-593/2020;-5.188165445791;-61.81719715586599
3964;SR-593/2020;-5.188068348804;-61.817044916726
3963;SR-593/2020;-5.187973075611;-61.81689153549301
3962;SR-593/2020;-5.187876890481;-61.816738725383
3961;SR-593/2020;-5.187786176785;-61.81658248888999
3960;SR-593/2020;-5.18768452014;-61.816433105318
3959;SR-593/2020;-5.18758924684;-61.81627972428999
3958;SR-593/2020;-5.187492149693;-61.81612748545799
3957;SR-593/2020;-5.187395964429;-61.81597467560501
3956;SR-593/2020;-5.187299779139;-61.815821865804
3955;SR-593/2020;-5.187203593822;-61.815669056054
3954;SR-593/2020;-5.18710649657;-61.815516817428
3953;SR-593/2020;-5.187011223109;-61.815363436708
3952;SR-593/2020;-5.186915037712;-61.815210627113
3951;SR-593/2020;-5.186824323739;-61.81505439112901
3950;SR-593/2020;-5.186722666838;-61.814905008075
3949;SR-593/2020;-5.18662739327;-61.81475162756
3948;SR-593/2020;-5.186530295858;-61.814599389243
3947;SR-593/2020;-5.186434110328;-61.81444657990399
3946;SR-593/2020;-5.186337924771;-61.81429377061701
3945;SR-593/2020;-5.186241739188;-61.81414096138
3944;SR-593/2020;-5.186144641671;-61.813988723269
3943;SR-593/2020;-5.186049367942;-61.813835343062
3942;SR-593/2020;-5.185953182278;-61.81368253398
3941;SR-593/2020;-5.18586246803;-61.813526298506
3940;SR-593/2020;-5.185760810872;-61.81337691597
3939;SR-593/2020;-5.185665537036;-61.813223535969
3938;SR-593/2020;-5.185568439359;-61.81307129816601
3937;SR-593/2020;-5.185472253563;-61.812918489341
3936;SR-593/2020;-5.18537606774;-61.812765680567
3935;SR-593/2020;-5.185279881891;-61.812612871845
3934;SR-593/2020;-5.185182784109;-61.812460634248
3933;SR-593/2020;-5.185087510112;-61.812307254554
3932;SR-593/2020;-5.184991324183;-61.81215444598601
3931;SR-593/2020;-5.184900609658;-61.811998211022
3930;SR-593/2020;-5.184798952244;-61.811848829004
3929;SR-593/2020;-5.18470367814;-61.811695449515
3928;SR-593/2020;-5.184606580199;-61.811543212227
3927;SR-593/2020;-5.184510394137;-61.81139040391599
3926;SR-593/2020;-5.184414208048;-61.811237595656
3925;SR-593/2020;-5.184318021932;-61.811084787447
3924;SR-593/2020;-5.184220923886;-61.810932550365
3923;SR-593/2020;-5.184125649621;-61.81077917118401
3922;SR-593/2020;-5.184029463426;-61.81062636313
3921;SR-593/2020;-5.183938748626;-61.81047012867501
3920;SR-593/2020;-5.183837090956;-61.81032074717499
3919;SR-593/2020;-5.183741816584;-61.81016736820001
3918;SR-593/2020;-5.183644718379;-61.810015131426
3917;SR-593/2020;-5.183548532051;-61.809862323629
3916;SR-593/2020;-5.183452345696;-61.80970951588199
3915;SR-593/2020;-5.183356159315;-61.809556708188
3914;SR-593/2020;-5.183259061005;-61.80940447161999
3913;SR-593/2020;-5.183163961179;-61.80925107220399
3912;SR-593/2020;-5.18306809448;-61.80909806487801
3911;SR-593/2020;-5.182977706315;-61.808941642533
3910;SR-593/2020;-5.182876361001;-61.808792050382
3909;SR-593/2020;-5.182781407315;-61.80863847403201
3908;SR-593/2020;-5.182684627416;-61.808486036091
3907;SR-593/2020;-5.182588760584;-61.808333029022
3906;SR-593/2020;-5.182492893724;-61.808180022005
3905;SR-593/2020;-5.182397026839;-61.80802701503901
3904;SR-593/2020;-5.182300246834;-61.807874577304
3903;SR-593/2020;-5.182205292987;-61.807721001261
3902;SR-593/2020;-5.182109426021;-61.807567994449
3901;SR-593/2020;-5.182019037579;-61.80741157261299
3900;SR-593/2020;-5.181917692009;-61.80726198097901
3899;SR-593/2020;-5.181822738055;-61.80710840514201
3898;SR-593/2020;-5.181725957891;-61.806955967715
3897;SR-593/2020;-5.181630090792;-61.806802961159
3896;SR-593/2020;-5.181534223666;-61.806649954655
3895;SR-593/2020;-5.181438356514;-61.806496948203
3894;SR-593/2020;-5.181341576244;-61.806344510981
3893;SR-593/2020;-5.181246622129;-61.806190935451
3892;SR-593/2020;-5.181150754897;-61.80603792915299
3891;SR-593/2020;-5.181060366179;-61.80588150782499
3890;SR-593/2020;-5.180959020352;-61.805731916709
3889;SR-593/2020;-5.18086406613;-61.80557834138399
3888;SR-593/2020;-5.180767285701;-61.805425904471
3887;SR-593/2020;-5.180671418335;-61.805272898429
3886;SR-593/2020;-5.180575550943;-61.805119892438
3885;SR-593/2020;-5.180479683524;-61.804966886499
3884;SR-593/2020;-5.18038290299;-61.804814449791
3883;SR-593/2020;-5.180287948607;-61.804660874774
3882;SR-593/2020;-5.180192081108;-61.804507868988
3881;SR-593/2020;-5.180101692114;-61.80435144817
3880;SR-593/2020;-5.180000346031;-61.804201857571
3879;SR-593/2020;-5.179905391541;-61.804048282759
3878;SR-593/2020;-5.179808610848;-61.803895846359
3877;SR-593/2020;-5.179712743216;-61.80374284083
3876;SR-593/2020;-5.179616875558;-61.80358983535299
3875;SR-593/2020;-5.179521007873;-61.803436829927
3874;SR-593/2020;-5.179424227074;-61.803284393733
3873;SR-593/2020;-5.179328566066;-61.803130848218
3872;SR-593/2020;-5.179231200006;-61.802978787122
3871;SR-593/2020;-5.179139278649;-61.802823257639
3870;SR-593/2020;-5.179036467809;-61.802674665084
3869;SR-593/2020;-5.178940009126;-61.80252202606901
3868;SR-593/2020;-5.178841735508;-61.802370543252
3867;SR-593/2020;-5.178744369318;-61.80221848241401
3866;SR-593/2020;-5.178647003103;-61.802066421627
3865;SR-593/2020;-5.178549636861;-61.801914360891
3864;SR-593/2020;-5.178451363139;-61.801762878281
3863;SR-593/2020;-5.178354904299;-61.801610239575
3862;SR-593/2020;-5.178257537979;-61.801458178994
3861;SR-593/2020;-5.178165616351;-61.801302650023
3860;SR-593/2020;-5.178062805262;-61.80115405798701
3859;SR-593/2020;-5.177966346316;-61.801001419487
3858;SR-593/2020;-5.17786807244;-61.800849937186
3857;SR-593/2020;-5.17777070599;-61.800697876863
3856;SR-593/2020;-5.177673339514;-61.80054581659099
3855;SR-593/2020;-5.177575973012;-61.80039375637099
3854;SR-593/2020;-5.177477699032;-61.800242274277
3853;SR-593/2020;-5.17738123993;-61.800089636086
3852;SR-593/2020;-5.177283873349;-61.79993757602
3851;SR-593/2020;-5.177191951451;-61.79978204756
3850;SR-593/2020;-5.177089140111;-61.799633456044
3849;SR-593/2020;-5.176992680904;-61.799480818058
3848;SR-593/2020;-5.176894406769;-61.799329336273
3847;SR-593/2020;-5.176797040059;-61.799177276466
3846;SR-593/2020;-5.176699673323;-61.799025216709
3845;SR-593/2020;-5.176602306561;-61.79887315700499
3844;SR-593/2020;-5.176504032323;-61.798721675426
3843;SR-593/2020;-5.176407572959;-61.79856903774999
3842;SR-593/2020;-5.176310206119;-61.7984169782
3841;SR-593/2020;-5.176218283951;-61.798261450251
3840;SR-593/2020;-5.176115472361;-61.798112859254
3839;SR-593/2020;-5.176019012892;-61.79796022178301
3838;SR-593/2020;-5.175920738499;-61.79780874051399
3837;SR-593/2020;-5.175823371529;-61.797656681222
3836;SR-593/2020;-5.175726004533;-61.797504621981
3835;SR-593/2020;-5.175628883684;-61.797352923541
3834;SR-593/2020;-5.175532461417;-61.797200262871
3833;SR-593/2020;-5.175437867964;-61.797046468171
3832;SR-593/2020;-5.175342360063;-61.79689324056299
3831;SR-593/2020;-5.175252338654;-61.79673661076
3830;SR-593/2020;-5.175151344183;-61.796586785501
3829;SR-593/2020;-5.175056750622;-61.79643299100501
3828;SR-593/2020;-5.174960328197;-61.796280330644
3827;SR-593/2020;-5.174864820163;-61.796127103292
3826;SR-593/2020;-5.174769312103;-61.79597387599101
3825;SR-593/2020;-5.174673804017;-61.79582064874199
3824;SR-593/2020;-5.174577381485;-61.795667988586
3823;SR-593/2020;-5.174482787764;-61.79551419439699
3822;SR-593/2020;-5.174387279597;-61.795360967302
3821;SR-593/2020;-5.174297257911;-61.795204338007
3820;SR-593/2020;-5.174196263185;-61.795054513265
3819;SR-593/2020;-5.174101669356;-61.794900719281
3818;SR-593/2020;-5.174005246665;-61.79474805943201
3817;SR-593/2020;-5.173909738366;-61.794594832593
3816;SR-593/2020;-5.17381423004;-61.79444160580501
3815;SR-593/2020;-5.173718721687;-61.794288379069
3814;SR-593/2020;-5.173622298891;-61.794135719425
3813;SR-593/2020;-5.173527704901;-61.793981925749
3812;SR-593/2020;-5.173432196469;-61.793828699166
3811;SR-593/2020;-5.173342174507;-61.793672070379
3810;SR-593/2020;-5.173241179524;-61.793522246154
3809;SR-593/2020;-5.173146585427;-61.79336845268201
3808;SR-593/2020;-5.173050162472;-61.79321579334601
3807;SR-593/2020;-5.172954653907;-61.79306256701999
3806;SR-593/2020;-5.172859145315;-61.792909340744
3805;SR-593/2020;-5.172763636696;-61.79275611452
3804;SR-593/2020;-5.172667213635;-61.79260345539
3803;SR-593/2020;-5.172572619379;-61.792449662225
3802;SR-593/2020;-5.17247711068;-61.792296436155
3801;SR-593/2020;-5.172387088442;-61.792139807876
3800;SR-593/2020;-5.172286093203;-61.791989984167
3799;SR-593/2020;-5.172191498839;-61.791836191207
3798;SR-593/2020;-5.17209507562;-61.791683532385
3797;SR-593/2020;-5.171999566789;-61.791530306571
3796;SR-593/2020;-5.171904057931;-61.791377080808
3795;SR-593/2020;-5.171808549046;-61.791223855096
3794;SR-593/2020;-5.171712125722;-61.791071196479
3793;SR-593/2020;-5.171617531197;-61.790917403826
3792;SR-593/2020;-5.171522022233;-61.790764178268
3791;SR-593/2020;-5.171431999719;-61.790607550498
3790;SR-593/2020;-5.171331004225;-61.790457727306
3789;SR-593/2020;-5.171236409593;-61.790303934858
3788;SR-593/2020;-5.17113998611;-61.790151276549
3787;SR-593/2020;-5.171044477013;-61.789998051247
3786;SR-593/2020;-5.17094896789;-61.789844825996
3785;SR-593/2020;-5.170853458739;-61.789691600797
3784;SR-593/2020;-5.170757035151;-61.789538942693
3783;SR-593/2020;-5.170662440359;-61.789385150552
3782;SR-593/2020;-5.17056693113;-61.789231925507
3781;SR-593/2020;-5.170476908341;-61.789075298245
3780;SR-593/2020;-5.17037591259;-61.788925475569
3779;SR-593/2020;-5.170281317692;-61.788771683633
3778;SR-593/2020;-5.170184893945;-61.788619025837
3777;SR-593/2020;-5.170089384583;-61.788465801047
3776;SR-593/2020;-5.169993875194;-61.788312576309
3775;SR-593/2020;-5.169898365778;-61.788159351622
3774;SR-593/2020;-5.169801941926;-61.788006694032
3773;SR-593/2020;-5.169707346867;-61.78785290240199
3772;SR-593/2020;-5.169611837372;-61.78769967786899
3771;SR-593/2020;-5.169521814308;-61.787543051115
3770;SR-593/2020;-5.169420818303;-61.787393228957
3769;SR-593/2020;-5.169326223137;-61.787239437532
3768;SR-593/2020;-5.169229799127;-61.787086780249
3767;SR-593/2020;-5.169134289499;-61.78693355597201
3766;SR-593/2020;-5.169038779845;-61.78678033174601
3765;SR-593/2020;-5.168943270164;-61.786627107572
3764;SR-593/2020;-5.168846846049;-61.786474450495
3763;SR-593/2020;-5.168752250723;-61.786320659377
3762;SR-593/2020;-5.168656740963;-61.786167435356
3761;SR-593/2020;-5.168566717624;-61.78601080911
3760;SR-593/2020;-5.168465721363;-61.785860987468
3759;SR-593/2020;-5.168371125931;-61.78570719655501
3758;SR-593/2020;-5.168274701657;-61.785554539786
3757;SR-593/2020;-5.168179191764;-61.785401316021
3756;SR-593/2020;-5.168083681845;-61.78524809230801
3755;SR-593/2020;-5.1679881719;-61.785094868646
3754;SR-593/2020;-5.167891747521;-61.784942212081
3753;SR-593/2020;-5.167797151929;-61.784788421475
3752;SR-593/2020;-5.167701641904;-61.784635197967
3751;SR-593/2020;-5.16761161829;-61.784478572229
3750;SR-593/2020;-5.167510621774;-61.78432875110401
3749;SR-593/2020;-5.167416026075;-61.784174960703
3748;SR-593/2020;-5.167319601538;-61.78402230444599
3747;SR-593/2020;-5.167223394444;-61.783869195298
3746;SR-593/2020;-5.167126720899;-61.783716699641
3745;SR-593/2020;-5.167030047327;-61.783564204036
3744;SR-593/2020;-5.166932463664;-61.783412282432
3743;SR-593/2020;-5.166836700105;-61.783259212979
3742;SR-593/2020;-5.166740026456;-61.78310671752701
3741;SR-593/2020;-5.166648813169;-61.78295077842201
3740;SR-593/2020;-5.166546679078;-61.782801726779
3739;SR-593/2020;-5.166450915415;-61.782648657531
3738;SR-593/2020;-5.166353331596;-61.78249673623599
3737;SR-593/2020;-5.166256657816;-61.782344241042
3736;SR-593/2020;-5.166159984011;-61.782191745899
3735;SR-593/2020;-5.166063310179;-61.782039250808
3734;SR-593/2020;-5.165965726257;-61.781887329719
3733;SR-593/2020;-5.165869962437;-61.78173426077899
3732;SR-593/2020;-5.165773288527;-61.78158176584199
3731;SR-593/2020;-5.165682074969;-61.781425827246
3730;SR-593/2020;-5.165579940628;-61.78127677612199
3729;SR-593/2020;-5.165481015368;-61.78112234386401
3728;SR-593/2020;-5.165371738959;-61.78097856016
3727;SR-593/2020;-5.165263324447;-61.780834132854
3726;SR-593/2020;-5.165154909914;-61.780689705601
3725;SR-593/2020;-5.165046495358;-61.780545278401
3724;SR-593/2020;-5.164937218864;-61.780401494907
3723;SR-593/2020;-5.164829666182;-61.780256424157
3722;SR-593/2020;-5.164721251562;-61.780111997114
3721;SR-593/2020;-5.16461800842;-61.779963708195
3720;SR-593/2020;-5.164504422257;-61.77982314318499
3719;SR-593/2020;-5.164396869488;-61.779678072644
3718;SR-593/2020;-5.164287592865;-61.779534289466
3717;SR-593/2020;-5.164179178137;-61.77938986268501
3716;SR-593/2020;-5.164067262948;-61.779246058454
3715;SR-593/2020;-5.163952235074;-61.779106813828
3714;SR-593/2020;-5.163836376193;-61.778968252173
3713;SR-593/2020;-5.163722179268;-61.778828324734
3712;SR-593/2020;-5.163607151337;-61.778689080266
3711;SR-593/2020;-5.163497109311;-61.77854573833899
3710;SR-593/2020;-5.163377095417;-61.778410591487
3709;SR-593/2020;-5.163262898416;-61.778270664258
3708;SR-593/2020;-5.163147039421;-61.778132102918
3707;SR-593/2020;-5.163032011395;-61.77799285871301
3706;SR-593/2020;-5.162916983349;-61.77785361455899
3705;SR-593/2020;-5.162801955285;-61.777714370459
3704;SR-593/2020;-5.162684413293;-61.777576654161
3703;SR-593/2020;-5.162568504246;-61.777438134642
3702;SR-593/2020;-5.162451772655;-61.777300308208
3701;SR-593/2020;-5.162339976196;-61.777158323629
3700;SR-593/2020;-5.162218309417;-61.777024655497
3699;SR-593/2020;-5.162102400296;-61.776886136188
3698;SR-593/2020;-5.161984846107;-61.776749002996
3697;SR-593/2020;-5.161868114424;-61.776611176825
3696;SR-593/2020;-5.161751382723;-61.776473350705
3695;SR-593/2020;-5.161634651003;-61.77633552463801
3694;SR-593/2020;-5.161517096741;-61.77619839165699
3693;SR-593/2020;-5.161401187509;-61.776059872662
3692;SR-593/2020;-5.161284455734;-61.775922046752
3691;SR-593/2020;-5.161172659083;-61.775780062699
3690;SR-593/2020;-5.16105099213;-61.77564639509
3689;SR-593/2020;-5.160935082823;-61.77550787630601
3688;SR-593/2020;-5.160817528452;-61.77537074363801
3687;SR-593/2020;-5.160700796585;-61.775232917991
3686;SR-593/2020;-5.160584064701;-61.775095092396
3685;SR-593/2020;-5.160467332798;-61.774957266854
3684;SR-593/2020;-5.160349778354;-61.774820134396
3683;SR-593/2020;-5.160233868936;-61.774681615926
3682;SR-593/2020;-5.160117136978;-61.774543790541
3681;SR-593/2020;-5.160005340134;-61.774401807013
3680;SR-593/2020;-5.159883673007;-61.774268139927
3679;SR-593/2020;-5.159767763516;-61.774129621667
3678;SR-593/2020;-5.159650208962;-61.773992489524
3677;SR-593/2020;-5.159533476913;-61.773854664401
3676;SR-593/2020;-5.159416744845;-61.77371683933
3675;SR-593/2020;-5.159300012758;-61.773579014312
3674;SR-593/2020;-5.159182458133;-61.773441882379
3673;SR-593/2020;-5.15906654853;-61.773303364433
3672;SR-593/2020;-5.158950150993;-61.773165392576
3671;SR-593/2020;-5.158838762554;-61.77302309048299
3670;SR-593/2020;-5.158717479962;-61.772889076542
3669;SR-593/2020;-5.15860196893;-61.772750227929
3668;SR-593/2020;-5.158484808858;-61.772612760719
3667;SR-593/2020;-5.158368473278;-61.772474602885
3666;SR-593/2020;-5.158252137679;-61.772336445105
3665;SR-593/2020;-5.158135802062;-61.772198287376
3664;SR-593/2020;-5.158018641917;-61.772060820375
3663;SR-593/2020;-5.157903130773;-61.771921972077
3662;SR-593/2020;-5.157786795101;-61.771783814506
3661;SR-593/2020;-5.157675406468;-61.771641512939
3660;SR-593/2020;-5.157554123701;-61.771507499522
3659;SR-593/2020;-5.157438612483;-61.771368651433
3658;SR-593/2020;-5.157321452227;-61.771231184747
3657;SR-593/2020;-5.157205116463;-61.771093027438
3656;SR-593/2020;-5.15708878068;-61.77095487018099
3655;SR-593/2020;-5.156972444879;-61.770816712977
3654;SR-593/2020;-5.15685528455;-61.77067924649999
3653;SR-593/2020;-5.156739773221;-61.770540398727
3652;SR-593/2020;-5.156623437364;-61.77040224168
3651;SR-593/2020;-5.156512048538;-61.770259940638
3650;SR-593/2020;-5.156390765596;-61.770125927744
3649;SR-593/2020;-5.156275254192;-61.76998708017999
3648;SR-593/2020;-5.156158093754;-61.769849614017
3647;SR-593/2020;-5.156041757805;-61.769711457233
3646;SR-593/2020;-5.155925421838;-61.7695733005
3645;SR-593/2020;-5.155809085852;-61.769435143821
3644;SR-593/2020;-5.155691925341;-61.769297677868
3643;SR-593/2020;-5.155576413826;-61.76915883061799
3642;SR-593/2020;-5.155460077785;-61.769020674096
3641;SR-593/2020;-5.155348688765;-61.76887837358
3640;SR-593/2020;-5.155227405648;-61.768744361208
3639;SR-593/2020;-5.155111894059;-61.768605514168
3638;SR-593/2020;-5.154994733438;-61.76846804853
3637;SR-593/2020;-5.154878397305;-61.768329892269
3636;SR-593/2020;-5.154762061154;-61.768191736061
3635;SR-593/2020;-5.154645724985;-61.768053579905
3634;SR-593/2020;-5.154528564291;-61.767916114476
3633;SR-593/2020;-5.15441305259;-61.767777267751
3632;SR-593/2020;-5.154296716366;-61.767639111753
3631;SR-593/2020;-5.154185327152;-61.767496811762
3630;SR-593/2020;-5.154064043861;-61.767362799913
3629;SR-593/2020;-5.153948532086;-61.767223953398
3628;SR-593/2020;-5.153831371283;-61.767086488283
3627;SR-593/2020;-5.153715034966;-61.76694833254599
3626;SR-593/2020;-5.153598698631;-61.766810176862
3625;SR-593/2020;-5.153482362278;-61.766672021231
3624;SR-593/2020;-5.153365201403;-61.766534556325
3623;SR-593/2020;-5.153249689516;-61.766395710125
3622;SR-593/2020;-5.153133353108;-61.76625755464999
3621;SR-593/2020;-5.153021963701;-61.766115255184
3620;SR-593/2020;-5.152900680236;-61.76598124385799
3619;SR-593/2020;-5.152785168275;-61.765842397867
3618;SR-593/2020;-5.15266800729;-61.765704933276
3617;SR-593/2020;-5.15255167079;-61.765566778064
3616;SR-593/2020;-5.152435334272;-61.765428622903
3615;SR-593/2020;-5.152318997735;-61.76529046779599
3614;SR-593/2020;-5.152201836677;-61.765153003414
3613;SR-593/2020;-5.152086324606;-61.765014157737
3612;SR-593/2020;-5.151969988014;-61.764876002787
3611;SR-593/2020;-5.151858598414;-61.764733703846
3609;SR-593/2020;-5.151621802629;-61.76446084757599
3608;SR-593/2020;-5.151504641462;-61.76432338350801
3607;SR-593/2020;-5.151388304779;-61.76418522882
3606;SR-593/2020;-5.151271968077;-61.764047074183
3605;SR-593/2020;-5.151155631356;-61.763908919599
3604;SR-593/2020;-5.151038470117;-61.763771455742
3603;SR-593/2020;-5.150922957861;-61.763632610589
3602;SR-593/2020;-5.150806621086;-61.763494456162
3601;SR-593/2020;-5.150695231292;-61.763352157746
3600;SR-593/2020;-5.15057394748;-61.763218147466
3599;SR-593/2020;-5.150458435149;-61.763079302522
3598;SR-593/2020;-5.150341273801;-61.762941838979
3597;SR-593/2020;-5.150224936934;-61.762803684814
3596;SR-593/2020;-5.150108600049;-61.762665530701
3595;SR-593/2020;-5.149992263146;-61.762527376641
3594;SR-593/2020;-5.149875101725;-61.762389913307
3593;SR-593/2020;-5.149759589284;-61.762251068678
3610;SR-593/2020;-5.151737314775;-61.764599693043
3592;SR-593/2020;-5.149643252325;-61.762112914775
3591;SR-593/2020;-5.149531862339;-61.761970616884
3590;SR-593/2020;-5.149410578353;-61.761836607126
3589;SR-593/2020;-5.149295065838;-61.761697762706
3588;SR-593/2020;-5.149177904308;-61.761560299686
3587;SR-593/2020;-5.149061567259;-61.761422146045
3586;SR-593/2020;-5.14894523019;-61.761283992456
3585;SR-593/2020;-5.148828893104;-61.76114583892
3584;SR-593/2020;-5.148711731502;-61.761008376109
3583;SR-593/2020;-5.148596218876;-61.76086953200401
3582;SR-593/2020;-5.148479881735;-61.760731378624
3581;SR-593/2020;-5.148368491556;-61.760589081258
3580;SR-593/2020;-5.148247207397;-61.760455072022
3579;SR-593/2020;-5.148131694698;-61.760316228127
3578;SR-593/2020;-5.148014532986;-61.76017876563
3577;SR-593/2020;-5.147898195754;-61.760040612512
3576;SR-593/2020;-5.147781858503;-61.759902459447
3575;SR-593/2020;-5.147665521233;-61.759764306434
3574;SR-593/2020;-5.14754835945;-61.759626844146
3573;SR-593/2020;-5.14743284664;-61.759488000565
3572;SR-593/2020;-5.147316509316;-61.75934984770899
3571;SR-593/2020;-5.147205118946;-61.759207550868
3570;SR-593/2020;-5.147083834613;-61.759073542154
3569;SR-593/2020;-5.146968321729;-61.75893469878301
3568;SR-593/2020;-5.146851159837;-61.758797236809
3567;SR-593/2020;-5.146734822422;-61.758659084215
3566;SR-593/2020;-5.146618484988;-61.758520931673
3565;SR-593/2020;-5.146502147537;-61.75838277918399
3564;SR-593/2020;-5.146384985572;-61.75824531741899
3563;SR-593/2020;-5.146269472578;-61.758106474362
3562;SR-593/2020;-5.146153135072;-61.75796832202899
3561;SR-593/2020;-5.146041744509;-61.757826025712
3560;SR-593/2020;-5.145920460004;-61.757692017521
3559;SR-593/2020;-5.145804946936;-61.75755317467299
3558;SR-593/2020;-5.145687784863;-61.757415713223
3557;SR-593/2020;-5.145571447265;-61.757277561152
3556;SR-593/2020;-5.145455109649;-61.757139409133
3555;SR-593/2020;-5.145338772015;-61.757001257167
3554;SR-593/2020;-5.14522160987;-61.75686379592599
3553;SR-593/2020;-5.145106096692;-61.75672495339199
3552;SR-593/2020;-5.144989759003;-61.756586801583
3551;SR-593/2020;-5.144878368249;-61.756444505791
3550;SR-593/2020;-5.144757083571;-61.75631049812199
3549;SR-593/2020;-5.144641570319;-61.756171655797
3548;SR-593/2020;-5.144524408065;-61.75603419487
3547;SR-593/2020;-5.144408070286;-61.755896043322
3546;SR-593/2020;-5.144291732487;-61.755757891827
3545;SR-593/2020;-5.144175394671;-61.75561974038399
3544;SR-593/2020;-5.144058232345;-61.755482279666
3543;SR-593/2020;-5.143942718984;-61.75534343765599
3542;SR-593/2020;-5.143826381113;-61.75520528637
3541;SR-593/2020;-5.143714990167;-61.755062991102
3540;SR-593/2020;-5.143593705316;-61.754928983955
3539;SR-593/2020;-5.143478191881;-61.754790142154
3538;SR-593/2020;-5.143361029447;-61.75465268175
3537;SR-593/2020;-5.143244691485;-61.75451453072499
3536;SR-593/2020;-5.143128353505;-61.754376379753
3535;SR-593/2020;-5.143012015507;-61.754238228834
3534;SR-593/2020;-5.142894853001;-61.754100768639
3533;SR-593/2020;-5.142779339455;-61.753961927151
3532;SR-593/2020;-5.142663001403;-61.75382377638901
3531;SR-593/2020;-5.142551610265;-61.753681481645
3530;SR-593/2020;-5.142430325242;-61.75354747502
3529;SR-593/2020;-5.142314811624;-61.75340863374199
3528;SR-593/2020;-5.142197649009;-61.75327117386101
3527;SR-593/2020;-5.142081310866;-61.75313302336
3526;SR-593/2020;-5.141964972704;-61.752994872911
3525;SR-593/2020;-5.141848634524;-61.752856722514
3524;SR-593/2020;-5.141731471838;-61.752719262842
3523;SR-593/2020;-5.141615958109;-61.752580421878
3522;SR-593/2020;-5.141499619875;-61.752442271639
3521;SR-593/2020;-5.141388228546;-61.752299977419
3520;SR-593/2020;-5.141266943351;-61.752165971316
3519;SR-593/2020;-5.141151429549;-61.752027130562
3518;SR-593/2020;-5.141034266755;-61.751889671203
3517;SR-593/2020;-5.14091792843;-61.75175152122501
3516;SR-593/2020;-5.140801590086;-61.751613371299
3515;SR-593/2020;-5.140685251725;-61.751475221426
3514;SR-593/2020;-5.140568088859;-61.751337762276
3513;SR-593/2020;-5.140452574947;-61.751198921836
3512;SR-593/2020;-5.140336236531;-61.751060772119
3511;SR-593/2020;-5.140224845011;-61.750918478424
3510;SR-593/2020;-5.140103559645;-61.75078447284301
3509;SR-593/2020;-5.13998804566;-61.750645632611
3508;SR-593/2020;-5.139870882686;-61.750508173775
3507;SR-593/2020;-5.139754580638;-61.75037011771799
3506;SR-593/2020;-5.139638608706;-61.75023166204501
3505;SR-593/2020;-5.139522636756;-61.750093206424
3504;SR-593/2020;-5.139405838476;-61.749955439352
3503;SR-593/2020;-5.139290692801;-61.74981629534
3502;SR-593/2020;-5.139174720796;-61.749677839876
3501;SR-593/2020;-5.139063706639;-61.74953525348599
3500;SR-593/2020;-5.138942776731;-61.749400929105
3499;SR-593/2020;-5.138827630982;-61.749261785302
3498;SR-593/2020;-5.138710832594;-61.74912401854399
3497;SR-593/2020;-5.138594860497;-61.74898556334101
3496;SR-593/2020;-5.138478888383;-61.748847108191
3495;SR-593/2020;-5.13836291625;-61.74870865309401
3494;SR-593/2020;-5.138246117789;-61.748570886545
3493;SR-593/2020;-5.13813097193;-61.74843174305501
3492;SR-593/2020;-5.138014999743;-61.748293288114
3491;SR-593/2020;-5.137903985393;-61.748150702248
3490;SR-593/2020;-5.137783055313;-61.748016378389
3489;SR-593/2020;-5.13766790938;-61.747877235109
3488;SR-593/2020;-5.137551110811;-61.747739468874
3487;SR-593/2020;-5.137435138532;-61.747601014194
3486;SR-593/2020;-5.137319166235;-61.747462559567
3485;SR-593/2020;-5.13720319392;-61.74732410499299
3484;SR-593/2020;-5.137086395279;-61.747186338966
3483;SR-593/2020;-5.136971249235;-61.747047196
3482;SR-593/2020;-5.136855276866;-61.746908741582
3481;SR-593/2020;-5.136744262325;-61.74676615623999
3480;SR-593/2020;-5.136623332072;-61.746631832903
3479;SR-593/2020;-5.136508185955;-61.746492690146
3478;SR-593/2020;-5.136391387205;-61.746354924433
3477;SR-593/2020;-5.136275414744;-61.746216470276
3476;SR-593/2020;-5.136159442265;-61.746078016172
3475;SR-593/2020;-5.136043469768;-61.74593956212
3474;SR-593/2020;-5.135926670946;-61.745801796616
3473;SR-593/2020;-5.135811760624428;-61.74566911649049
3472;SR-593/2020;-5.135702944133134;-61.7455249998275
3471;SR-593/2020;-5.135585100948918;-61.74538992145017
3470;SR-593/2020;-5.135467257747837;-61.74525484312414
3469;SR-593/2020;-5.135348460709;-61.74510815041
3468;SR-593/2020;-5.135231661778;-61.74497038522
3467;SR-593/2020;-5.135115689135;-61.744831931586
3466;SR-593/2020;-5.134999716474;-61.744693478005
3465;SR-593/2020;-5.134883743795;-61.744555024475
3464;SR-593/2020;-5.134766944793;-61.744417259494
3463;SR-593/2020;-5.134651798383;-61.74427811757401
3462;SR-593/2020;-5.134535825649;-61.74413966420101
3461;SR-593/2020;-5.134424810725;-61.743997079907
3460;SR-593/2020;-5.134303880127;-61.74386275761301
3459;SR-593/2020;-5.134188733643;-61.74372361590201
3458;SR-593/2020;-5.134071934533;-61.743585851234
3457;SR-593/2020;-5.133955961708;-61.743447398123
3456;SR-593/2020;-5.133839988865;-61.74330894506401
3455;SR-593/2020;-5.133724016005;-61.743170492057
3454;SR-593/2020;-5.13360703135;-61.743032781695
3453;SR-593/2020;-5.133491575243;-61.742893895662
3452;SR-593/2020;-5.133375294348;-61.742755700005
3451;SR-593/2020;-5.133263962045;-61.742613362458
3450;SR-593/2020;-5.133142732505;-61.742479308848
3449;SR-593/2020;-5.133027276325;-61.742340423024
3448;SR-593/2020;-5.13291017059;-61.7422029179
3447;SR-593/2020;-5.132793889606;-61.742064722504
3446;SR-593/2020;-5.132677608603;-61.741926527161
3445;SR-593/2020;-5.132561327583;-61.74178833187
3444;SR-593/2020;-5.132444221777;-61.741650826954
3443;SR-593/2020;-5.132328765487;-61.741511941444
3442;SR-593/2020;-5.132212484413;-61.74137374631
3441;SR-593/2020;-5.132101151919;-61.741231409286
3440;SR-593/2020;-5.131979922209;-61.741097356197
3439;SR-593/2020;-5.131864465847;-61.740958470896
3438;SR-593/2020;-5.131747359934;-61.740820966294
3437;SR-593/2020;-5.131631078769;-61.74068277142099
3436;SR-593/2020;-5.131514797586;-61.7405445766
3435;SR-593/2020;-5.131398516386;-61.740406381831
3434;SR-593/2020;-5.131281410402;-61.740268877438
3433;SR-593/2020;-5.13116595393;-61.74012999245
3432;SR-593/2020;-5.131049672676;-61.739991797838
3431;SR-593/2020;-5.130938339993;-61.739849461338
3430;SR-593/2020;-5.130817110112;-61.73971540877
3429;SR-593/2020;-5.130701653568;-61.739576523991
3428;SR-593/2020;-5.130584547477;-61.739439019911
3427;SR-593/2020;-5.130468266132;-61.73930082556
3426;SR-593/2020;-5.130351984769;-61.73916263126101
3425;SR-593/2020;-5.130235703389;-61.739024437015
3424;SR-593/2020;-5.130118597226;-61.738886933143
3423;SR-593/2020;-5.130003140574;-61.738748048678
3422;SR-593/2020;-5.129886859139;-61.738609854588
3421;SR-593/2020;-5.129775526267;-61.738467518612
3420;SR-593/2020;-5.129654296216;-61.738333466565
3419;SR-593/2020;-5.12953883949;-61.738194582308
3418;SR-593/2020;-5.129421733221;-61.73805707875001
3417;SR-593/2020;-5.129305451696;-61.737918884921
3416;SR-593/2020;-5.129189170154;-61.737780691144
3415;SR-593/2020;-5.129072888594;-61.73764249742
3414;SR-593/2020;-5.128955782253;-61.737504994071
3413;SR-593/2020;-5.128840325419;-61.737366110128
3412;SR-593/2020;-5.128724043805;-61.73722791656
3411;SR-593/2020;-5.128612710743;-61.737085581107
3410;SR-593/2020;-5.128491480523;-61.73695152958
3409;SR-593/2020;-5.128376023616;-61.736812645846
3408;SR-593/2020;-5.128258917168;-61.73667514281
3407;SR-593/2020;-5.128142635464;-61.736536949503
3406;SR-593/2020;-5.128026353742;-61.736398756249
3405;SR-593/2020;-5.127910072003;-61.736260563046
3404;SR-593/2020;-5.127792965484;-61.736123060219
3403;SR-593/2020;-5.127677508469;-61.735984176798
3402;SR-593/2020;-5.127561226675;-61.735845983752
3401;SR-593/2020;-5.127449893425;-61.735703648822
3400;SR-593/2020;-5.127328663034;-61.735569597817
3399;SR-593/2020;-5.127213205947;-61.735430714605
3398;SR-593/2020;-5.127096099321;-61.73529321209
3397;SR-593/2020;-5.126979817438;-61.735155019305
3396;SR-593/2020;-5.126863535537;-61.73501682657299
3395;SR-593/2020;-5.126747253618;-61.734878633892
3394;SR-593/2020;-5.126630146921;-61.734741131586
3393;SR-593/2020;-5.126514689725;-61.73460224868799
3392;SR-593/2020;-5.126398407753;-61.734464056164
3391;SR-593/2020;-5.126287074313;-61.734321721757
3390;SR-593/2020;-5.126165843753;-61.734187671272
3389;SR-593/2020;-5.126050386485;-61.734048788582
3388;SR-593/2020;-5.125933279682;-61.73391128659
3387;SR-593/2020;-5.125816997619;-61.733773094326
3386;SR-593/2020;-5.125700715539;-61.733634902116
3385;SR-593/2020;-5.125584433441;-61.733496709957
3384;SR-593/2020;-5.125467326567;-61.733359208173
3383;SR-593/2020;-5.12535186919;-61.733220325796
3382;SR-593/2020;-5.125235587039;-61.73308213379399
3381;SR-593/2020;-5.125124253411;-61.73293979991
3380;SR-593/2020;-5.125003022681;-61.73280574994601
3379;SR-593/2020;-5.124887565232;-61.732666867778
3378;SR-593/2020;-5.124770458252;-61.732529366307
3377;SR-593/2020;-5.12465417601;-61.732391174566
3376;SR-593/2020;-5.124537893751;-61.732252982877
3375;SR-593/2020;-5.124421611474;-61.73211479123999
3374;SR-593/2020;-5.124304504423;-61.731977289977
3373;SR-593/2020;-5.124189046866;-61.731838408123
3372;SR-593/2020;-5.124072764535;-61.731700216642
3371;SR-593/2020;-5.123961430719;-61.73155788328199
3370;SR-593/2020;-5.12384019982;-61.731423833838
3369;SR-593/2020;-5.123724742191;-61.731284952192
3368;SR-593/2020;-5.123607635033;-61.731147451242
3367;SR-593/2020;-5.123491352613;-61.731009260023
3366;SR-593/2020;-5.123375070175;-61.730871068855
3365;SR-593/2020;-5.123258787719;-61.73073287774
3364;SR-593/2020;-5.123141680491;-61.730595376999
3363;SR-593/2020;-5.123026222754;-61.730456495666
3362;SR-593/2020;-5.122909940245;-61.730318304707
3361;SR-593/2020;-5.12279860624;-61.730175971869
3360;SR-593/2020;-5.122677375172;-61.730041922946
3359;SR-593/2020;-5.122561917363;-61.72990304182201
3358;SR-593/2020;-5.122444810029;-61.729765541394
3357;SR-593/2020;-5.12232852743;-61.72962735069599
3356;SR-593/2020;-5.122212244814;-61.72948916005
3355;SR-593/2020;-5.122095962179;-61.729350969456
3354;SR-593/2020;-5.121978854774;-61.729213469236
3353;SR-593/2020;-5.121863396857;-61.729074588425
3352;SR-593/2020;-5.121747114169;-61.72893639798801
3351;SR-593/2020;-5.121635779977;-61.728794065673
3350;SR-593/2020;-5.12151454874;-61.72866001727
3349;SR-593/2020;-5.121399090751;-61.72852113666799
3348;SR-593/2020;-5.12128198324;-61.728383636761
3347;SR-593/2020;-5.121165700463;-61.72824544658399
3346;SR-593/2020;-5.121049417668;-61.72810725646
3345;SR-593/2020;-5.120933134855;-61.72796906638799
3344;SR-593/2020;-5.120816027274;-61.727831566689
3343;SR-593/2020;-5.120700569177;-61.7276926864
3342;SR-593/2020;-5.120584286311;-61.727554496484
3341;SR-593/2020;-5.12047295193;-61.727412164692
3340;SR-593/2020;-5.120351720525;-61.727278116809
3339;SR-593/2020;-5.120236262356;-61.727139236728
3338;SR-593/2020;-5.120119154668;-61.727001737342
3337;SR-593/2020;-5.120002871713;-61.726863547687
3336;SR-593/2020;-5.11988658874;-61.726725358084
3335;SR-593/2020;-5.11977030575;-61.726587168533
3334;SR-593/2020;-5.119653197992;-61.726449669356
3333;SR-593/2020;-5.119537739715;-61.726310789588
3332;SR-593/2020;-5.119421456671;-61.726172600194
3331;SR-593/2020;-5.119310122103;-61.726030268924
3330;SR-593/2020;-5.11918889053;-61.725896221562
3329;SR-593/2020;-5.119073432181;-61.725757342002
3328;SR-593/2020;-5.118956324317;-61.72561984313801
3327;SR-593/2020;-5.118840041184;-61.725481654004
3326;SR-593/2020;-5.118723758033;-61.725343464922
3325;SR-593/2020;-5.118607474865;-61.725205275893
3324;SR-593/2020;-5.11849036693;-61.725067777237
3323;SR-593/2020;-5.118374908474;-61.72492889799
3322;SR-593/2020;-5.118258625252;-61.724790709117
3321;SR-593/2020;-5.118147290497;-61.72464837836999
3320;SR-593/2020;-5.118026058755;-61.724514331527
3319;SR-593/2020;-5.117910600227;-61.72437545249
3318;SR-593/2020;-5.117793492187;-61.724237954146
3317;SR-593/2020;-5.117677208877;-61.724099765533
3316;SR-593/2020;-5.117560925548;-61.723961576973
3315;SR-593/2020;-5.117444642202;-61.723823388465
3314;SR-593/2020;-5.117327534092;-61.72368589032899
3313;SR-593/2020;-5.117212075456;-61.72354701160499
3312;SR-593/2020;-5.117095792057;-61.723408823253
3311;SR-593/2020;-5.116984457115;-61.723266493028
3310;SR-593/2020;-5.116863225205;-61.72313244670499
3309;SR-593/2020;-5.116747766498;-61.722993568189
3308;SR-593/2020;-5.116630658282;-61.722856070366
3307;SR-593/2020;-5.116514374794;-61.722717882275
3306;SR-593/2020;-5.116398091288;-61.722579694235
3305;SR-593/2020;-5.116281807764;-61.72244150624801
3304;SR-593/2020;-5.116164699478;-61.72230400863399
3303;SR-593/2020;-5.116049240664;-61.72216513043
3302;SR-593/2020;-5.115932957087;-61.722026942599
3301;SR-593/2020;-5.115821621958;-61.72188461289701
3300;SR-593/2020;-5.11570038988;-61.721750567094
3299;SR-593/2020;-5.115584930994;-61.72161168909901
3298;SR-593/2020;-5.115467935991;-61.721474156512
3297;SR-593/2020;-5.115351829413;-61.72133582091
3296;SR-593/2020;-5.115235722817;-61.721197485361
3295;SR-593/2020;-5.115119616204;-61.721059149864
3294;SR-593/2020;-5.115002683944;-61.720921503686
3293;SR-593/2020;-5.114887402924;-61.720782479025
3292;SR-593/2020;-5.114771296257;-61.720644143684
3291;SR-593/2020;-5.11466014334;-61.720501672794
3290;SR-593/2020;-5.11453908287;-61.72036747315901
3289;SR-593/2020;-5.114423801778;-61.720228448707
3288;SR-593/2020;-5.114306869412;-61.720090802842
3287;SR-593/2020;-5.114190762657;-61.719952467761
3286;SR-593/2020;-5.114074655884;-61.719814132733
3285;SR-593/2020;-5.113958549092;-61.719675797757
3284;SR-593/2020;-5.113841616657;-61.719538152099
3283;SR-593/2020;-5.113726335457;-61.719399127961
3282;SR-593/2020;-5.113610228613;-61.719260793141
3281;SR-593/2020;-5.113499075508;-61.719118322772
3280;SR-593/2020;-5.113378014871;-61.71898412365699
3279;SR-593/2020;-5.113262733599;-61.718845099727
3278;SR-593/2020;-5.113145801058;-61.718707454382
3277;SR-593/2020;-5.113029694124;-61.718569119822
3276;SR-593/2020;-5.112913587174;-61.718430785315
3275;SR-593/2020;-5.112797480205;-61.71829245086
3274;SR-593/2020;-5.112680547593;-61.718154805723
3273;SR-593/2020;-5.112565266215;-61.71801578210501
3272;SR-593/2020;-5.112449159193;-61.71787744780601
3271;SR-593/2020;-5.112338005901;-61.71773497796
3270;SR-593/2020;-5.112216945096;-61.717600779365
3269;SR-593/2020;-5.112101663645;-61.717461755955
3268;SR-593/2020;-5.111984730928;-61.717324111131
3267;SR-593/2020;-5.111868623818;-61.71718577709199
3266;SR-593/2020;-5.111752516689;-61.717047443106
3265;SR-593/2020;-5.111636409543;-61.716909109172
3264;SR-593/2020;-5.11151871722;-61.71677158392199
3263;SR-593/2020;-5.111401846463;-61.716633886947
3262;SR-593/2020;-5.111284158036;-61.716496888678
3261;SR-593/2020;-5.111171375502;-61.716355698537
3260;SR-593/2020;-5.111048781132;-61.716222892296
3259;SR-593/2020;-5.110931910305;-61.71608519553
3258;SR-593/2020;-5.110813404158;-61.71594889612301
3257;SR-593/2020;-5.110695715646;-61.715811898114
3256;SR-593/2020;-5.110578027117;-61.715674900157
3255;SR-593/2020;-5.110460338571;-61.715537902252
3254;SR-593/2020;-5.110341832357;-61.715401603053
3253;SR-593/2020;-5.110224961427;-61.715263906598
3252;SR-593/2020;-5.110107272829;-61.715126908849
3251;SR-593/2020;-5.109994490114;-61.71498571923001
3250;SR-593/2020;-5.109871895583;-61.714852913507
3249;SR-593/2020;-5.109755024583;-61.714715217261
3248;SR-593/2020;-5.109636518268;-61.71457891837301
3247;SR-593/2020;-5.109518829585;-61.714441920884
3246;SR-593/2020;-5.109401140885;-61.71430492344701
3245;SR-593/2020;-5.109283452167;-61.714167926062
3244;SR-593/2020;-5.109164945784;-61.714031627382
3243;SR-593/2020;-5.109048074682;-61.713893931447
3242;SR-593/2020;-5.108930385914;-61.71375693421799
3241;SR-593/2020;-5.108817603019;-61.71361574512
3240;SR-593/2020;-5.108695008326;-61.713482939915
3239;SR-593/2020;-5.108578137154;-61.713345244188
3238;SR-593/2020;-5.10845963067;-61.71320894582001
3237;SR-593/2020;-5.108341941816;-61.713071948851
3236;SR-593/2020;-5.108224252945;-61.71293495193301
3235;SR-593/2020;-5.108106564057;-61.71279795506801
3234;SR-593/2020;-5.107988057505;-61.712661656907
3233;SR-593/2020;-5.107871186231;-61.712523961492
3232;SR-593/2020;-5.107753497292;-61.712386964783
3231;SR-593/2020;-5.107640714217;-61.712245776206
3230;SR-593/2020;-5.107518119363;-61.712112971519
3229;SR-593/2020;-5.10740124802;-61.711975276312
3228;SR-593/2020;-5.107282741366;-61.711838978463
3227;SR-593/2020;-5.107165052342;-61.71170198201299
3226;SR-593/2020;-5.107047363301;-61.711564985615
3225;SR-593/2020;-5.106929674243;-61.711427989269
3224;SR-593/2020;-5.106811167522;-61.711291691628
3223;SR-593/2020;-5.106694296075;-61.711153996733
3222;SR-593/2020;-5.106576606966;-61.71101700054299
3221;SR-593/2020;-5.106463823711;-61.71087581248699
3220;SR-593/2020;-5.106341228697;-61.710743008318
3219;SR-593/2020;-5.106224357181;-61.710605313631
3218;SR-593/2020;-5.106105850359;-61.710469016301
3217;SR-593/2020;-5.105988161165;-61.710332020371
3216;SR-593/2020;-5.105870471953;-61.710195024492
3215;SR-593/2020;-5.105752782725;-61.710058028665
3214;SR-593/2020;-5.105634275835;-61.70992173154301
3213;SR-593/2020;-5.105517404217;-61.709784037168
3212;SR-593/2020;-5.105399714938;-61.709647041497
3211;SR-593/2020;-5.105286931504;-61.709505853962
3210;SR-593/2020;-5.105164336328;-61.709373050311
3209;SR-593/2020;-5.105047464641;-61.70923535614399
3208;SR-593/2020;-5.104928957651;-61.709099059333
3207;SR-593/2020;-5.104811268286;-61.708962063922
3206;SR-593/2020;-5.104693578905;-61.708825068562
3205;SR-593/2020;-5.104575889507;-61.708688073255
3204;SR-593/2020;-5.104457382449;-61.708551776652
3203;SR-593/2020;-5.104340510659;-61.708414082796
3202;SR-593/2020;-5.10422282121;-61.708277087645
3201;SR-593/2020;-5.104110037596;-61.70813590063101
3200;SR-593/2020;-5.10398744226;-61.70800309749699
3199;SR-593/2020;-5.103870570402;-61.707865403849
3198;SR-593/2020;-5.103752063243;-61.70772910755801
3197;SR-593/2020;-5.103634373709;-61.707592112666
3196;SR-593/2020;-5.103516684158;-61.707455117826
3195;SR-593/2020;-5.10339899459;-61.707318123037
3194;SR-593/2020;-5.103280487363;-61.70718182695299
3193;SR-593/2020;-5.103163615402;-61.707044133617
3192;SR-593/2020;-5.103045925783;-61.706907138985
3191;SR-593/2020;-5.102933141991;-61.70676595249199
3190;SR-593/2020;-5.102810546495;-61.706633149876
3189;SR-593/2020;-5.102693674465;-61.706495456747
3188;SR-593/2020;-5.102575167138;-61.706359160974
3187;SR-593/2020;-5.102457477434;-61.70622216660099
3186;SR-593/2020;-5.102339787713;-61.70608517228
3185;SR-593/2020;-5.102222097976;-61.705948178011
3184;SR-593/2020;-5.102103590582;-61.705811882446
3183;SR-593/2020;-5.10198671845;-61.705674189629
3182;SR-593/2020;-5.101869028661;-61.70553719551601
3181;SR-593/2020;-5.10175624469;-61.705396009544
3180;SR-593/2020;-5.101631960462;-61.705263254583
3179;SR-593/2020;-5.101510985468;-61.705129132764
3178;SR-593/2020;-5.101388418098;-61.704996456759
3177;SR-593/2020;-5.101266646892;-61.704863057925
3176;SR-593/2020;-5.101144875672;-61.70472965914101
3175;SR-593/2020;-5.101023104436;-61.70459626040999
3174;SR-593/2020;-5.100900537005;-61.704463584611
3173;SR-593/2020;-5.100779561918;-61.704329463101
3172;SR-593/2020;-5.100657790636;-61.704196064524
3171;SR-593/2020;-5.100540796413;-61.70405832871
3170;SR-593/2020;-5.100414248026;-61.703929267524
3169;SR-593/2020;-5.100293272876;-61.70379514622
3168;SR-593/2020;-5.100170705354;-61.70366247073
3167;SR-593/2020;-5.100048933996;-61.70352907240999
3166;SR-593/2020;-5.099927162622;-61.703395674142
3165;SR-593/2020;-5.099805391232;-61.703262275925
3164;SR-593/2020;-5.09968282365;-61.703129600641
3163;SR-593/2020;-5.099561848407;-61.702995479646
3162;SR-593/2020;-5.099440076972;-61.702862081584
3161;SR-593/2020;-5.099323082587;-61.70272434628799
3160;SR-593/2020;-5.099196534055;-61.702595285614
3159;SR-593/2020;-5.099075558751;-61.702461164826
3158;SR-593/2020;-5.098952991078;-61.70232848985
3157;SR-593/2020;-5.098831219566;-61.702195092045
3156;SR-593/2020;-5.098709448038;-61.702061694292
3155;SR-593/2020;-5.098587676496;-61.70192829659
3154;SR-593/2020;-5.098465108762;-61.70179562182099
3153;SR-593/2020;-5.098344133365;-61.701661501341
3152;SR-593/2020;-5.098222361776;-61.701528103794
3151;SR-593/2020;-5.098105367229;-61.701390369016
3150;SR-593/2020;-5.097978818554;-61.701261308854
3149;SR-593/2020;-5.097857843095;-61.701127188581
3148;SR-593/2020;-5.09773527527;-61.700994514119
3147;SR-593/2020;-5.097613503605;-61.70086111683
3146;SR-593/2020;-5.097491731924;-61.700727719591
3145;SR-593/2020;-5.097369960229;-61.700594322404
3144;SR-593/2020;-5.097247392343;-61.700461648149
3143;SR-593/2020;-5.097126416792;-61.700327528185
3142;SR-593/2020;-5.097004645051;-61.700194131152
3141;SR-593/2020;-5.096887650341;-61.700056396892
3140;SR-593/2020;-5.096761101522;-61.699927337241
3139;SR-593/2020;-5.096640125909;-61.69979321748301
3138;SR-593/2020;-5.096517557933;-61.699660543536
3137;SR-593/2020;-5.096395786115;-61.699527146761
3136;SR-593/2020;-5.096274014282;-61.699393750037
3135;SR-593/2020;-5.096152242433;-61.69926035336501
3134;SR-593/2020;-5.096029674397;-61.699127679624
3133;SR-593/2020;-5.095908698691;-61.69899356017499
3132;SR-593/2020;-5.095786926797;-61.698860163657
3131;SR-593/2020;-5.095669931925;-61.698722429914
3130;SR-593/2020;-5.095543382963;-61.698593370776
3129;SR-593/2020;-5.095422407196;-61.698459251533
3128;SR-593/2020;-5.095299839068;-61.6983265781
3127;SR-593/2020;-5.095178067098;-61.698193181839
3126;SR-593/2020;-5.095056295112;-61.69805978562999
3125;SR-593/2020;-5.094934523111;-61.69792638947201
3124;SR-593/2020;-5.094811954923;-61.697793716245
3123;SR-593/2020;-5.094690979064;-61.697659597311
3122;SR-593/2020;-5.094569207017;-61.697526201308
3121;SR-593/2020;-5.094452211984;-61.69738846808299
3120;SR-593/2020;-5.094325662878;-61.697259409456
3119;SR-593/2020;-5.094204686957;-61.697125290728
3118;SR-593/2020;-5.094082118679;-61.696992617809
3117;SR-593/2020;-5.093960346556;-61.696859222063
3116;SR-593/2020;-5.093838574418;-61.696725826368
3115;SR-593/2020;-5.093716802265;-61.69659243072499
3114;SR-593/2020;-5.093594233926;-61.696459758012
3113;SR-593/2020;-5.093473257913;-61.696325639593
3112;SR-593/2020;-5.093351485714;-61.696192244104
3111;SR-593/2020;-5.093234490518;-61.69605451139601
3110;SR-593/2020;-5.09310794127;-61.69592545328
3109;SR-593/2020;-5.092986965195;-61.69579133506701
3108;SR-593/2020;-5.092864396766;-61.695658662663
3107;SR-593/2020;-5.092742624491;-61.695525267431
3106;SR-593/2020;-5.092620852201;-61.695391872251
3105;SR-593/2020;-5.092499079895;-61.695258477122
3104;SR-593/2020;-5.092376511406;-61.695125804922
3103;SR-593/2020;-5.092255535239;-61.69499168701801
3102;SR-593/2020;-5.092133762888;-61.694858292044
3101;SR-593/2020;-5.092016767531;-61.69472055985301
3100;SR-593/2020;-5.09189021814;-61.694591502249
3099;SR-593/2020;-5.091769241912;-61.69445738455099
3098;SR-593/2020;-5.091646673332;-61.694324712659
3097;SR-593/2020;-5.091524900905;-61.694191317942
3096;SR-593/2020;-5.091403128463;-61.694057923276
3095;SR-593/2020;-5.091281356005;-61.69392452866101
3094;SR-593/2020;-5.091158787366;-61.693791856976
3093;SR-593/2020;-5.091037811045;-61.693657739586
3092;SR-593/2020;-5.090916038542;-61.69352434512601
3091;SR-593/2020;-5.090799043025;-61.693386613452
3090;SR-593/2020;-5.09067242407;-61.693257564781
3089;SR-593/2020;-5.090551296884;-61.693123583046
3088;SR-593/2020;-5.090428578976;-61.692991048893
3087;SR-593/2020;-5.090306656406;-61.692857791026
3086;SR-593/2020;-5.090184733821;-61.692724533211
3085;SR-593/2020;-5.090062811221;-61.69259127544599
3084;SR-593/2020;-5.089940093252;-61.6924587415
3083;SR-593/2020;-5.089818965975;-61.692324760072
3082;SR-593/2020;-5.08969704333;-61.69219150246199
3081;SR-593/2020;-5.089579892787;-61.692053902309
3080;SR-593/2020;-5.089453197994;-61.691924987396
3079;SR-593/2020;-5.089332070656;-61.691791006175
3078;SR-593/2020;-5.089209352597;-61.691658472536
3077;SR-593/2020;-5.089087429876;-61.691525215183
3076;SR-593/2020;-5.08896550714;-61.691391957881
3075;SR-593/2020;-5.088843584389;-61.691258700631
3074;SR-593/2020;-5.088720866271;-61.69112616719699
3073;SR-593/2020;-5.088599738842;-61.690992186284
3072;SR-593/2020;-5.088477816046;-61.690858929188
3071;SR-593/2020;-5.088360665342;-61.690721329552
3070;SR-593/2020;-5.088233970408;-61.69059241515
3069;SR-593/2020;-5.088112842917;-61.69045843444201
3068;SR-593/2020;-5.087990124709;-61.690325901317
3067;SR-593/2020;-5.087868201838;-61.69019264447699
3066;SR-593/2020;-5.087746278951;-61.69005938768899
3065;SR-593/2020;-5.087624356049;-61.689926130953
3064;SR-593/2020;-5.087501637782;-61.689793598032
3063;SR-593/2020;-5.0873805102;-61.68965961763401
3062;SR-593/2020;-5.087258587253;-61.68952636105101
3061;SR-593/2020;-5.08714143639;-61.689388761931
3060;SR-593/2020;-5.087014741314;-61.68925984804
3059;SR-593/2020;-5.086893613671;-61.689125867847
3058;SR-593/2020;-5.086770895314;-61.688993335235
3057;SR-593/2020;-5.086648972292;-61.68886007890901
3056;SR-593/2020;-5.086527049255;-61.688726822635
3055;SR-593/2020;-5.086405126202;-61.688593566412
3054;SR-593/2020;-5.086282407786;-61.688461034004
3053;SR-593/2020;-5.086161280052;-61.68832705412
3052;SR-593/2020;-5.086039356955;-61.688193798051
3051;SR-593/2020;-5.085922205932;-61.688056199448
3050;SR-593/2020;-5.085795510714;-61.687927286067
3049;SR-593/2020;-5.08567438292;-61.687793306388
3048;SR-593/2020;-5.085551664414;-61.687660774289
3047;SR-593/2020;-5.085429741241;-61.687527518476
3046;SR-593/2020;-5.085307818053;-61.687394262716
3045;SR-593/2020;-5.085185894851;-61.68726100700599
3044;SR-593/2020;-5.085063176286;-61.687128475112
3043;SR-593/2020;-5.0849420484;-61.686994495741
3042;SR-593/2020;-5.084820125152;-61.686861240186
3041;SR-593/2020;-5.08470297397;-61.686723642099
3040;SR-593/2020;-5.084576278611;-61.68659472922901
3039;SR-593/2020;-5.084455150665;-61.686460750064
3038;SR-593/2020;-5.08433243201;-61.686328218477
3037;SR-593/2020;-5.084210508687;-61.68619496317901
3036;SR-593/2020;-5.084088585349;-61.686061707931
3035;SR-593/2020;-5.083966661996;-61.685928452735
3034;SR-593/2020;-5.083843943283;-61.685795921354
3033;SR-593/2020;-5.083722815245;-61.685661942497
3032;SR-593/2020;-5.083600891847;-61.685528687455
3031;SR-593/2020;-5.083483740505;-61.685391089885
3030;SR-593/2020;-5.083357045006;-61.685262177525
3029;SR-593/2020;-5.083235916908;-61.685128198874
3028;SR-593/2020;-5.083113198105;-61.6849956678
3027;SR-593/2020;-5.082991274632;-61.684862413015
3026;SR-593/2020;-5.082869351144;-61.68472915828
3025;SR-593/2020;-5.082747427641;-61.684595903598
3024;SR-593/2020;-5.082624708779;-61.68446337272899
3023;SR-593/2020;-5.08250358059;-61.684329394386
3022;SR-593/2020;-5.082381657042;-61.684196139857
3021;SR-593/2020;-5.082264505541;-61.684058542803
3020;SR-593/2020;-5.082137809901;-61.683929630954
3019;SR-593/2020;-5.082016681652;-61.683795652816
3018;SR-593/2020;-5.081893962701;-61.683663122255
3017;SR-593/2020;-5.081772039078;-61.683529867983
3016;SR-593/2020;-5.08165011544;-61.68339661376201
3015;SR-593/2020;-5.081528191787;-61.68326335959299
3014;SR-593/2020;-5.081405472777;-61.68313082923701
3013;SR-593/2020;-5.081284344437;-61.682996851407
3012;SR-593/2020;-5.081162420739;-61.682863597392
3011;SR-593/2020;-5.081045269079;-61.682726000854
3010;SR-593/2020;-5.080918573299;-61.682597089514
3009;SR-593/2020;-5.080797444898;-61.68246311189
3008;SR-593/2020;-5.080674725799;-61.682330581842
3007;SR-593/2020;-5.080552802026;-61.682197328083
3006;SR-593/2020;-5.080430878239;-61.682064074375
3005;SR-593/2020;-5.080308954437;-61.681930820719
3004;SR-593/2020;-5.080186235278;-61.681798290875
3003;SR-593/2020;-5.080065106787;-61.68166431356
3002;SR-593/2020;-5.07994318294;-61.681531060057
3001;SR-593/2020;-5.079826031121;-61.681393464035
3000;SR-593/2020;-5.079699335201;-61.681264553206
2999;SR-593/2020;-5.079578206649;-61.68113057609501
2998;SR-593/2020;-5.079455487402;-61.68099804656
2997;SR-593/2020;-5.07933356348;-61.680864793313
2996;SR-593/2020;-5.079211639543;-61.68073154011901
2995;SR-593/2020;-5.079089715591;-61.68059828697499
2994;SR-593/2020;-5.078966996285;-61.680465757644
2993;SR-593/2020;-5.078845867643;-61.680331780842
2992;SR-593/2020;-5.078723943647;-61.680198527852
2991;SR-593/2020;-5.07860679167;-61.680060932346
2990;SR-593/2020;-5.078480095609;-61.679932022027
2989;SR-593/2020;-5.078358966906;-61.67979804543
2988;SR-593/2020;-5.078236247511;-61.679665516406
2987;SR-593/2020;-5.07811432344;-61.679532263673
2986;SR-593/2020;-5.077992399354;-61.67939901099101
2985;SR-593/2020;-5.077870475253;-61.67926575836
2984;SR-593/2020;-5.077747755799;-61.679133229542
2983;SR-593/2020;-5.077626627007;-61.678999253253
2982;SR-593/2020;-5.077504702861;-61.678866000776
2981;SR-593/2020;-5.077387550726;-61.678728405786
2980;SR-593/2020;-5.077260854525;-61.678599495976
2979;SR-593/2020;-5.077139725672;-61.678465519892
2978;SR-593/2020;-5.07701700613;-61.678332991381
2977;SR-593/2020;-5.076895081909;-61.678199739161
2976;SR-593/2020;-5.076773157674;-61.678066486992
2975;SR-593/2020;-5.076651233425;-61.677933234874
2974;SR-593/2020;-5.076528513823;-61.67780070656701
2973;SR-593/2020;-5.07640738488;-61.677666730792
2972;SR-593/2020;-5.076285460585;-61.677533478828
2971;SR-593/2020;-5.076168308292;-61.677395884353
2970;SR-593/2020;-5.076041611952;-61.67726697505299
2969;SR-593/2020;-5.075920482948;-61.677132999483
2968;SR-593/2020;-5.075797763258;-61.67700047148401
2967;SR-593/2020;-5.07567583889;-61.67686721977599
2966;SR-593/2020;-5.075553914506;-61.676733968119
2965;SR-593/2020;-5.075431990107;-61.67660071651401
2964;SR-593/2020;-5.075309270359;-61.67646818872
2963;SR-593/2020;-5.075188141265;-61.676334213457
2962;SR-593/2020;-5.075066216822;-61.676200962006
2961;SR-593/2020;-5.07494906437;-61.676063368047
2960;SR-593/2020;-5.074822367891;-61.67593445925601
2959;SR-593/2020;-5.074701238737;-61.675800484199
2958;SR-593/2020;-5.0745785189;-61.675667956712
2957;SR-593/2020;-5.074456594383;-61.675534705517
2956;SR-593/2020;-5.07433466985;-61.675401454373
2955;SR-593/2020;-5.074212745303;-61.67526820327999
2954;SR-593/2020;-5.074090025407;-61.67513567599799
2953;SR-593/2020;-5.073968896164;-61.675001701248
2952;SR-593/2020;-5.073846971572;-61.674868450309
2951;SR-593/2020;-5.073729818963;-61.674730856866
2950;SR-593/2020;-5.073603122344;-61.674601948585
2949;SR-593/2020;-5.07348199304;-61.67446797404
2948;SR-593/2020;-5.073359273056;-61.674335447065
2947;SR-593/2020;-5.07323734839;-61.674202196383
2946;SR-593/2020;-5.07311542371;-61.674068945751
2945;SR-593/2020;-5.072993499014;-61.673935695171
2944;SR-593/2020;-5.072870778972;-61.67380316840001
2943;SR-593/2020;-5.072749649578;-61.673669194164
2942;SR-593/2020;-5.072627724838;-61.67353594373701
2941;SR-593/2020;-5.072510572071;-61.673398350809
2940;SR-593/2020;-5.072383875313;-61.673269443037
2939;SR-593/2020;-5.07226274586;-61.673135469006
2938;SR-593/2020;-5.072140025729;-61.67300294254301
2937;SR-593/2020;-5.072018100915;-61.672869692372
2936;SR-593/2020;-5.071896176086;-61.672736442253
2935;SR-593/2020;-5.071774251242;-61.672603192185
2934;SR-593/2020;-5.071651531053;-61.672470665926
2933;SR-593/2020;-5.07153040151;-61.67233669220199
2932;SR-593/2020;-5.071408476622;-61.67220344228801
2931;SR-593/2020;-5.071291323698;-61.672065849875
2930;SR-593/2020;-5.071164626801;-61.67193694261299
2929;SR-593/2020;-5.071043497198;-61.671802969094
2928;SR-593/2020;-5.070920776921;-61.67167044314301
2927;SR-593/2020;-5.070798851959;-61.671537193484
2926;SR-593/2020;-5.070676926982;-61.671403943877
2925;SR-593/2020;-5.07055500199;-61.671270694321
2924;SR-593/2020;-5.070432281655;-61.67113816857499
2923;SR-593/2020;-5.070311151962;-61.671004195363
2922;SR-593/2020;-5.070189226926;-61.670870945961
2921;SR-593/2020;-5.070072073845;-61.670733354064
2920;SR-593/2020;-5.069945376809;-61.67060444731
2919;SR-593/2020;-5.069824247057;-61.670470474304
2918;SR-593/2020;-5.069701526634;-61.670337948864
2917;SR-593/2020;-5.069579601524;-61.670204699718
2916;SR-593/2020;-5.069457676399;-61.67007145062299
2915;SR-593/2020;-5.069335751259;-61.66993820158
2914;SR-593/2020;-5.069213030778;-61.669805676344
2913;SR-593/2020;-5.069091900936;-61.669671703646
2912;SR-593/2020;-5.068969975752;-61.66953845475501
2911;SR-593/2020;-5.068852822514;-61.66940086337299
2910;SR-593/2020;-5.06872612534;-61.669271957129
2909;SR-593/2020;-5.068604995438;-61.669137984635
2908;SR-593/2020;-5.068482274869;-61.66900545970701
2907;SR-593/2020;-5.068360349611;-61.668872211073
2906;SR-593/2020;-5.068238424339;-61.66873896249
2905;SR-593/2020;-5.068116499052;-61.668605713958
2904;SR-593/2020;-5.067993778424;-61.668473189234
2903;SR-593/2020;-5.067872648433;-61.668339217048
2902;SR-593/2020;-5.067750723102;-61.66820596867
2901;SR-593/2020;-5.067633569707;-61.668068377802
2900;SR-593/2020;-5.067506872395;-61.667939472067
2899;SR-593/2020;-5.067385742344;-61.667805500085
2898;SR-593/2020;-5.067263021629;-61.667672975669
2897;SR-593/2020;-5.067141096224;-61.667539727546
2896;SR-593/2020;-5.067019170804;-61.667406479475
2895;SR-593/2020;-5.066897245369;-61.667273231455
2894;SR-593/2020;-5.066774524596;-61.667140707243
2893;SR-593/2020;-5.066653394456;-61.667006735569
2892;SR-593/2020;-5.066531468977;-61.666873487703
2891;SR-593/2020;-5.066414315426;-61.66673589734999
2890;SR-593/2020;-5.066287617976;-61.66660699212301
2889;SR-593/2020;-5.066166487776;-61.666473020654
2888;SR-593/2020;-5.066043766915;-61.66634049674901
2887;SR-593/2020;-5.065921841363;-61.666207249138
2886;SR-593/2020;-5.065799915796;-61.66607400157899
2885;SR-593/2020;-5.065677990214;-61.66594075407101
2884;SR-593/2020;-5.065555269295;-61.66580823037
2883;SR-593/2020;-5.065434139007;-61.665674259208
2882;SR-593/2020;-5.065312213381;-61.665541011853
2881;SR-593/2020;-5.065195059673;-61.665403422016
2880;SR-593/2020;-5.065068362085;-61.665274517297
2879;SR-593/2020;-5.064947231737;-61.665140546341
2878;SR-593/2020;-5.06482451073;-61.665008022946
2877;SR-593/2020;-5.064702585031;-61.664874775847
2876;SR-593/2020;-5.064580659317;-61.6647415288
2875;SR-593/2020;-5.064458733588;-61.66460828180299
2874;SR-593/2020;-5.064336012524;-61.664475758613
2873;SR-593/2020;-5.064214882087;-61.664341787964
2872;SR-593/2020;-5.064092956314;-61.664208541121
2871;SR-593/2020;-5.063975802451;-61.664070951798
2870;SR-593/2020;-5.063849104725;-61.66394204758799
2869;SR-593/2020;-5.063727974228;-61.663808077143
2868;SR-593/2020;-5.063605253077;-61.66367555426
2867;SR-593/2020;-5.06348332723;-61.663542307673
2866;SR-593/2020;-5.06336140137;-61.663409061137
2865;SR-593/2020;-5.063239475494;-61.66327581465201
2864;SR-593/2020;-5.063116754284;-61.663143291973
2863;SR-593/2020;-5.062995623699;-61.66300932183499
2862;SR-593/2020;-5.06287369778;-61.662876075504
2861;SR-593/2020;-5.06275654376;-61.662738486695
2860;SR-593/2020;-5.062629845897;-61.66260958299401
2859;SR-593/2020;-5.062508715252;-61.662475613061
2858;SR-593/2020;-5.062385993955;-61.662343090689
2857;SR-593/2020;-5.062264067963;-61.662209844613
2856;SR-593/2020;-5.062142141955;-61.66207659858801
2855;SR-593/2020;-5.062020215933;-61.661943352615
2854;SR-593/2020;-5.061897494578;-61.661810830447
2853;SR-593/2020;-5.061776363845;-61.661676860821
2852;SR-593/2020;-5.061654437779;-61.661543615001
2851;SR-593/2020;-5.061537283604;-61.66140602670701
2850;SR-593/2020;-5.061410585603;-61.66127712351399
2849;SR-593/2020;-5.061289454811;-61.661143154093
2848;SR-593/2020;-5.061166733369;-61.661010632232
2847;SR-593/2020;-5.06104480723;-61.660877386667
2846;SR-593/2020;-5.060922881076;-61.660744141154
2845;SR-593/2020;-5.060800954907;-61.660610895691
2844;SR-593/2020;-5.060678233408;-61.66047837403399
2843;SR-593/2020;-5.060557102527;-61.66034440492
2842;SR-593/2020;-5.060435176314;-61.660211159612
2841;SR-593/2020;-5.060318021984;-61.66007357183199
2840;SR-593/2020;-5.060191323846;-61.659944669147
2839;SR-593/2020;-5.060070192906;-61.659810700238
2838;SR-593/2020;-5.059947471319;-61.659678178887
2837;SR-593/2020;-5.059825545034;-61.659544933834
2836;SR-593/2020;-5.059703618734;-61.659411688832
2835;SR-593/2020;-5.059581692419;-61.65927844388099
2834;SR-593/2020;-5.059458970775;-61.659145922734
2833;SR-593/2020;-5.059337839746;-61.659011954132
2832;SR-593/2020;-5.059215913388;-61.65887870933399
2831;SR-593/2020;-5.059098758902;-61.658741122069
2830;SR-593/2020;-5.058972060627;-61.658612219892
2829;SR-593/2020;-5.058850929539;-61.65847825149499
2828;SR-593/2020;-5.058728207808;-61.658345730655
2827;SR-593/2020;-5.058606281377;-61.658212486113
2826;SR-593/2020;-5.058484354931;-61.658079241622
2825;SR-593/2020;-5.05836242847;-61.657945997182
2824;SR-593/2020;-5.058239706682;-61.657813476546
2823;SR-593/2020;-5.058118575505;-61.657679508455
2822;SR-593/2020;-5.057996649001;-61.657546264168
2821;SR-593/2020;-5.05787949436;-61.657408677417
2820;SR-593/2020;-5.057752795949;-61.657279775748
2819;SR-593/2020;-5.057631664713;-61.657145807863
2818;SR-593/2020;-5.057508942838;-61.657013287533
2817;SR-593/2020;-5.057387016261;-61.656880043502
2816;SR-593/2020;-5.057265089669;-61.656746799522
2815;SR-593/2020;-5.057143163063;-61.656613555593
2814;SR-593/2020;-5.05702044113;-61.656481035467
2813;SR-593/2020;-5.056899309806;-61.65634706788801
2812;SR-593/2020;-5.056777383156;-61.656213824112
2811;SR-593/2020;-5.05666022836;-61.656076237875
2810;SR-593/2020;-5.056533529812;-61.655947336714
2809;SR-593/2020;-5.05641239843;-61.65581336934
2808;SR-593/2020;-5.05628967641;-61.655680849521
2807;SR-593/2020;-5.056167749688;-61.65554760600001
2806;SR-593/2020;-5.05604582295;-61.655414362531
2805;SR-593/2020;-5.055923896198;-61.655281119113
2804;SR-593/2020;-5.055801174121;-61.65514859949799
2803;SR-593/2020;-5.055680042651;-61.65501463243
2802;SR-593/2020;-5.055558115855;-61.65488138916499
2801;SR-593/2020;-5.055440960905;-61.654743803442
2800;SR-593/2020;-5.055314262221;-61.654614902789
2799;SR-593/2020;-5.055193130691;-61.654480935926
2798;SR-593/2020;-5.055070408528;-61.654348416617
2797;SR-593/2020;-5.054948481659;-61.654215173607
2796;SR-593/2020;-5.054826554777;-61.654081930649
2795;SR-593/2020;-5.054704627879;-61.653948687742
2794;SR-593/2020;-5.054581905659;-61.653816168637
2793;SR-593/2020;-5.054460774041;-61.65368220208
2792;SR-593/2020;-5.0543388471;-61.653548959326
2791;SR-593/2020;-5.054221691995;-61.653411374117
2790;SR-593/2020;-5.054094993175;-61.653282473971
2789;SR-593/2020;-5.053973861499;-61.65314850761899
2788;SR-593/2020;-5.053851139192;-61.65301598882
2787;SR-593/2020;-5.053729212178;-61.652882746322
2786;SR-593/2020;-5.05360728515;-61.65274950387401
2785;SR-593/2020;-5.053485358108;-61.652616261477
2784;SR-593/2020;-5.053362635744;-61.652483742882
2783;SR-593/2020;-5.053241503979;-61.652349776837
2782;SR-593/2020;-5.053119576893;-61.65221653459399
2781;SR-593/2020;-5.053002421634;-61.652078949898
2780;SR-593/2020;-5.052875722678;-61.65195005025999
2779;SR-593/2020;-5.052754590855;-61.651816084419
2778;SR-593/2020;-5.052631868405;-61.65168356613
2777;SR-593/2020;-5.052509941246;-61.651550324142
2776;SR-593/2020;-5.052388014073;-61.65141708220501
2775;SR-593/2020;-5.052266086886;-61.651283840319
2774;SR-593/2020;-5.052143364378;-61.65115132223401
2773;SR-593/2020;-5.052022232467;-61.6510173567
2772;SR-593/2020;-5.051900305236;-61.650884114967
2771;SR-593/2020;-5.051783149823;-61.65074653078501
2770;SR-593/2020;-5.051656450731;-61.65061763165401
2769;SR-593/2020;-5.051535318762;-61.65048366632399
2768;SR-593/2020;-5.051412596168;-61.650351148545
2767;SR-593/2020;-5.051290668865;-61.650217907068
2766;SR-593/2020;-5.051168741547;-61.650084665641
2765;SR-593/2020;-5.051046814215;-61.649951424265
2764;SR-593/2020;-5.050924091564;-61.64981890668999
2763;SR-593/2020;-5.050802959507;-61.649684941667
2762;SR-593/2020;-5.050681032131;-61.64955170044501
2761;SR-593/2020;-5.050563876564;-61.649414116776
2760;SR-593/2020;-5.050437177337;-61.649285218152
2759;SR-593/2020;-5.050316045221;-61.649151253334
2758;SR-593/2020;-5.050193322485;-61.649018736065
2757;SR-593/2020;-5.050071395037;-61.648885495097
2756;SR-593/2020;-5.049949467574;-61.648752254181
2755;SR-593/2020;-5.049827540097;-61.648619013315
2754;SR-593/2020;-5.049704817304;-61.64848649624999
2753;SR-593/2020;-5.049583685101;-61.64835253173801
2752;SR-593/2020;-5.04946175758;-61.648219291026
2751;SR-593/2020;-5.04934460186;-61.648081707871
2750;SR-593/2020;-5.049217902497;-61.647952809754
2749;SR-593/2020;-5.049096770235;-61.647818845446
2748;SR-593/2020;-5.048974047356;-61.647686328687
2747;SR-593/2020;-5.048852119763;-61.64755308823
2746;SR-593/2020;-5.048730192157;-61.647419847823
2745;SR-593/2020;-5.048608264535;-61.647286607468
2744;SR-593/2020;-5.048485541599;-61.64715409091299
2743;SR-593/2020;-5.04836440925;-61.647020126911
2742;SR-593/2020;-5.048242481585;-61.646886886709
2741;SR-593/2020;-5.048125325711;-61.646749304067
2740;SR-593/2020;-5.047998626213;-61.646620406458
2739;SR-593/2020;-5.047877493806;-61.646486442661
2738;SR-593/2020;-5.047754770784;-61.64635392641101
2737;SR-593/2020;-5.047632843047;-61.64622068646401
2736;SR-593/2020;-5.047510915296;-61.646087446568
2735;SR-593/2020;-5.047388987531;-61.645954206723
2734;SR-593/2020;-5.047266264451;-61.645821690677
2733;SR-593/2020;-5.047145131957;-61.645687727186
2732;SR-593/2020;-5.047023204148;-61.645554487494
2731;SR-593/2020;-5.046906048121;-61.645416905365
2730;SR-593/2020;-5.046779348488;-61.645288008263
2729;SR-593/2020;-5.046658215935;-61.64515404497601
2728;SR-593/2020;-5.04653549277;-61.645021529236
2727;SR-593/2020;-5.04641356489;-61.644888289799
2726;SR-593/2020;-5.046291636995;-61.64475505041301
2725;SR-593/2020;-5.046169709086;-61.644621811078
2724;SR-593/2020;-5.046046985864;-61.644489295541
2723;SR-593/2020;-5.045925853224;-61.64435533256
2722;SR-593/2020;-5.045803925271;-61.64422209337799
2721;SR-593/2020;-5.045686769091;-61.64408451176299
2720;SR-593/2020;-5.045560069323;-61.64395561516701
2719;SR-593/2020;-5.045438936625;-61.643821652391
2718;SR-593/2020;-5.045316213318;-61.64368913716
2717;SR-593/2020;-5.045194285294;-61.643555898233
2716;SR-593/2020;-5.045072357255;-61.643422659357
2715;SR-593/2020;-5.044950429202;-61.643289420532
2714;SR-593/2020;-5.044827705838;-61.64315690550499
2713;SR-593/2020;-5.044706573053;-61.643022943034
2712;SR-593/2020;-5.044584644956;-61.642889704362
2711;SR-593/2020;-5.044467488623;-61.64275212326
2710;SR-593/2020;-5.044340788721;-61.642623227171
2709;SR-593/2020;-5.044219655878;-61.642489264905
2708;SR-593/2020;-5.044096932428;-61.642356750183
2707;SR-593/2020;-5.04397500426;-61.642223511766
2706;SR-593/2020;-5.043853076078;-61.6420902734
2705;SR-593/2020;-5.043731147881;-61.641957035084
2704;SR-593/2020;-5.043608424375;-61.641824520566
2703;SR-593/2020;-5.043487291445;-61.641690558606
2702;SR-593/2020;-5.043365363205;-61.641557320444
2701;SR-593/2020;-5.043248206719;-61.641419739854
2700;SR-593/2020;-5.043121506683;-61.641290844272
2699;SR-593/2020;-5.043000373695;-61.641156882516
2698;SR-593/2020;-5.042877650103;-61.641024368304
2697;SR-593/2020;-5.042755721792;-61.64089113039601
2696;SR-593/2020;-5.042633793466;-61.64075789254001
2695;SR-593/2020;-5.042511865126;-61.640624654734
2694;SR-593/2020;-5.042389141478;-61.640492140725
2693;SR-593/2020;-5.042268008403;-61.640358179275
2692;SR-593/2020;-5.04214608002;-61.64022494162301
2691;SR-593/2020;-5.042028923382;-61.64008736154599
2690;SR-593/2020;-5.041902223211;-61.63995846646999
2689;SR-593/2020;-5.041781090078;-61.639824505224
2688;SR-593/2020;-5.041658366345;-61.639691991521
2687;SR-593/2020;-5.041536437891;-61.639558754123
2686;SR-593/2020;-5.041414509422;-61.639425516776
2685;SR-593/2020;-5.041292580939;-61.63929227948
2684;SR-593/2020;-5.041169857149;-61.63915976598
2683;SR-593/2020;-5.041048723929;-61.63902580504
2682;SR-593/2020;-5.040926795403;-61.638892567897
2681;SR-593/2020;-5.040809638612;-61.638754988333
2680;SR-593/2020;-5.040682938308;-61.638626093763
2679;SR-593/2020;-5.040561805031;-61.63849213302699
2678;SR-593/2020;-5.040439081156;-61.638359619833
2677;SR-593/2020;-5.040317152558;-61.638226382944
2676;SR-593/2020;-5.040195223947;-61.638093146107
2675;SR-593/2020;-5.04007329532;-61.63795990932
2674;SR-593/2020;-5.03995057139;-61.637827396329
2673;SR-593/2020;-5.039829438025;-61.6376934359
2672;SR-593/2020;-5.039707509356;-61.637560199266
2671;SR-593/2020;-5.039590352413;-61.637422620214
2670;SR-593/2020;-5.039463651976;-61.637293726151
2669;SR-593/2020;-5.039342518553;-61.637159765925
2668;SR-593/2020;-5.039219794538;-61.637027253239
2667;SR-593/2020;-5.039097865797;-61.63689401686
2666;SR-593/2020;-5.038975937043;-61.63676078053201
2665;SR-593/2020;-5.038854008274;-61.63662754425501
2664;SR-593/2020;-5.038731284202;-61.63649503177301
2663;SR-593/2020;-5.038610150693;-61.636361071853
2662;SR-593/2020;-5.038488221881;-61.63622783572799
2661;SR-593/2020;-5.038371064786;-61.636090257189
2660;SR-593/2020;-5.038244364215;-61.635961363632
2659;SR-593/2020;-5.038123230649;-61.635827403916
2658;SR-593/2020;-5.038000506492;-61.635694891739
2657;SR-593/2020;-5.037878577609;-61.635561655869
2656;SR-593/2020;-5.037756648712;-61.63542842005
2655;SR-593/2020;-5.0376347198;-61.635295184282
2654;SR-593/2020;-5.037511995587;-61.635162672308
2653;SR-593/2020;-5.037390861935;-61.635028712898
2652;SR-593/2020;-5.03726893298;-61.634895477283
2651;SR-593/2020;-5.037151775734;-61.634757899256
2650;SR-593/2020;-5.037025075029;-61.634629006205
2649;SR-593/2020;-5.036903941319;-61.63449504699901
2648;SR-593/2020;-5.036781217021;-61.63436253533099
2647;SR-593/2020;-5.036659287996;-61.63422929997
2646;SR-593/2020;-5.036537358956;-61.63409606466
2645;SR-593/2020;-5.036415429902;-61.633962829401
2644;SR-593/2020;-5.036292705548;-61.633830317936
2643;SR-593/2020;-5.036171571752;-61.633696359035
2642;SR-593/2020;-5.036049642656;-61.633563123929
2641;SR-593/2020;-5.035932485257;-61.633425546415
2640;SR-593/2020;-5.03580578442;-61.633296653869
2639;SR-593/2020;-5.035684650566;-61.633162695173
2638;SR-593/2020;-5.035561926127;-61.633030184013
2637;SR-593/2020;-5.03543999696;-61.632896949161
2636;SR-593/2020;-5.035318067778;-61.63276371436
2635;SR-593/2020;-5.035196138582;-61.63263047960999
2634;SR-593/2020;-5.035073414087;-61.632497968654
2633;SR-593/2020;-5.034952280147;-61.632364010263
2632;SR-593/2020;-5.034830350909;-61.632230775666
2631;SR-593/2020;-5.034713193359;-61.63209319866301
2630;SR-593/2020;-5.034586492389;-61.631964306624
2629;SR-593/2020;-5.034465358391;-61.631830348436
2628;SR-593/2020;-5.034342633812;-61.631697837785
2627;SR-593/2020;-5.034220704503;-61.631564603442
2626;SR-593/2020;-5.034098775179;-61.63143136915
2625;SR-593/2020;-5.033976845841;-61.631298134909
2624;SR-593/2020;-5.033854121206;-61.631165624461
2623;SR-593/2020;-5.033732987122;-61.631031666579
2622;SR-593/2020;-5.033611057742;-61.63089843249099
2621;SR-593/2020;-5.033493900041;-61.630760856001
2620;SR-593/2020;-5.033367198938;-61.630631964467
2619;SR-593/2020;-5.033246064797;-61.630498006789
2618;SR-593/2020;-5.033123340078;-61.630365496646
2617;SR-593/2020;-5.033001410626;-61.63023226281199
2616;SR-593/2020;-5.032879481161;-61.630099029029
2615;SR-593/2020;-5.032757551681;-61.629965795296
2614;SR-593/2020;-5.032634826906;-61.629833285357
2613;SR-593/2020;-5.032513692679;-61.629699327984
2612;SR-593/2020;-5.032391763157;-61.629566094405
2611;SR-593/2020;-5.032274605306;-61.629428518426
2610;SR-593/2020;-5.03214790407;-61.629299627398
2609;SR-593/2020;-5.032026769786;-61.629165670229
2608;SR-593/2020;-5.031904044926;-61.629033160594
2607;SR-593/2020;-5.031782115333;-61.628899927269
2606;SR-593/2020;-5.031660185726;-61.628766693994
2605;SR-593/2020;-5.031538256105;-61.628633460771
2604;SR-593/2020;-5.03141553119;-61.628500951339
2603;SR-593/2020;-5.03129439682;-61.628366994476
2602;SR-593/2020;-5.031172467156;-61.62823376140501
2601;SR-593/2020;-5.031055309154;-61.62809618593901
2600;SR-593/2020;-5.030928607786;-61.627967295415
2599;SR-593/2020;-5.030807473359;-61.627833338756
2598;SR-593/2020;-5.03068474836;-61.62770082962901
2597;SR-593/2020;-5.030562818625;-61.62756759681199
2596;SR-593/2020;-5.030440888877;-61.627434364047
2595;SR-593/2020;-5.030318959114;-61.627301131331
2594;SR-593/2020;-5.030196234059;-61.627168622408
2593;SR-593/2020;-5.030075099547;-61.627034666054
2592;SR-593/2020;-5.029953169741;-61.626901433491
2591;SR-593/2020;-5.029836011589;-61.626763858536
2590;SR-593/2020;-5.029709310089;-61.626634968519
2589;SR-593/2020;-5.029588175519;-61.626501012368
2588;SR-593/2020;-5.02946545038;-61.62636850375
2587;SR-593/2020;-5.029343520505;-61.626235271441
2586;SR-593/2020;-5.029221590615;-61.626102039184
2585;SR-593/2020;-5.029099660711;-61.625968806977
2584;SR-593/2020;-5.028976935516;-61.62583629856099
2583;SR-593/2020;-5.028855800861;-61.625702342716
2582;SR-593/2020;-5.028733870915;-61.625569110662
2581;SR-593/2020;-5.028616712612;-61.625431536219
2580;SR-593/2020;-5.02849001098;-61.625302646707
2579;SR-593/2020;-5.028368876268;-61.625168691065
2578;SR-593/2020;-5.028246150989;-61.62503618295399
2577;SR-593/2020;-5.028124220973;-61.624902951154
2576;SR-593/2020;-5.028002290942;-61.62476971940499
2575;SR-593/2020;-5.027880360897;-61.624636487707
2574;SR-593/2020;-5.027757635563;-61.62450397979899
2573;SR-593/2020;-5.027636500765;-61.624370024463
2572;SR-593/2020;-5.027514570678;-61.624236792917
2571;SR-593/2020;-5.027397412226;-61.624099218985
2570;SR-593/2020;-5.027270710462;-61.62397032997801
2569;SR-593/2020;-5.027149575607;-61.623836374845
2568;SR-593/2020;-5.027026850189;-61.623703867242
2567;SR-593/2020;-5.026904920032;-61.62357063595
2566;SR-593/2020;-5.02678298986;-61.623437404709
2565;SR-593/2020;-5.026661059675;-61.623304173519
2564;SR-593/2020;-5.026538334201;-61.623171666119
2563;SR-593/2020;-5.026417199261;-61.623037711292
2562;SR-593/2020;-5.026295269034;-61.62290448025401
2561;SR-593/2020;-5.026178110431;-61.622766906834
2560;SR-593/2020;-5.026051408536;-61.622638018331
2559;SR-593/2020;-5.025930273539;-61.622504063707
2558;SR-593/2020;-5.025807547982;-61.622371556612
2557;SR-593/2020;-5.025685617684;-61.622238325828
2556;SR-593/2020;-5.025563687372;-61.62210509509499
2555;SR-593/2020;-5.025441757046;-61.621971864413
2554;SR-593/2020;-5.025319031433;-61.621839357521
2553;SR-593/2020;-5.025197896351;-61.62170540320201
2552;SR-593/2020;-5.025075965983;-61.621572172673
2551;SR-593/2020;-5.024958807231;-61.621434599764
2550;SR-593/2020;-5.024832105205;-61.621305711766
2549;SR-593/2020;-5.024710970066;-61.621171757651
2548;SR-593/2020;-5.02458824437;-61.621039251063
2547;SR-593/2020;-5.024466313931;-61.62090602078699
2546;SR-593/2020;-5.024344383479;-61.620772790562
2545;SR-593/2020;-5.024222453012;-61.620639560388
2544;SR-593/2020;-5.024099727261;-61.62050705400301
2543;SR-593/2020;-5.023978592037;-61.620373100193
2542;SR-593/2020;-5.023856661529;-61.62023987017099
2541;SR-593/2020;-5.023739502627;-61.620102297774
2540;SR-593/2020;-5.02361280047;-61.619973410281
2539;SR-593/2020;-5.023491665189;-61.61983945667401
2538;SR-593/2020;-5.023368939354;-61.619706950593
2537;SR-593/2020;-5.023247008776;-61.619573720826
2536;SR-593/2020;-5.023125078183;-61.619440491109
2535;SR-593/2020;-5.023003147576;-61.619307261443
2534;SR-593/2020;-5.022880421687;-61.619174755565
2533;SR-593/2020;-5.022759286321;-61.619040802263
2532;SR-593/2020;-5.022637355672;-61.618907572749
2531;SR-593/2020;-5.022520196622;-61.61877000086301
2530;SR-593/2020;-5.022393494333;-61.618641113875
2529;SR-593/2020;-5.022272358911;-61.618507160776
2528;SR-593/2020;-5.022149632938;-61.618374655203
2527;SR-593/2020;-5.022027702219;-61.618241425943
2526;SR-593/2020;-5.021905771487;-61.618108196734
2525;SR-593/2020;-5.02178384074;-61.617974967576
2524;SR-593/2020;-5.021661114712;-61.617842462205
2523;SR-593/2020;-5.021539979205;-61.617708509412
2522;SR-593/2020;-5.021418048416;-61.617575280406
2521;SR-593/2020;-5.021300889216;-61.61743770903
2520;SR-593/2020;-5.021174186797;-61.61730882254601
2519;SR-593/2020;-5.021053051233;-61.617174869956
2518;SR-593/2020;-5.020930325122;-61.61704236489
2517;SR-593/2020;-5.020808394264;-61.61690913613799
2516;SR-593/2020;-5.020686463391;-61.616775907436
2515;SR-593/2020;-5.020564532505;-61.616642678786
2514;SR-593/2020;-5.020441806338;-61.616510173923
2513;SR-593/2020;-5.02032067069;-61.616376221637
2512;SR-593/2020;-5.020198739762;-61.61624299313899
2511;SR-593/2020;-5.020081580413;-61.616105422274
2510;SR-593/2020;-5.019954877864;-61.615976536295
2509;SR-593/2020;-5.019833742159;-61.615842584213
2508;SR-593/2020;-5.019711015909;-61.615710079654
2507;SR-593/2020;-5.019589084911;-61.615576851409
2506;SR-593/2020;-5.019467153899;-61.615443623215
2505;SR-593/2020;-5.019345222873;-61.615310395072
2504;SR-593/2020;-5.019222496569;-61.61517789071599
2503;SR-593/2020;-5.01910136078;-61.615043938939
2502;SR-593/2020;-5.018979429712;-61.614910710948
2501;SR-593/2020;-5.018862270215;-61.614773140594
2500;SR-593/2020;-5.018735567535;-61.614644255119
2499;SR-593/2020;-5.018614431689;-61.614510303545
2498;SR-593/2020;-5.018491705301;-61.614377799493
2497;SR-593/2020;-5.018369774164;-61.614244571756
2496;SR-593/2020;-5.018247843013;-61.61411134406999
2495;SR-593/2020;-5.018125911847;-61.613978116434
2494;SR-593/2020;-5.018003185405;-61.61384561258501
2493;SR-593/2020;-5.017882049475;-61.613711661315
2492;SR-593/2020;-5.017760118268;-61.613578433832
2491;SR-593/2020;-5.017642958622;-61.613440863989
2490;SR-593/2020;-5.017516255812;-61.613311979018
2489;SR-593/2020;-5.017395119825;-61.613178027952
2488;SR-593/2020;-5.0172723933;-61.613045524406
2487;SR-593/2020;-5.017150462024;-61.612912297177
2486;SR-593/2020;-5.017028530733;-61.612779069998
2485;SR-593/2020;-5.016906599429;-61.61264584287
2484;SR-593/2020;-5.016783872849;-61.612513339527
2483;SR-593/2020;-5.016662736778;-61.612379388766
2482;SR-593/2020;-5.016540805432;-61.61224616179
2481;SR-593/2020;-5.016423645638;-61.61210859245701
2480;SR-593/2020;-5.016296942698;-61.61197970799
2479;SR-593/2020;-5.016175806571;-61.611845757432
2478;SR-593/2020;-5.016053079908;-61.61171325439301
2477;SR-593/2020;-5.015931148493;-61.611580027671
2476;SR-593/2020;-5.015809217063;-61.611446800999
2475;SR-593/2020;-5.01568728562;-61.611313574378
2474;SR-593/2020;-5.015564558902;-61.611181071542
2473;SR-593/2020;-5.015443422691;-61.611047121289
2472;SR-593/2020;-5.015321491206;-61.61091389482
2471;SR-593/2020;-5.015204331264;-61.610776325998
2470;SR-593/2020;-5.015077628194;-61.61064744203501
2469;SR-593/2020;-5.014956491927;-61.61051349198401
2468;SR-593/2020;-5.014833765127;-61.610380989452
2467;SR-593/2020;-5.014711833573;-61.610247763237
2466;SR-593/2020;-5.014589902004;-61.610114537073
2465;SR-593/2020;-5.014467970422;-61.609981310959
2464;SR-593/2020;-5.014345243568;-61.609848808629
2463;SR-593/2020;-5.014224107216;-61.609714858883
2462;SR-593/2020;-5.014102175592;-61.609581632922
2461;SR-593/2020;-5.013985015503;-61.60944406461
2460;SR-593/2020;-5.013858312303;-61.609315181151
2459;SR-593/2020;-5.013737175896;-61.609181231608
2458;SR-593/2020;-5.013614448959;-61.60904872958199
2457;SR-593/2020;-5.013492517266;-61.608915503874
2456;SR-593/2020;-5.013370585559;-61.60878227821701
2455;SR-593/2020;-5.013248653838;-61.60864905261
2454;SR-593/2020;-5.013125926847;-61.608516550787
2453;SR-593/2020;-5.013004790355;-61.608382601549
2452;SR-593/2020;-5.012882858593;-61.608249376094
2451;SR-593/2020;-5.012765698356;-61.608111808293
2450;SR-593/2020;-5.012638995027;-61.607982925337
2449;SR-593/2020;-5.012517858479;-61.607848976301
2448;SR-593/2020;-5.012395131405;-61.60771647478201
2447;SR-593/2020;-5.012273199574;-61.607583249581
2446;SR-593/2020;-5.012151267729;-61.607450024431
2445;SR-593/2020;-5.01202933587;-61.607316799331
2444;SR-593/2020;-5.011906608741;-61.60718429801399
2443;SR-593/2020;-5.01178547211;-61.60705034928299
2442;SR-593/2020;-5.011663540209;-61.606917124336
2441;SR-593/2020;-5.011546379825;-61.60677955704401
2440;SR-593/2020;-5.011419676367;-61.60665067459199
2439;SR-593/2020;-5.011298539679;-61.606516726064
2438;SR-593/2020;-5.011175812469;-61.606384225051
2437;SR-593/2020;-5.011053880499;-61.606251000357
2436;SR-593/2020;-5.010931948516;-61.606117775713
2435;SR-593/2020;-5.010810016519;-61.60598455112
2434;SR-593/2020;-5.010687289254;-61.60585205031
2433;SR-593/2020;-5.010566152483;-61.605718102086
2432;SR-593/2020;-5.010444220444;-61.60558487764501
2431;SR-593/2020;-5.010327059912;-61.605447310864
2430;SR-593/2020;-5.010200356325;-61.605318428915
2429;SR-593/2020;-5.010079219498;-61.605184480895
2428;SR-593/2020;-5.009956492151;-61.60505198038799
2427;SR-593/2020;-5.009834560044;-61.6049187562
2426;SR-593/2020;-5.009712627922;-61.604785532063
2425;SR-593/2020;-5.009590695787;-61.604652307977
2424;SR-593/2020;-5.009467968386;-61.604519807673
2423;SR-593/2020;-5.009346831475;-61.604385859957
2422;SR-593/2020;-5.009224899299;-61.604252636022
2421;SR-593/2020;-5.00910773862;-61.604115069751
2420;SR-593/2020;-5.008981034904;-61.603986188306
2419;SR-593/2020;-5.008859897938;-61.603852240792
2418;SR-593/2020;-5.008737170455;-61.603719740792
2417;SR-593/2020;-5.008615238209;-61.60358651711
2416;SR-593/2020;-5.00849330595;-61.60345329348
2415;SR-593/2020;-5.008371373677;-61.6033200699
2414;SR-593/2020;-5.008248646139;-61.60318757010199
2413;SR-593/2020;-5.00812750909;-61.603053622893
2412;SR-593/2020;-5.008005576776;-61.60292039946501
2411;SR-593/2020;-5.00788841595;-61.602782833704
2410;SR-593/2020;-5.007761712106;-61.602653952762
2409;SR-593/2020;-5.007640575;-61.602520005755
2408;SR-593/2020;-5.007517847381;-61.60238750626
2407;SR-593/2020;-5.007395914998;-61.602254283086
2406;SR-593/2020;-5.007273982601;-61.602121059962
2405;SR-593/2020;-5.007152050191;-61.601987836889
2404;SR-593/2020;-5.007029322517;-61.601855337597
2403;SR-593/2020;-5.006908185328;-61.60172139089401
2402;SR-593/2020;-5.006786252877;-61.601588167973
2401;SR-593/2020;-5.006669091904;-61.601450602721
2400;SR-593/2020;-5.006542387932;-61.601321722282
2399;SR-593/2020;-5.006421250687;-61.601187775783
2398;SR-593/2020;-5.006298522932;-61.60105527679399
2397;SR-593/2020;-5.006176590412;-61.60092205412599
2396;SR-593/2020;-5.006054657878;-61.600788831508
2395;SR-593/2020;-5.00593272533;-61.60065560894099
2394;SR-593/2020;-5.00580999752;-61.600523110155
2393;SR-593/2020;-5.005688860193;-61.60038916396
2392;SR-593/2020;-5.005566927604;-61.60025594154501
2391;SR-593/2020;-5.005449766485;-61.600118376802
2390;SR-593/2020;-5.005323062384;-61.599989496866
2389;SR-593/2020;-5.005201925001;-61.599855550874
2388;SR-593/2020;-5.00507919711;-61.599723052391
2387;SR-593/2020;-5.004957264453;-61.599589830229
2386;SR-593/2020;-5.004835331781;-61.599456608118
2385;SR-593/2020;-5.004713399096;-61.599323386057
2384;SR-593/2020;-5.004590671151;-61.599190887776
2383;SR-593/2020;-5.004469533685;-61.599056942088
2382;SR-593/2020;-5.004347600959;-61.598923720179
2381;SR-593/2020;-5.004230439694;-61.59878615594601
2380;SR-593/2020;-5.004103735465;-61.598657276513
2379;SR-593/2020;-5.003982597944;-61.59852333102701
2378;SR-593/2020;-5.003859869917;-61.59839083305
2377;SR-593/2020;-5.003737937123;-61.598257611394
2376;SR-593/2020;-5.003616004314;-61.598124389789
2375;SR-593/2020;-5.003494071492;-61.597991168235
2374;SR-593/2020;-5.003371343412;-61.59785867045899
2373;SR-593/2020;-5.003250205807;-61.597724725277
2372;SR-593/2020;-5.003128272944;-61.59759150387499
2371;SR-593/2020;-5.003011111533;-61.59745394015201
2370;SR-593/2020;-5.002884407177;-61.597325061221
2369;SR-593/2020;-5.002763269517;-61.597191116242
2368;SR-593/2020;-5.002640541355;-61.59705861876999
2367;SR-593/2020;-5.002518608424;-61.596925397621
2366;SR-593/2020;-5.002396675479;-61.596792176521
2365;SR-593/2020;-5.00227474252;-61.59665895547301
2364;SR-593/2020;-5.002152014304;-61.596526458203
2363;SR-593/2020;-5.002030876561;-61.596392513528
2362;SR-593/2020;-5.001908943562;-61.596259292631
2361;SR-593/2020;-5.001791782005;-61.596121729417
2360;SR-593/2020;-5.001665077521;-61.59599285098999
2359;SR-593/2020;-5.001543939723;-61.595858906517
2358;SR-593/2020;-5.001421211426;-61.59572640955099
2357;SR-593/2020;-5.001299278358;-61.595593188907
2356;SR-593/2020;-5.001177345277;-61.595459968314
2355;SR-593/2020;-5.001055412181;-61.595326747771
2354;SR-593/2020;-5.00093268383;-61.595194251007
2353;SR-593/2020;-5.00081154595;-61.595060306838
2352;SR-593/2020;-5.000689612813;-61.594927086447
2351;SR-593/2020;-5.000572451111;-61.594789523743
2350;SR-593/2020;-5.0004457465;-61.594660645817
2349;SR-593/2020;-5.000324608564;-61.594526701851
2348;SR-593/2020;-5.000201880132;-61.59439420539
2347;SR-593/2020;-5.000079946928;-61.594260985252
2346;SR-593/2020;-4.99995801371;-61.594127765165
2345;SR-593/2020;-4.999836080478;-61.59399454512799
2344;SR-593/2020;-4.999713351992;-61.593862048869
2343;SR-593/2020;-4.999592213974;-61.593728105206
2342;SR-593/2020;-4.999470280701;-61.593594885321
2341;SR-593/2020;-4.999353118854;-61.593457323126
2340;SR-593/2020;-4.999226414115;-61.59332844570301
2339;SR-593/2020;-4.999105276041;-61.593194502243
2338;SR-593/2020;-4.998982547475;-61.593062006287
2337;SR-593/2020;-4.998860614134;-61.592928786655
2336;SR-593/2020;-4.99873868078;-61.592795567073
2335;SR-593/2020;-4.998616747412;-61.59266234754201
2334;SR-593/2020;-4.998494018792;-61.592529851788
2333;SR-593/2020;-4.998372880636;-61.592395908632
2332;SR-593/2020;-4.998250947227;-61.592262689253
2331;SR-593/2020;-4.998133785234;-61.592125127566
2330;SR-593/2020;-4.998007080369;-61.591996250646
2329;SR-593/2020;-4.997885942158;-61.591862307692
2328;SR-593/2020;-4.997763213457;-61.591729812241
2327;SR-593/2020;-4.99764127998;-61.591596593115
2326;SR-593/2020;-4.99751934649;-61.59146337403899
2325;SR-593/2020;-4.997397412986;-61.591330155013
2324;SR-593/2020;-4.997274684232;-61.59119765976399
2323;SR-593/2020;-4.997153545938;-61.59106371711399
2322;SR-593/2020;-4.997031612393;-61.59093049824
2321;SR-593/2020;-4.996914450255;-61.590792937063
2320;SR-593/2020;-4.996787745263;-61.590664060644
2319;SR-593/2020;-4.996666606915;-61.590530118197
2318;SR-593/2020;-4.996543878079;-61.59039762325099
2317;SR-593/2020;-4.996421944467;-61.59026440463001
2316;SR-593/2020;-4.996300010841;-61.590131186059
2315;SR-593/2020;-4.996178077202;-61.589997967539
2314;SR-593/2020;-4.996055348313;-61.589865472795
2313;SR-593/2020;-4.995934209882;-61.589731530651
2312;SR-593/2020;-4.995812276202;-61.589598312283
2311;SR-593/2020;-4.995695113919;-61.589460751614
2310;SR-593/2020;-4.9955684088;-61.589331875698
2309;SR-593/2020;-4.995447270314;-61.589197933756
2308;SR-593/2020;-4.995324541345;-61.589065439315
2307;SR-593/2020;-4.995202607597;-61.588932221199
2306;SR-593/2020;-4.995080673836;-61.58879900313401
2305;SR-593/2020;-4.99495874006;-61.58866578512001
2304;SR-593/2020;-4.994836011038;-61.58853329088
2303;SR-593/2020;-4.99471487247;-61.588399349242
2302;SR-593/2020;-4.994592938654;-61.588266131379
2301;SR-593/2020;-4.994475776227;-61.588128571219
2300;SR-593/2020;-4.994349070982;-61.587999695805
2299;SR-593/2020;-4.994227932359;-61.587865754369
2298;SR-593/2020;-4.994105203256;-61.58773326043299
2297;SR-593/2020;-4.993983269372;-61.587600042822
2296;SR-593/2020;-4.993861335475;-61.587466825263
2295;SR-593/2020;-4.993739401565;-61.587333607753
2294;SR-593/2020;-4.993616672408;-61.587201114019
2293;SR-593/2020;-4.993495533704;-61.58706717288601
2292;SR-593/2020;-4.993373599753;-61.586933955528
2291;SR-593/2020;-4.993256437181;-61.586796395877
2290;SR-593/2020;-4.99312973181;-61.586667520965
2289;SR-593/2020;-4.99300859305;-61.586533580034
2288;SR-593/2020;-4.992885863813;-61.586401086603
2287;SR-593/2020;-4.992763929795;-61.58626786949799
2286;SR-593/2020;-4.992641995763;-61.586134652443
2285;SR-593/2020;-4.992520061717;-61.586001435439
2284;SR-593/2020;-4.992397332427;-61.585868942209
2283;SR-593/2020;-4.992276193585;-61.58573500158201
2282;SR-593/2020;-4.992154259499;-61.585601784729
2281;SR-593/2020;-4.992037096784;-61.585464225586
2280;SR-593/2020;-4.991910391287;-61.585335351176
2279;SR-593/2020;-4.99178925239;-61.585201410751
2278;SR-593/2020;-4.99166652302;-61.585068917824
2277;SR-593/2020;-4.991544588866;-61.584935701224
2276;SR-593/2020;-4.991422654699;-61.584802484674
2275;SR-593/2020;-4.991300720519;-61.584669268175
2274;SR-593/2020;-4.991177991095;-61.58453677545
2273;SR-593/2020;-4.991056852117;-61.58440283532901
2272;SR-593/2020;-4.990934917896;-61.584269618981
2271;SR-593/2020;-4.990817755037;-61.584132060346
2270;SR-593/2020;-4.990691049414;-61.58400318643701
2269;SR-593/2020;-4.990569910381;-61.583869246518
2268;SR-593/2020;-4.990447180878;-61.58373675409599
2267;SR-593/2020;-4.990325246589;-61.58360353800001
2266;SR-593/2020;-4.990203312287;-61.583470321956
2265;SR-593/2020;-4.990081377972;-61.583337105962
2264;SR-593/2020;-4.989958648415;-61.58320461373999
2263;SR-593/2020;-4.989837509301;-61.583070674125
2262;SR-593/2020;-4.989715574945;-61.582937458282
2261;SR-593/2020;-4.989598411942;-61.582799900156
2260;SR-593/2020;-4.989471706194;-61.582671026748
2259;SR-593/2020;-4.989350567025;-61.582537087335
2258;SR-593/2020;-4.989227837388;-61.582404595416
2257;SR-593/2020;-4.989105902965;-61.582271379826
2256;SR-593/2020;-4.988983968529;-61.582138164286
2255;SR-593/2020;-4.988862034079;-61.582004948797
2254;SR-593/2020;-4.988739304389;-61.58187245708
2253;SR-593/2020;-4.988618165139;-61.581738517969
2252;SR-593/2020;-4.988496230649;-61.581605302632
2251;SR-593/2020;-4.988379067502;-61.58146774501301
2250;SR-593/2020;-4.988252361628;-61.581338872107
2249;SR-593/2020;-4.988131222323;-61.58120493319899
2248;SR-593/2020;-4.988008492554;-61.58107244178499
2247;SR-593/2020;-4.987886557996;-61.580939226699
2246;SR-593/2020;-4.987764623426;-61.580806011664
2245;SR-593/2020;-4.987642688841;-61.580672796679
2244;SR-593/2020;-4.987519959019;-61.580540305467
2243;SR-593/2020;-4.987398819633;-61.58040636686199
2242;SR-593/2020;-4.987276885008;-61.580273152028
2241;SR-593/2020;-4.987159721718;-61.580135594918
2240;SR-593/2020;-4.987033015719;-61.58000672251301
2239;SR-593/2020;-4.986911876279;-61.57987278411
2238;SR-593/2020;-4.986789146376;-61.5797402932
2237;SR-593/2020;-4.986667211685;-61.57960707861899
2236;SR-593/2020;-4.98654527698;-61.57947386408901
2235;SR-593/2020;-4.986423342261;-61.579340649609
2234;SR-593/2020;-4.986300612306;-61.57920815890001
2233;SR-593/2020;-4.986179472784;-61.5790742208
2232;SR-593/2020;-4.986057538026;-61.578941006471
2231;SR-593/2020;-4.985940374592;-61.578803449869
2230;SR-593/2020;-4.985813668469;-61.578674577965
2229;SR-593/2020;-4.985692528893;-61.578540640068
2228;SR-593/2020;-4.985569798858;-61.578408149661
2227;SR-593/2020;-4.985447864032;-61.578274935585
2226;SR-593/2020;-4.985325929193;-61.578141721559
2225;SR-593/2020;-4.985203994341;-61.578008507583
2224;SR-593/2020;-4.985081264253;-61.57787601737899
2223;SR-593/2020;-4.984960124596;-61.577742079784
2222;SR-593/2020;-4.984838189704;-61.57760886596001
2221;SR-593/2020;-4.984721026127;-61.577471309865
2220;SR-593/2020;-4.984594319879;-61.57734243846199
2219;SR-593/2020;-4.984473180167;-61.57720850107
2218;SR-593/2020;-4.98435045;-61.57707601116699
2217;SR-593/2020;-4.984228515041;-61.576942797595
2216;SR-593/2020;-4.984106580068;-61.576809584074
2215;SR-593/2020;-4.983984645082;-61.57667637060201
2214;SR-593/2020;-4.983861914862;-61.576543880901
2213;SR-593/2020;-4.98374077507;-61.576409943812
2212;SR-593/2020;-4.983618840044;-61.576276730492
2211;SR-593/2020;-4.983501676325;-61.576139174905
2210;SR-593/2020;-4.983374969951;-61.576010304003
2209;SR-593/2020;-4.983253830105;-61.575876367115
2208;SR-593/2020;-4.983131099806;-61.575743877717
2207;SR-593/2020;-4.983009164713;-61.575610664649
2206;SR-593/2020;-4.982887229607;-61.575477451632
2205;SR-593/2020;-4.982765294487;-61.575344238665
2204;SR-593/2020;-4.982642564135;-61.575211749467
2203;SR-593/2020;-4.982521424208;-61.575077812882
2202;SR-593/2020;-4.982399489048;-61.574944600067
2201;SR-593/2020;-4.982282325186;-61.57480704498799
2200;SR-593/2020;-4.982155618689;-61.57467817458701
2199;SR-593/2020;-4.982034478707;-61.574544238204
2198;SR-593/2020;-4.981911748276;-61.574411749308
2197;SR-593/2020;-4.98178981305;-61.574278536745
2196;SR-593/2020;-4.98166787781;-61.57414532423199
2195;SR-593/2020;-4.981545942557;-61.574012111769
2194;SR-593/2020;-4.981423212074;-61.573879623075
2193;SR-593/2020;-4.981301795274;-61.573745677521
2192;SR-593/2020;-4.981179139888;-61.57361312412
2191;SR-593/2020;-4.98106123218;-61.573476202804
2190;SR-593/2020;-4.980933829077;-61.57334801746801
2189;SR-593/2020;-4.980811964933;-61.573214736223
2188;SR-593/2020;-4.980688518213;-61.573082911017
2187;SR-593/2020;-4.980565862762;-61.57295035786699
2186;SR-593/2020;-4.980443207297;-61.572817804767
2185;SR-593/2020;-4.98032055182;-61.57268525171699
2184;SR-593/2020;-4.980197105049;-61.572553426712
2183;SR-593/2020;-4.980075240826;-61.572420145769
2182;SR-593/2020;-4.97995258531;-61.572287592871
2181;SR-593/2020;-4.979834677463;-61.572150672061
2180;SR-593/2020;-4.979707274238;-61.572022487225
2179;SR-593/2020;-4.979585409962;-61.571889206483
2178;SR-593/2020;-4.979461963114;-61.571757381779
2177;SR-593/2020;-4.979339307532;-61.571624829132
2176;SR-593/2020;-4.979216651937;-61.57149227653499
2175;SR-593/2020;-4.97909399633;-61.57135972398899
2174;SR-593/2020;-4.97897054943;-61.571227899486
2173;SR-593/2020;-4.978848685076;-61.571094619047
2172;SR-593/2020;-4.978726029429;-61.57096206665099
2171;SR-593/2020;-4.978608121443;-61.570825146348
2170;SR-593/2020;-4.978480718097;-61.57069696201
2169;SR-593/2020;-4.97835885369;-61.570563681773
2168;SR-593/2020;-4.978235406713;-61.570431857571
2167;SR-593/2020;-4.978112751001;-61.57029930542599
2166;SR-593/2020;-4.977990095276;-61.570166753332
2165;SR-593/2020;-4.977867439539;-61.570034201289
2164;SR-593/2020;-4.97774399251;-61.569902377288
2163;SR-593/2020;-4.977622128025;-61.569769097352
2162;SR-593/2020;-4.977499472248;-61.569636545459
2161;SR-593/2020;-4.977381564123;-61.569499625662
2160;SR-593/2020;-4.977254160656;-61.569371441824
2159;SR-593/2020;-4.977132296118;-61.56923816208901
2158;SR-593/2020;-4.977008849012;-61.569106338389
2157;SR-593/2020;-4.976886193171;-61.568973786748
2156;SR-593/2020;-4.976763537316;-61.568841235156
2155;SR-593/2020;-4.976640881449;-61.568708683615
2154;SR-593/2020;-4.976517434292;-61.568576860116
2153;SR-593/2020;-4.976395569675;-61.568443580684
2152;SR-593/2020;-4.976272913769;-61.568311029293
2151;SR-593/2020;-4.976155005505;-61.568174110003
2150;SR-593/2020;-4.976028144988;-61.568045705172
2149;SR-593/2020;-4.975907039434;-61.567911739761
2148;SR-593/2020;-4.975784343064;-61.56777922141599
2147;SR-593/2020;-4.975662442083;-61.567645979614
2146;SR-593/2020;-4.975540541088;-61.567512737861
2145;SR-593/2020;-4.975418640079;-61.567379496159
2144;SR-593/2020;-4.975295943658;-61.567246978016
2143;SR-593/2020;-4.975174838023;-61.567113012907
2142;SR-593/2020;-4.975052936975;-61.566979771356
2141;SR-593/2020;-4.974935808311;-61.566842188808
2140;SR-593/2020;-4.97480913484;-61.566713288405
2139;SR-593/2020;-4.974688029151;-61.566579323498
2138;SR-593/2020;-4.974565332651;-61.566446805656
2137;SR-593/2020;-4.974443431537;-61.566313564357
2136;SR-593/2020;-4.97432153041;-61.566180323108
2135;SR-593/2020;-4.974199629269;-61.56604708191001
2134;SR-593/2020;-4.974076932717;-61.56591456427
2133;SR-593/2020;-4.973955826948;-61.565780599664
2132;SR-593/2020;-4.973833925768;-61.565647358617
2131;SR-593/2020;-4.973716796963;-61.565509776576
2130;SR-593/2020;-4.973590123368;-61.565380876674
2129;SR-593/2020;-4.973469017546;-61.56524691227
2128;SR-593/2020;-4.973346320916;-61.56511439493101
2127;SR-593/2020;-4.973224419669;-61.564981154136
2126;SR-593/2020;-4.97310251841;-61.564847913391
2125;SR-593/2020;-4.972980617137;-61.56471467269601
2124;SR-593/2020;-4.972857920455;-61.564582155558
2123;SR-593/2020;-4.972736814552;-61.564448191457
2122;SR-593/2020;-4.97261491324;-61.564314950913
2121;SR-593/2020;-4.972497784294;-61.564177369379
2120;SR-593/2020;-4.972373062731;-61.56404739181401
2119;SR-593/2020;-4.972253842568;-61.56391175658801
2118;SR-593/2020;-4.972133011513;-61.563777546161
2117;SR-593/2020;-4.972012985884;-61.563642623411
2116;SR-593/2020;-4.97189296024;-61.563507700711
2115;SR-593/2020;-4.971772934582;-61.563372778062
2114;SR-593/2020;-4.971652103472;-61.563238567837
2113;SR-593/2020;-4.971532883225;-61.56310293291501
2112;SR-593/2020;-4.971412857526;-61.562968010418
2111;SR-593/2020;-4.971297664441;-61.56282881372699
2110;SR-593/2020;-4.971172806086;-61.562698165574
2109;SR-593/2020;-4.971053585783;-61.562562530855
2108;SR-593/2020;-4.97093275459;-61.56242832093401
2107;SR-593/2020;-4.970812728822;-61.562293398689
2106;SR-593/2020;-4.970692703039;-61.56215847649501
2105;SR-593/2020;-4.970572677243;-61.562023554351
2104;SR-593/2020;-4.970451845996;-61.561889344632
2103;SR-593/2020;-4.970332625608;-61.561753710216
2102;SR-593/2020;-4.97021259977;-61.561618788224
2101;SR-593/2020;-4.97009670869;-61.561478590642
2100;SR-593/2020;-4.969968157471;-61.561351553455
2099;SR-593/2020;-4.969845099106;-61.56121937112
2098;SR-593/2020;-4.969720471339;-61.561088658892
2097;SR-593/2020;-4.969596628255;-61.560957211685
2096;SR-593/2020;-4.969472785158;-61.560825764529
2095;SR-593/2020;-4.969348942049;-61.560694317422
2094;SR-593/2020;-4.969224314233;-61.560563605393
2093;SR-593/2020;-4.969101255793;-61.560431423359
2092;SR-593/2020;-4.968985779796;-61.560297929143
2091;SR-593/2020;-4.968881798585;-61.560150217783
2090;SR-593/2020;-4.968767514338;-61.560010279146
2089;SR-593/2020;-4.968659240166;-61.559865806502
2088;SR-593/2020;-4.968549248808;-61.55972262935401
2087;SR-593/2020;-4.968440116015;-61.559578804534
2086;SR-593/2020;-4.968330983205;-61.559434979766
2085;SR-593/2020;-4.968221850377;-61.559291155049
2084;SR-593/2020;-4.968111858948;-61.559147978106
2083;SR-593/2020;-4.968003584667;-61.55900350576901
2082;SR-593/2020;-4.967894451786;-61.558859681206
2081;SR-593/2020;-4.967790369852;-61.558711996424
2080;SR-593/2020;-4.96767595441;-61.558572164761
2079;SR-593/2020;-4.967567544797;-61.558427793515
2078;SR-593/2020;-4.96745741921;-61.558284719359
2077;SR-593/2020;-4.967348151583;-61.558140996734
2076;SR-593/2020;-4.967238883938;-61.55799727416101
2075;SR-593/2020;-4.967129616275;-61.55785355163901
2074;SR-593/2020;-4.967019490617;-61.557710477688
2073;SR-593/2020;-4.966911080895;-61.557566106749
2072;SR-593/2020;-4.966801813179;-61.557422384381
2071;SR-593/2020;-4.966697693304;-61.557274770948
2070;SR-593/2020;-4.966583277692;-61.557134939798
2069;SR-593/2020;-4.966474867898;-61.55699056906401
2068;SR-593/2020;-4.966364742134;-61.556847495419
2067;SR-593/2020;-4.966255474328;-61.556703773307
2066;SR-593/2020;-4.966146206504;-61.556560051246
2065;SR-593/2020;-4.966036938663;-61.55641632923601
2064;SR-593/2020;-4.965926812828;-61.556273255797
2063;SR-593/2020;-4.965818402926;-61.55612888537001
2062;SR-593/2020;-4.965709135031;-61.555985163514
2061;SR-593/2020;-4.965605014967;-61.555837550593
2060;SR-593/2020;-4.965490599187;-61.55569771995501
2059;SR-593/2020;-4.965382189212;-61.555553349733
2058;SR-593/2020;-4.965272063271;-61.555410276601
2057;SR-593/2020;-4.965162795287;-61.55526655500099
2056;SR-593/2020;-4.965053527284;-61.555122833452
2055;SR-593/2020;-4.964944259264;-61.554979111954
2054;SR-593/2020;-4.964834133252;-61.55483603902601
2053;SR-593/2020;-4.96472572317;-61.554691669112
2052;SR-593/2020;-4.964616455096;-61.55454794776801
2051;SR-593/2020;-4.964512334845;-61.554400335359
2050;SR-593/2020;-4.964397918895;-61.554260505233
2049;SR-593/2020;-4.964289508741;-61.554116135523
2048;SR-593/2020;-4.964179382623;-61.553973062903
2047;SR-593/2020;-4.96407011446;-61.553829341814
2046;SR-593/2020;-4.96396084628;-61.553685620777
2045;SR-593/2020;-4.963851578081;-61.55354189979199
2044;SR-593/2020;-4.963741451892;-61.553398827376
2043;SR-593/2020;-4.96363304163;-61.553254457973
2042;SR-593/2020;-4.963523773378;-61.553110737141
2041;SR-593/2020;-4.963419652939;-61.552963125245
2040;SR-593/2020;-4.963305236821;-61.55282329563001
2039;SR-593/2020;-4.963196826487;-61.55267892643201
2038;SR-593/2020;-4.963086700192;-61.55253585432399
2037;SR-593/2020;-4.962977431851;-61.55239213374801
2036;SR-593/2020;-4.962868163492;-61.552248413223
2035;SR-593/2020;-4.962758895115;-61.552104692749
2034;SR-593/2020;-4.96264876875;-61.551961620845
2033;SR-593/2020;-4.962540358309;-61.551817251954
2032;SR-593/2020;-4.962431089879;-61.551673531634
2031;SR-593/2020;-4.962326969251;-61.55152592025001
2030;SR-593/2020;-4.962212552965;-61.551386091147
2029;SR-593/2020;-4.962104142451;-61.551241722461
2028;SR-593/2020;-4.96199401598;-61.55109865086401
2027;SR-593/2020;-4.961884747461;-61.5509549308
2026;SR-593/2020;-4.961775478924;-61.550811210786
2025;SR-593/2020;-4.96166621037;-61.55066749082399
2024;SR-593/2020;-4.961556083828;-61.550524419432
2023;SR-593/2020;-4.961447673207;-61.550380051054
2022;SR-593/2020;-4.961338404599;-61.550236331245
2021;SR-593/2020;-4.961234283784;-61.550088720373
2020;SR-593/2020;-4.96111986733;-61.549948891781
2019;SR-593/2020;-4.961011456637;-61.54980452360699
2018;SR-593/2020;-4.960901329989;-61.549661452523
2017;SR-593/2020;-4.960792061293;-61.54951773297
2016;SR-593/2020;-4.960682792578;-61.549374013468
2015;SR-593/2020;-4.960573523846;-61.549230294018
2014;SR-593/2020;-4.960463397128;-61.549087223138
2013;SR-593/2020;-4.960354986328;-61.548942855271
2012;SR-593/2020;-4.960245717542;-61.548799135974
2011;SR-593/2020;-4.96014159654;-61.548651525614
2010;SR-593/2020;-4.960027179917;-61.548511697534
2009;SR-593/2020;-4.959918769045;-61.54836732987199
2008;SR-593/2020;-4.959808642222;-61.548224259299
2007;SR-593/2020;-4.959699373348;-61.548080540258
2006;SR-593/2020;-4.959590104455;-61.547936821268
2005;SR-593/2020;-4.959480835545;-61.547793102329
2004;SR-593/2020;-4.959370708652;-61.547650031961
2003;SR-593/2020;-4.959262297672;-61.547505664605
2002;SR-593/2020;-4.959153028709;-61.54736194582001
2001;SR-593/2020;-4.95904890752;-61.547214335972
2000;SR-593/2020;-4.95893449073;-61.54707450840401
1999;SR-593/2020;-4.958823505784;-61.54693208681
1998;SR-593/2020;-4.958713378785;-61.546789016748
1997;SR-593/2020;-4.958604109734;-61.546645298219
1996;SR-593/2020;-4.958494840665;-61.546501579741
1995;SR-593/2020;-4.958385571578;-61.54635786131401
1994;SR-593/2020;-4.95827544451;-61.546214791457
1993;SR-593/2020;-4.958167033352;-61.54607042461301
1992;SR-593/2020;-4.958057764212;-61.54592670634
1991;SR-593/2020;-4.957953642836;-61.545779097004
1990;SR-593/2020;-4.957839225879;-61.54563926994601
1989;SR-593/2020;-4.957730814649;-61.545494903307
1988;SR-593/2020;-4.957620687475;-61.545351833757
1987;SR-593/2020;-4.957511418247;-61.54520811574001
1986;SR-593/2020;-4.957402149001;-61.545064397773
1985;SR-593/2020;-4.957292879737;-61.544920679858
1984;SR-593/2020;-4.957182752493;-61.544777610512
1983;SR-593/2020;-4.957074341156;-61.54463324418001
1982;SR-593/2020;-4.95696507184;-61.544489526418
1981;SR-593/2020;-4.956860950277;-61.544341917594
1980;SR-593/2020;-4.956746533153;-61.54420209104799
1979;SR-593/2020;-4.956638121744;-61.54405772492
1978;SR-593/2020;-4.956527994395;-61.543914655882
1977;SR-593/2020;-4.95641872499;-61.543770938376
1976;SR-593/2020;-4.956309455567;-61.543627220921
1975;SR-593/2020;-4.956200186126;-61.54348350351701
1974;SR-593/2020;-4.956090058707;-61.54334043468301
1973;SR-593/2020;-4.955981647191;-61.543196068862
1972;SR-593/2020;-4.955872377698;-61.543052351612
1971;SR-593/2020;-4.955768255949;-61.542904743299
1970;SR-593/2020;-4.955653838657;-61.54276491726401
1969;SR-593/2020;-4.955545427071;-61.54262055164801
1968;SR-593/2020;-4.955435299546;-61.542477483121
1967;SR-593/2020;-4.955326029964;-61.54233376612601
1966;SR-593/2020;-4.955216760364;-61.542190049183
1965;SR-593/2020;-4.955107490747;-61.54204633229
1964;SR-593/2020;-4.954997363153;-61.541903263968
1963;SR-593/2020;-4.954888951459;-61.541758898659
1962;SR-593/2020;-4.954779681789;-61.54161518192001
1961;SR-593/2020;-4.954675559853;-61.541467574119
1960;SR-593/2020;-4.954561142395;-61.541327748595
1959;SR-593/2020;-4.95445273063;-61.54118338349
1958;SR-593/2020;-4.954342602931;-61.541040315475
1957;SR-593/2020;-4.954233333172;-61.540896598991
1956;SR-593/2020;-4.954124063396;-61.540752882559
1955;SR-593/2020;-4.954014793602;-61.540609166178
1954;SR-593/2020;-4.953904665833;-61.540466098367
1953;SR-593/2020;-4.953796253962;-61.540321733569
1952;SR-593/2020;-4.953686984115;-61.540178017341
1951;SR-593/2020;-4.953582861993;-61.540030410052
1950;SR-593/2020;-4.953468444368;-61.53989058503899
1949;SR-593/2020;-4.953360032426;-61.53974622044601
1948;SR-593/2020;-4.953249904551;-61.539603152942
1947;SR-593/2020;-4.953140634617;-61.53945943697
1946;SR-593/2020;-4.953031364664;-61.539315721049
1945;SR-593/2020;-4.952922094694;-61.539172005179
1944;SR-593/2020;-4.95281196675;-61.539028937879
1943;SR-593/2020;-4.952703554701;-61.538884573593
1942;SR-593/2020;-4.952594284678;-61.538740857876
1941;SR-593/2020;-4.95249016237;-61.538593251098
1940;SR-593/2020;-4.952375744579;-61.538453426597
1939;SR-593/2020;-4.952267332458;-61.538309062515
1938;SR-593/2020;-4.95215720441;-61.538165995522
1937;SR-593/2020;-4.952047934299;-61.538022280061
1936;SR-593/2020;-4.95193866417;-61.537878564651
1935;SR-593/2020;-4.951829394024;-61.537734849293
1934;SR-593/2020;-4.951719265906;-61.537591782504
1933;SR-593/2020;-4.951610853679;-61.537447418729
1932;SR-593/2020;-4.95150158348;-61.537303703523
1931;SR-593/2020;-4.951397460987;-61.537156097257
1930;SR-593/2020;-4.951283043029;-61.537016273266
1929;SR-593/2020;-4.951174630731;-61.536871909696
1928;SR-593/2020;-4.951064546481;-61.536729140066
1927;SR-593/2020;-4.950956442959;-61.536584550546
1926;SR-593/2020;-4.950848339418;-61.536439961076
1925;SR-593/2020;-4.95074023586;-61.536295371658
1924;SR-593/2020;-4.950631269111;-61.536151423887
1923;SR-593/2020;-4.950524028688;-61.536006192975
1922;SR-593/2020;-4.950415925076;-61.53586160371
1921;SR-593/2020;-4.950313000474;-61.53571316491599
1920;SR-593/2020;-4.950199717796;-61.53557242533301
1919;SR-593/2020;-4.950092477301;-61.53542719462501
1918;SR-593/2020;-4.949983510445;-61.535283247161
1917;SR-593/2020;-4.949875406743;-61.535138658152
1916;SR-593/2020;-4.949767303022;-61.534994069193
1915;SR-593/2020;-4.949659199283;-61.534849480286
1914;SR-593/2020;-4.949550232356;-61.53470553302701
1913;SR-593/2020;-4.949442991752;-61.534560302625
1912;SR-593/2020;-4.949334887959;-61.534415713871
1911;SR-593/2020;-4.949231963168;-61.534267275589
1910;SR-593/2020;-4.94911868032;-61.534126536517
1909;SR-593/2020;-4.949011439643;-61.53398130632
1908;SR-593/2020;-4.948902472609;-61.53383735936701
1907;SR-593/2020;-4.948794368727;-61.533692770869
1906;SR-593/2020;-4.948686264826;-61.533548182422
1905;SR-593/2020;-4.948578160908;-61.53340359402501
1904;SR-593/2020;-4.948469193803;-61.533259647277
1903;SR-593/2020;-4.948361953017;-61.53311441738699
1902;SR-593/2020;-4.948253849044;-61.532969829144
1901;SR-593/2020;-4.948150924063;-61.532821391373
1900;SR-593/2020;-4.948037641046;-61.532680652812
1899;SR-593/2020;-4.947930400188;-61.532535423126
1898;SR-593/2020;-4.947821432975;-61.532391476684
1897;SR-593/2020;-4.947713328913;-61.53224688869701
1896;SR-593/2020;-4.947605224833;-61.53210230076
1895;SR-593/2020;-4.947497120735;-61.531957712875
1894;SR-593/2020;-4.947388153452;-61.531813766638
1893;SR-593/2020;-4.947280912485;-61.53166853725899
1892;SR-593/2020;-4.947172808333;-61.531523949527
1891;SR-593/2020;-4.947069883163;-61.531375512267
1890;SR-593/2020;-4.946956599975;-61.531234774217
1889;SR-593/2020;-4.946849358936;-61.531089545041
1888;SR-593/2020;-4.946740391546;-61.530945599111
1887;SR-593/2020;-4.946632287304;-61.530801011634
1886;SR-593/2020;-4.946524183045;-61.530656424209
1885;SR-593/2020;-4.946416078767;-61.530511836835
1884;SR-593/2020;-4.946307111307;-61.530367891109
1883;SR-593/2020;-4.946199870159;-61.53022266224001
1882;SR-593/2020;-4.946091765827;-61.530078075019
1881;SR-593/2020;-4.945988840468;-61.52992963827
1880;SR-593/2020;-4.945875557111;-61.52978890073101
1879;SR-593/2020;-4.945768315891;-61.529643672067
1878;SR-593/2020;-4.945659348323;-61.529499726647
1877;SR-593/2020;-4.945551243902;-61.529355139682
1876;SR-593/2020;-4.945443139464;-61.52921055276699
1875;SR-593/2020;-4.945335035007;-61.529065965904
1874;SR-593/2020;-4.945226067368;-61.528922020689
1873;SR-593/2020;-4.94511882604;-61.528776792331
1872;SR-593/2020;-4.945010721529;-61.528632205621
1871;SR-593/2020;-4.944907795981;-61.528483769383
1870;SR-593/2020;-4.944794512455;-61.528343032355
1869;SR-593/2020;-4.944686266273;-61.528198199984
1868;SR-593/2020;-4.944576079748;-61.528055180395
1867;SR-593/2020;-4.94446675089;-61.527911511998
1866;SR-593/2020;-4.944357422015;-61.527767843653
1865;SR-593/2020;-4.944248093122;-61.52762417535899
1864;SR-593/2020;-4.944137906528;-61.527481155975
1863;SR-593/2020;-4.944029435285;-61.527336838924
1862;SR-593/2020;-4.94392010634;-61.527193170783
1861;SR-593/2020;-4.943815923481;-61.527045609542
1860;SR-593/2020;-4.943701448398;-61.52690583465399
1859;SR-593/2020;-4.943592977084;-61.52676151780799
1858;SR-593/2020;-4.943482790386;-61.52661849873
1857;SR-593/2020;-4.943373461354;-61.52647483084401
1856;SR-593/2020;-4.943264132305;-61.52633116301
1855;SR-593/2020;-4.943154803238;-61.526187495226
1854;SR-593/2020;-4.943044616471;-61.52604447635201
1853;SR-593/2020;-4.942936145052;-61.52590015981299
1852;SR-593/2020;-4.942826815933;-61.525756492182
1851;SR-593/2020;-4.942722632891;-61.525608931452
1850;SR-593/2020;-4.942608157643;-61.525469157075
1849;SR-593/2020;-4.942499686154;-61.525324840739
1848;SR-593/2020;-4.942389499284;-61.525181822172
1847;SR-593/2020;-4.942280170078;-61.52503815479701
1846;SR-593/2020;-4.942170840854;-61.524894487473
1845;SR-593/2020;-4.942061511613;-61.5247508202
1844;SR-593/2020;-4.941951324674;-61.524607801837
1843;SR-593/2020;-4.94184285308;-61.524463485808
1842;SR-593/2020;-4.941733523787;-61.524319818688
1841;SR-593/2020;-4.941629340561;-61.524172258468
1840;SR-593/2020;-4.941514865149;-61.52403248460201
1839;SR-593/2020;-4.941406393484;-61.523888168777
1838;SR-593/2020;-4.941296206442;-61.52374515072
1837;SR-593/2020;-4.941186877062;-61.523601483855
1836;SR-593/2020;-4.941077547665;-61.523457817042
1835;SR-593/2020;-4.94096821825;-61.52331415028
1834;SR-593/2020;-4.940858031139;-61.523171132427
1833;SR-593/2020;-4.940749559369;-61.52302681690799
1832;SR-593/2020;-4.940640229903;-61.52288315029899
1831;SR-593/2020;-4.940536046493;-61.522735590591
1830;SR-593/2020;-4.940421570917;-61.522595817234
1829;SR-593/2020;-4.940313099077;-61.52245150192001
1828;SR-593/2020;-4.940202911863;-61.522308484373
1827;SR-593/2020;-4.940093582309;-61.52216481801999
1826;SR-593/2020;-4.939984252739;-61.52202115171701
1825;SR-593/2020;-4.939874923151;-61.521877485465
1824;SR-593/2020;-4.939764735867;-61.521734468123
1823;SR-593/2020;-4.939656263922;-61.521590153114
1822;SR-593/2020;-4.939546934282;-61.521446487016
1821;SR-593/2020;-4.939442750689;-61.52129892781799
1820;SR-593/2020;-4.93932827495;-61.521159154972
1819;SR-593/2020;-4.939219802935;-61.521014840168
1818;SR-593/2020;-4.939109615549;-61.520871823132
1817;SR-593/2020;-4.939000285822;-61.520728157288
1816;SR-593/2020;-4.938890956078;-61.520584491496
1815;SR-593/2020;-4.938781626317;-61.520440825755
1814;SR-593/2020;-4.938671438862;-61.520297808923
1813;SR-593/2020;-4.938562966742;-61.520153494425
1812;SR-593/2020;-4.938453621158;-61.520009786625
1811;SR-593/2020;-4.938349241147;-61.519862365855
1810;SR-593/2020;-4.938234579392;-61.51972274506001
1809;SR-593/2020;-4.938125915293;-61.51957857436
1808;SR-593/2020;-4.938015537557;-61.519435703699
1807;SR-593/2020;-4.937906016614;-61.519292183095
1806;SR-593/2020;-4.937796495653;-61.519148662542
1805;SR-593/2020;-4.937686974675;-61.519005142041
1804;SR-593/2020;-4.937576596871;-61.518862271583
1803;SR-593/2020;-4.937467932668;-61.51871810119
1802;SR-593/2020;-4.937358411639;-61.518574580841
1801;SR-593/2020;-4.937254031446;-61.51842716058199
1800;SR-593/2020;-4.937139369528;-61.518287540297
1799;SR-593/2020;-4.937030705256;-61.51814337010799
1798;SR-593/2020;-4.936920327349;-61.518000499957
1797;SR-593/2020;-4.936810806233;-61.517856979863
1796;SR-593/2020;-4.9367012851;-61.517713459821
1795;SR-593/2020;-4.93659176395;-61.517569939829
1794;SR-593/2020;-4.936481385975;-61.517427069882
1793;SR-593/2020;-4.936372721599;-61.517282899999
1792;SR-593/2020;-4.936263200397;-61.51713938016
1791;SR-593/2020;-4.936158820023;-61.516991960411
1790;SR-593/2020;-4.936044157943;-61.51685234063701
1789;SR-593/2020;-4.935935493496;-61.516708170958
1788;SR-593/2020;-4.935825115419;-61.516565301317
1787;SR-593/2020;-4.935715594131;-61.51642178173301
1786;SR-593/2020;-4.935606072827;-61.516278262201
1785;SR-593/2020;-4.935496551505;-61.51613474272
1784;SR-593/2020;-4.935386173359;-61.515991873283
1783;SR-593/2020;-4.935277508809;-61.51584770391
1782;SR-593/2020;-4.935167987436;-61.51570418458199
1781;SR-593/2020;-4.935063606879;-61.515556765343
1780;SR-593/2020;-4.934948944637;-61.515417146078
1779;SR-593/2020;-4.934840280017;-61.51527297690901
1778;SR-593/2020;-4.93472990177;-61.515130107779
1777;SR-593/2020;-4.93462038031;-61.51498658870499
1776;SR-593/2020;-4.934510858834;-61.514843069683
1775;SR-593/2020;-4.93440133734;-61.514699550712
1774;SR-593/2020;-4.934290959025;-61.514556681785
1773;SR-593/2020;-4.934182294301;-61.514412512923
1772;SR-593/2020;-4.934072772756;-61.51426899410401
1771;SR-593/2020;-4.933968392018;-61.514121575376
1770;SR-593/2020;-4.933853729614;-61.513981956621
1769;SR-593/2020;-4.933745064821;-61.513837787962
1768;SR-593/2020;-4.933634686403;-61.51369491934199
1767;SR-593/2020;-4.933525164772;-61.51355140077801
1766;SR-593/2020;-4.933415643124;-61.513407882266
1765;SR-593/2020;-4.933306121459;-61.51326436380501
1764;SR-593/2020;-4.933195742973;-61.513121495388
1763;SR-593/2020;-4.933087078077;-61.512977327036
1762;SR-593/2020;-4.93297755636;-61.51283380872799
1761;SR-593/2020;-4.932873175441;-61.51268639051
1760;SR-593/2020;-4.932758512875;-61.512546772264
1759;SR-593/2020;-4.932649847909;-61.512402604116
1758;SR-593/2020;-4.932539469322;-61.51225973600501
1757;SR-593/2020;-4.932429947519;-61.512116217952
1756;SR-593/2020;-4.9323204257;-61.51197269995
1755;SR-593/2020;-4.932210903863;-61.511829181999
1754;SR-593/2020;-4.932100525208;-61.511686314092
1753;SR-593/2020;-4.931991860138;-61.511542146249
1752;SR-593/2020;-4.93188233825;-61.511398628451
1751;SR-593/2020;-4.931777957151;-61.511251210744
1750;SR-593/2020;-4.931663294423;-61.51111159300801
1749;SR-593/2020;-4.931554629284;-61.510967425369
1748;SR-593/2020;-4.931444250527;-61.510824557768
1747;SR-593/2020;-4.931334728553;-61.510681040225
1746;SR-593/2020;-4.931225206563;-61.510537522733
1745;SR-593/2020;-4.931115684555;-61.510394005292
1744;SR-593/2020;-4.93100530573;-61.510251137895
1743;SR-593/2020;-4.930896640488;-61.51010697056199
1742;SR-593/2020;-4.930787118429;-61.509963453274
1741;SR-593/2020;-4.930682737148;-61.50981603607701
1740;SR-593/2020;-4.930568074259;-61.50967641885
1739;SR-593/2020;-4.930459408947;-61.509532251722
1738;SR-593/2020;-4.930349030021;-61.509389384631
1737;SR-593/2020;-4.930239507876;-61.509245867597
1736;SR-593/2020;-4.930129985715;-61.509102350615
1735;SR-593/2020;-4.930020463536;-61.50895883368399
1734;SR-593/2020;-4.929910084542;-61.508815966797
1733;SR-593/2020;-4.929801419127;-61.508671799974
1732;SR-593/2020;-4.929691896897;-61.508528283196
1731;SR-593/2020;-4.929587515436;-61.50838086650901
1730;SR-593/2020;-4.929472852386;-61.508241249792
1729;SR-593/2020;-4.929364186902;-61.50809708317299
1728;SR-593/2020;-4.929253807806;-61.507954216592
1727;SR-593/2020;-4.929144285491;-61.50781070006801
1726;SR-593/2020;-4.929034763158;-61.507667183596
1725;SR-593/2020;-4.928925240809;-61.507523667174
1724;SR-593/2020;-4.928814861646;-61.507380800796
1723;SR-593/2020;-4.928706196058;-61.507236634484
1722;SR-593/2020;-4.928596673658;-61.507093118215
1721;SR-593/2020;-4.928492292016;-61.506945702039
1720;SR-593/2020;-4.928377628805;-61.506806085831
1719;SR-593/2020;-4.928268963149;-61.50666191972199
1718;SR-593/2020;-4.928158583884;-61.50651905365
1717;SR-593/2020;-4.928049061398;-61.506375537636
1716;SR-593/2020;-4.927939538895;-61.506232021674
1715;SR-593/2020;-4.927830016375;-61.506088505762
1714;SR-593/2020;-4.927719637043;-61.505945639894
1713;SR-593/2020;-4.927610971284;-61.505801474091
1712;SR-593/2020;-4.927501448713;-61.505657958332
1711;SR-593/2020;-4.927397066891;-61.50551054266599
1710;SR-593/2020;-4.927282403519;-61.505370926967
1709;SR-593/2020;-4.927173737691;-61.505226761368
1708;SR-593/2020;-4.927063358258;-61.50508389580601
1707;SR-593/2020;-4.926953835601;-61.504940380302
1706;SR-593/2020;-4.926844312928;-61.504796864848
1705;SR-593/2020;-4.926734790238;-61.504653349446
1704;SR-593/2020;-4.926624410737;-61.504510484088
1703;SR-593/2020;-4.926515744806;-61.50436631879501
1702;SR-593/2020;-4.926406222064;-61.504222803545
1701;SR-593/2020;-4.926301840063;-61.504075388389
1700;SR-593/2020;-4.92618717653;-61.5039357732
1699;SR-593/2020;-4.92607851053;-61.50379160811001
1698;SR-593/2020;-4.925968130928;-61.50364874305801
1697;SR-593/2020;-4.925858608102;-61.503505228063
1696;SR-593/2020;-4.925749085258;-61.50336171312
1695;SR-593/2020;-4.925639562398;-61.50321819822701
1694;SR-593/2020;-4.925529182729;-61.503075333378
1693;SR-593/2020;-4.925420516626;-61.502931168595
1692;SR-593/2020;-4.925310993714;-61.502787653855
1691;SR-593/2020;-4.925206611533;-61.502640239209
1690;SR-593/2020;-4.92509194784;-61.502500624528
1689;SR-593/2020;-4.924983281669;-61.50235645994901
1688;SR-593/2020;-4.924872901898;-61.502213595406
1687;SR-593/2020;-4.924763378902;-61.502070080921
1686;SR-593/2020;-4.924653855889;-61.50192656648599
1685;SR-593/2020;-4.924544332858;-61.501783052103
1684;SR-593/2020;-4.924433953021;-61.50164018776401
1683;SR-593/2020;-4.924325286746;-61.50149602349
1682;SR-593/2020;-4.924215763665;-61.50135250926
1681;SR-593/2020;-4.924111381304;-61.501205095124
1680;SR-593/2020;-4.923996717451;-61.501065480952
1679;SR-593/2020;-4.923888051108;-61.500921316882
1678;SR-593/2020;-4.92377767117;-61.500778452848
1677;SR-593/2020;-4.923668148004;-61.500634938873
1676;SR-593/2020;-4.923558624821;-61.50049142494801
1675;SR-593/2020;-4.92344910162;-61.500347911075
1674;SR-593/2020;-4.923338721615;-61.500205047245
1673;SR-593/2020;-4.923230055169;-61.50006088348
1672;SR-593/2020;-4.923120531918;-61.49991736975899
1671;SR-593/2020;-4.923016149379;-61.49976995613301
1670;SR-593/2020;-4.922901485366;-61.49963034247
1669;SR-593/2020;-4.922790721761;-61.499486877353
1668;SR-593/2020;-4.922677251808;-61.49934644080899
1667;SR-593/2020;-4.922564624246;-61.4992053359
1666;SR-593/2020;-4.922451996669;-61.499064231042
1665;SR-593/2020;-4.922339369076;-61.498923126234
1664;SR-593/2020;-4.92222589906;-61.49878268989401
1663;SR-593/2020;-4.922114113842;-61.49864091677199
1662;SR-593/2020;-4.922001486202;-61.49849981211699
1661;SR-593/2020;-4.921893912984;-61.49835469701699
1660;SR-593/2020;-4.921776230874;-61.49821760296
1659;SR-593/2020;-4.921664445592;-61.498075830041
1658;SR-593/2020;-4.921550975483;-61.49793539400601
1657;SR-593/2020;-4.921438347764;-61.497794289605
1656;SR-593/2020;-4.921325720029;-61.497653185255
1655;SR-593/2020;-4.921214781875;-61.49751182785101
1654;SR-593/2020;-4.921104939561;-61.497368553417
1653;SR-593/2020;-4.920996815674;-61.49722398546
1652;SR-593/2020;-4.920887832548;-61.497080064341
1651;SR-593/2020;-4.920784004737;-61.496932262554
1650;SR-593/2020;-4.920669866245;-61.496792222256
1649;SR-593/2020;-4.92056174229;-61.496647654503
1648;SR-593/2020;-4.920451899874;-61.496504380375
1647;SR-593/2020;-4.920342916662;-61.49636045951001
1646;SR-593/2020;-4.920233933434;-61.496216538697
1645;SR-593/2020;-4.920124950188;-61.496072617934
1644;SR-593/2020;-4.920015107704;-61.495929344009
1643;SR-593/2020;-4.919905415193;-61.495785426218
1642;SR-593/2020;-4.919794520088;-61.49564296474401
1641;SR-593/2020;-4.919688728035;-61.495496554544
1640;SR-593/2020;-4.919572729829;-61.49535804195
1639;SR-593/2020;-4.919462685186;-61.49521492249901
1638;SR-593/2020;-4.919350939504;-61.495073119359
1637;SR-593/2020;-4.919240044317;-61.49493065813999
1636;SR-593/2020;-4.919129149113;-61.494788196971
1635;SR-593/2020;-4.919018253894;-61.494645735854
1634;SR-593/2020;-4.918906466833;-61.49450379525799
1633;SR-593/2020;-4.91879581412;-61.494361142853
1632;SR-593/2020;-4.918684313688;-61.494219152219
1631;SR-593/2020;-4.918577899452;-61.49407319131199
1630;SR-593/2020;-4.918461312777;-61.493935171104
1629;SR-593/2020;-4.918350814179;-61.493793872315
1628;SR-593/2020;-4.918243464108;-61.493648733207
1627;SR-593/2020;-4.91813698429;-61.49350296222399
1626;SR-593/2020;-4.918030504453;-61.493357191292
1625;SR-593/2020;-4.917924024599;-61.49321142040999
1624;SR-593/2020;-4.917816672207;-61.49306828267801
1623;SR-593/2020;-4.917718866132;-61.492916586654
1622;SR-593/2020;-4.917620157888;-61.492765476482
1621;SR-593/2020;-4.917526862514;-61.492610851548
1620;SR-593/2020;-4.917425478211;-61.492462965782
1619;SR-593/2020;-4.917333333849;-61.492307786228
1618;SR-593/2020;-4.917239343174;-61.492153711382
1617;SR-593/2020;-4.917146275621;-61.491999084256
1616;SR-593/2020;-4.917053208046;-61.491844457181
1615;SR-593/2020;-4.916960140447;-61.491689830156
1614;SR-593/2020;-4.916866149681;-61.49153575551
1613;SR-593/2020;-4.916774005181;-61.49138057625499
1612;SR-593/2020;-4.916688376133;-61.491223782211
1611;SR-593/2020;-4.916609496258;-61.491061375311
1610;SR-593/2020;-4.916519197043;-61.49090499262601
1609;SR-593/2020;-4.916435559069;-61.490745095893
1608;SR-593/2020;-4.91635001785;-61.490586203236
1607;SR-593/2020;-4.916265428214;-61.490426808614
1606;SR-593/2020;-4.916180838553;-61.490267414041
1605;SR-593/2020;-4.916096248866;-61.490108019516
1604;SR-593/2020;-4.916010707544;-61.489949127054
1603;SR-593/2020;-4.915927069413;-61.489789230613
1602;SR-593/2020;-4.915842479647;-61.48962983623401
1601;SR-593/2020;-4.915763599504;-61.489467429815
1600;SR-593/2020;-4.915673300039;-61.489311047622
1599;SR-593/2020;-4.915589661804;-61.489151151375
1598;SR-593/2020;-4.915504120327;-61.48899225920499
1597;SR-593/2020;-4.915419530432;-61.48883286507
1596;SR-593/2020;-4.915334940511;-61.488673470983
1595;SR-593/2020;-4.915250350564;-61.48851407694501
1594;SR-593/2020;-4.915164808985;-61.488355184971
1593;SR-593/2020;-4.915083738934;-61.48819520698801
1592;SR-593/2020;-4.915004519338;-61.488033093118
1591;SR-593/2020;-4.914931106788;-61.48786815844
1590;SR-593/2020;-4.914846080062;-61.487708865521
1589;SR-593/2020;-4.914767828228;-61.487546281651
1588;SR-593/2020;-4.914687640675;-61.48738463811401
1587;SR-593/2020;-4.91460842094;-61.487222524482
1586;SR-593/2020;-4.914529201177;-61.487060410897
1585;SR-593/2020;-4.914449981386;-61.48689829736
1584;SR-593/2020;-4.914369793723;-61.486736654014
1583;SR-593/2020;-4.914291541721;-61.48657407042799
1582;SR-593/2020;-4.914212321847;-61.48641195703401
1581;SR-593/2020;-4.91413890901;-61.486247022824
1580;SR-593/2020;-4.914053882015;-61.48608773038699
1579;SR-593/2020;-4.913975629902;-61.485925146992
1578;SR-593/2020;-4.913895442072;-61.485763503931
1577;SR-593/2020;-4.913816222059;-61.485601390774
1576;SR-593/2020;-4.913737002019;-61.48543927766501
1575;SR-593/2020;-4.91365778195;-61.485277164604
1574;SR-593/2020;-4.913577594011;-61.485115521734
1573;SR-593/2020;-4.91349934173;-61.48495293862301
1572;SR-593/2020;-4.913420121578;-61.484790825704
1571;SR-593/2020;-4.913346708453;-61.484625891964
1570;SR-593/2020;-4.913261681191;-61.484466600009
1569;SR-593/2020;-4.913181380323;-61.484304533992
1568;SR-593/2020;-4.913099066064;-61.48414395729
1567;SR-593/2020;-4.913017713333;-61.48398289783501
1566;SR-593/2020;-4.912936360574;-61.483821838429
1565;SR-593/2020;-4.912855007789;-61.48366077907
1564;SR-593/2020;-4.912772693423;-61.483500202561
1563;SR-593/2020;-4.912692302136;-61.483338660497
1562;SR-593/2020;-4.91261094927;-61.483177601282
1561;SR-593/2020;-4.912535365691;-61.483013645307
1560;SR-593/2020;-4.912448243455;-61.482855482997
1559;SR-593/2020;-4.91236785206;-61.482693941125
1558;SR-593/2020;-4.912285537533;-61.48253336490399
1557;SR-593/2020;-4.912204184532;-61.48237230593
1556;SR-593/2020;-4.912122831503;-61.482211247003
1555;SR-593/2020;-4.912041478447;-61.482050188125
1554;SR-593/2020;-4.911959443778;-61.481889539376
1553;SR-593/2020;-4.911879361928;-61.48172784494999
1552;SR-593/2020;-4.911798317575;-61.481566631542
1551;SR-593/2020;-4.91172304804;-61.48140253236
1550;SR-593/2020;-4.911636228789;-61.48124420487
1549;SR-593/2020;-4.911556146829;-61.481082510636
1548;SR-593/2020;-4.911474139895;-61.48092177839
1547;SR-593/2020;-4.911393095407;-61.480760565222
1546;SR-593/2020;-4.911312050892;-61.480599352102
1545;SR-593/2020;-4.91123100635;-61.48043813903
1544;SR-593/2020;-4.911148999308;-61.480277406977
1543;SR-593/2020;-4.911068917185;-61.48011571303
1542;SR-593/2020;-4.910987872561;-61.479954500101
1541;SR-593/2020;-4.910912602746;-61.479790401393
1540;SR-593/2020;-4.910825783234;-61.479632074389
1539;SR-593/2020;-4.910745701001;-61.47947038063301
1538;SR-593/2020;-4.910663693798;-61.479309648868
1537;SR-593/2020;-4.910582649039;-61.479148436179
1536;SR-593/2020;-4.910501604253;-61.47898722353901
1535;SR-593/2020;-4.910420559441;-61.478826010946
1534;SR-593/2020;-4.91033855213;-61.478665279374
1533;SR-593/2020;-4.910258469734;-61.478503585905
1532;SR-593/2020;-4.91017742484;-61.47834237345699
1531;SR-593/2020;-4.910102154744;-61.478178275221
1530;SR-593/2020;-4.910015334971;-61.47801994870299
1529;SR-593/2020;-4.909935252467;-61.477858255426
1528;SR-593/2020;-4.909853244994;-61.47769752414201
1527;SR-593/2020;-4.909772199965;-61.477536311933
1526;SR-593/2020;-4.909691154909;-61.47737509977199
1525;SR-593/2020;-4.909610109826;-61.477213887659
1524;SR-593/2020;-4.909528102246;-61.477053156567
1523;SR-593/2020;-4.909448019578;-61.476891463577
1522;SR-593/2020;-4.909366974414;-61.476730251608
1521;SR-593/2020;-4.909291704037;-61.47656615384701
1520;SR-593/2020;-4.909204884004;-61.476407827814
1519;SR-593/2020;-4.909124801228;-61.476246135015
1518;SR-593/2020;-4.909042793486;-61.47608540421199
1517;SR-593/2020;-4.908961868919;-61.475924161488
1516;SR-593/2020;-4.908880952493;-61.47576288545601
1515;SR-593/2020;-4.908800036041;-61.47560160947199
1514;SR-593/2020;-4.90871815671;-61.47544081374599
1513;SR-593/2020;-4.908638203055;-61.475279057647
1512;SR-593/2020;-4.908557286521;-61.475117781806
1511;SR-593/2020;-4.908482147064;-61.474953624746
1510;SR-593/2020;-4.908395453373;-61.47479523026901
1509;SR-593/2020;-4.908315499608;-61.474633474361
1508;SR-593/2020;-4.908233620116;-61.474472678923
1507;SR-593/2020;-4.908152703447;-61.474311403323
1506;SR-593/2020;-4.908071786751;-61.47415012777001
1505;SR-593/2020;-4.907990870028;-61.47398885226501
1504;SR-593/2020;-4.907908990428;-61.47382805702
1503;SR-593/2020;-4.907829036501;-61.473666301399
1502;SR-593/2020;-4.907748119697;-61.47350502603799
1501;SR-593/2020;-4.907672979959;-61.47334086945
1500;SR-593/2020;-4.907586286007;-61.473182475459
1499;SR-593/2020;-4.907506331971;-61.473020720029
1498;SR-593/2020;-4.90742445221;-61.47285992507301
1497;SR-593/2020;-4.90734353527;-61.472698649951
1496;SR-593/2020;-4.907262618304;-61.472537374878
1495;SR-593/2020;-4.907181701311;-61.472376099852
1494;SR-593/2020;-4.907099821442;-61.472215305088
1493;SR-593/2020;-4.907019867243;-61.47205354994501
1492;SR-593/2020;-4.906938950168;-61.47189227506399
1491;SR-593/2020;-4.906863810151;-61.47172811895
1490;SR-593/2020;-4.906777115938;-61.47156972544401
1489;SR-593/2020;-4.90669716163;-61.471407970493
1488;SR-593/2020;-4.9066152816;-61.471247176017
1487;SR-593/2020;-4.906534364391;-61.47108590137499
1486;SR-593/2020;-4.906453447154;-61.47092462678099
1485;SR-593/2020;-4.906372529891;-61.470763352235
1484;SR-593/2020;-4.906290649754;-61.470602557951
1483;SR-593/2020;-4.906210695282;-61.470440803287
1482;SR-593/2020;-4.906129777938;-61.470279528885
1481;SR-593/2020;-4.90605463764;-61.47011537324401
1480;SR-593/2020;-4.905967943168;-61.46995698022399
1479;SR-593/2020;-4.905887988588;-61.469795225751
1478;SR-593/2020;-4.90580610829;-61.469634431756
1477;SR-593/2020;-4.90572519081;-61.469473157593
1476;SR-593/2020;-4.905644273304;-61.469311883479
1475;SR-593/2020;-4.90556335577;-61.469150609412
1474;SR-593/2020;-4.905481475365;-61.468989815609
1473;SR-593/2020;-4.905401520622;-61.46882806142299
1472;SR-593/2020;-4.905320603008;-61.46866678750101
1471;SR-593/2020;-4.90524546243;-61.46850263233401
1470;SR-593/2020;-4.905158767698;-61.4683442398
1469;SR-593/2020;-4.905078812846;-61.468182485805
1468;SR-593/2020;-4.90499693228;-61.46802169229001
1467;SR-593/2020;-4.904916014531;-61.46786041860701
1466;SR-593/2020;-4.904835096754;-61.467699144972
1465;SR-593/2020;-4.904754178951;-61.46753787138599
1464;SR-593/2020;-4.904672298278;-61.467377078063
1463;SR-593/2020;-4.904592343263;-61.467215324356
1462;SR-593/2020;-4.904511425379;-61.467054050913
1461;SR-593/2020;-4.904436284522;-61.466889896219
1460;SR-593/2020;-4.90434958953;-61.46673150417101
1459;SR-593/2020;-4.904269634407;-61.46656975065499
1458;SR-593/2020;-4.904187753573;-61.46640895762
1457;SR-593/2020;-4.904106835554;-61.46624768441699
1456;SR-593/2020;-4.904025917508;-61.466086411262
1455;SR-593/2020;-4.903944999435;-61.46592513815501
1454;SR-593/2020;-4.903863118494;-61.465764345312
1453;SR-593/2020;-4.903783163208;-61.465602592084
1452;SR-593/2020;-4.903701560455;-61.465441253586
1451;SR-593/2020;-4.903624570742;-61.465277953044
1450;SR-593/2020;-4.903536092714;-61.465120544469
1449;SR-593/2020;-4.903454316162;-61.46495969899
1448;SR-593/2020;-4.903370624869;-61.464799835546
1447;SR-593/2020;-4.903287890907;-61.46463948115599
1446;SR-593/2020;-4.903205156918;-61.464479126815
1445;SR-593/2020;-4.903122422904;-61.464318772523
1444;SR-593/2020;-4.903038731506;-61.46415890927199
1443;SR-593/2020;-4.902956954795;-61.463998064083
1442;SR-593/2020;-4.902874220702;-61.463837709935
1441;SR-593/2020;-4.902797230716;-61.46367440986999
1440;SR-593/2020;-4.902708752436;-61.463517001785
1439;SR-593/2020;-4.902626975619;-61.463356156788
1438;SR-593/2020;-4.902543791726;-61.463196614212
1437;SR-593/2020;-4.902463601712;-61.463034980654
1436;SR-593/2020;-4.902383411672;-61.462873347144
1435;SR-593/2020;-4.902303221604;-61.462711713682
1434;SR-593/2020;-4.902222066514;-61.462550556162
1433;SR-593/2020;-4.902142841387;-61.462388446901
1432;SR-593/2020;-4.902062651238;-61.462226813582
1431;SR-593/2020;-4.901988251028;-61.462062324937
1430;SR-593/2020;-4.901902270858;-61.46190354708799
1429;SR-593/2020;-4.901823045621;-61.461741438016
1428;SR-593/2020;-4.901741890369;-61.461580280785
1427;SR-593/2020;-4.901661700084;-61.461418647705
1426;SR-593/2020;-4.901581509772;-61.461257014673
1425;SR-593/2020;-4.901501319432;-61.46109538168901
1424;SR-593/2020;-4.901420164073;-61.460934224649
1423;SR-593/2020;-4.901340938672;-61.460772115864
1422;SR-593/2020;-4.901260748252;-61.460610483024
1421;SR-593/2020;-4.901186347761;-61.460445994851
1420;SR-593/2020;-4.901100367329;-61.46028721748599
1419;SR-593/2020;-4.901021141819;-61.46012510889201
1418;SR-593/2020;-4.900939986297;-61.45996395214
1417;SR-593/2020;-4.900859795741;-61.459802319538
1416;SR-593/2020;-4.900779787343;-61.459640651488
1415;SR-593/2020;-4.900699838138;-61.459478900154
1414;SR-593/2020;-4.900618923204;-61.45931762333401
1413;SR-593/2020;-4.900539939645;-61.45915539763101
1412;SR-593/2020;-4.900459990357;-61.458993646441
1411;SR-593/2020;-4.900385835246;-61.458829048507
1410;SR-593/2020;-4.900300091701;-61.45867014420399
1409;SR-593/2020;-4.900221108032;-61.458507918692
1408;SR-593/2020;-4.900140192936;-61.45834664215799
1407;SR-593/2020;-4.900060243513;-61.458184891207
1406;SR-593/2020;-4.899980294062;-61.458023140304
1405;SR-593/2020;-4.899900344585;-61.457861389448
1404;SR-593/2020;-4.89981942938;-61.457700113106
1403;SR-593/2020;-4.899740445548;-61.45753788787999
1402;SR-593/2020;-4.899660495988;-61.457376137167
1401;SR-593/2020;-4.899586340595;-61.457211539705
1400;SR-593/2020;-4.899500596788;-61.457052635886
1399;SR-593/2020;-4.899421612846;-61.456890410851
1398;SR-593/2020;-4.89934069748;-61.45672913479601
1397;SR-593/2020;-4.899260747784;-61.456567384322
1396;SR-593/2020;-4.899180798062;-61.45640563389699
1395;SR-593/2020;-4.899100848313;-61.456243883519
1394;SR-593/2020;-4.899019932838;-61.456082607655
1393;SR-593/2020;-4.898940948732;-61.45592038290601
1392;SR-593/2020;-4.898860998901;-61.455758632671
1391;SR-593/2020;-4.898786843226;-61.455594035681
1390;SR-593/2020;-4.898701099158;-61.455435132345
1389;SR-593/2020;-4.898622114942;-61.455272907787
1388;SR-593/2020;-4.898541199306;-61.455111632211
1387;SR-593/2020;-4.898461249339;-61.454949882215
1386;SR-593/2020;-4.898381299345;-61.454788132267
1385;SR-593/2020;-4.898301349324;-61.454626382367
1384;SR-593/2020;-4.898220433579;-61.454465106982
1383;SR-593/2020;-4.8981414492;-61.45430288271
1382;SR-593/2020;-4.898061499097;-61.45414113295299
1381;SR-593/2020;-4.897987343141;-61.453976536434
1380;SR-593/2020;-4.897901598811;-61.453817633583
1379;SR-593/2020;-4.897822614322;-61.453655409501
1378;SR-593/2020;-4.897741031235;-61.453493190103
1377;SR-593/2020;-4.897655443517;-61.453334333907
1376;SR-593/2020;-4.897569855775;-61.45317547776101
1375;SR-593/2020;-4.897484268007;-61.453016621663
1374;SR-593/2020;-4.897397731794;-61.452858273537
1373;SR-593/2020;-4.897313092397;-61.452698909614
1372;SR-593/2020;-4.897227504554;-61.45254005366299
1371;SR-593/2020;-4.897147607208;-61.452378150221
1370;SR-593/2020;-4.897056328792;-61.452222341907
1369;SR-593/2020;-4.896971689294;-61.452062978179
1368;SR-593/2020;-4.896886287741;-61.451905254201
1367;SR-593/2020;-4.896805985793;-61.451743678313
1366;SR-593/2020;-4.896725683818;-61.451582102472
1365;SR-593/2020;-4.896645381815;-61.451420526679
1364;SR-593/2020;-4.896564115127;-61.451259427489
1363;SR-593/2020;-4.89648477773;-61.45109737523699
1362;SR-593/2020;-4.896404475647;-61.450935799588
1361;SR-593/2020;-4.896329961488;-61.450771364652
1360;SR-593/2020;-4.896243871399;-61.450612648433
1359;SR-593/2020;-4.896164533893;-61.450450596371
1358;SR-593/2020;-4.896083267044;-61.450289497469
1357;SR-593/2020;-4.896002964826;-61.450127922059
1356;SR-593/2020;-4.89592266258;-61.449966346697
1355;SR-593/2020;-4.895842360308;-61.449804771383
1354;SR-593/2020;-4.895761093352;-61.449643672673
1353;SR-593/2020;-4.895681419931;-61.44948166362
1352;SR-593/2020;-4.895600567856;-61.449320361178
1351;SR-593/2020;-4.895525493929;-61.449156179877
1350;SR-593/2020;-4.895438863626;-61.448997756437
1349;SR-593/2020;-4.895358974499;-61.448835974321
1348;SR-593/2020;-4.895277159288;-61.448675151889
1347;SR-593/2020;-4.89519233975;-61.448514300348
1346;SR-593/2020;-4.895104390859;-61.44835673239301
1345;SR-593/2020;-4.895016441943;-61.448199164488
1344;SR-593/2020;-4.89492755227;-61.448042118565
1343;SR-593/2020;-4.894840544039;-61.44788402882499
1342;SR-593/2020;-4.894745789372;-61.447728639962
1341;SR-593/2020;-4.894655863687;-61.447572052676
1340;SR-593/2020;-4.894554962831;-61.44742226019499
1339;SR-593/2020;-4.894460464124;-61.447268504157
1338;SR-593/2020;-4.894360571577;-61.447115977529
1337;SR-593/2020;-4.894256467103;-61.446968520835
1336;SR-593/2020;-4.89415236261;-61.44682106419101
1335;SR-593/2020;-4.894048258099;-61.44667360759901
1334;SR-593/2020;-4.893943273202;-61.44652676886301
1333;SR-593/2020;-4.893840049022;-61.446378694566
1332;SR-593/2020;-4.893733127845;-61.446232382217
1331;SR-593/2020;-4.893631014673;-61.446083408834
1330;SR-593/2020;-4.893518412525;-61.445941691968
1329;SR-593/2020;-4.893410348947;-61.445797090458
1328;SR-593/2020;-4.893300566426;-61.4456537818
1327;SR-593/2020;-4.893191643353;-61.44550982679199
1326;SR-593/2020;-4.893082720262;-61.445365871835
1325;SR-593/2020;-4.892973797155;-61.44522191692799
1324;SR-593/2020;-4.89286401457;-61.445078608474
1323;SR-593/2020;-4.892746207389;-61.44493778586799
1322;SR-593/2020;-4.892623077282;-61.444805702415
1321;SR-593/2020;-4.89250467866;-61.44466923473101
1320;SR-593/2020;-4.892376817034;-61.444541535656
1319;SR-593/2020;-4.892254475476;-61.444408721638
1318;SR-593/2020;-4.892130556742;-61.44427736909599
1317;SR-593/2020;-4.892007426579;-61.444145285889
1316;SR-593/2020;-4.891884296405;-61.444013202733
1315;SR-593/2020;-4.891759140556;-61.44387987995001
1314;SR-593/2020;-4.891626234315;-61.44375757243001
1313;SR-593/2020;-4.891494797869;-61.443633696227
1312;SR-593/2020;-4.891362626514;-61.443510604436
1311;SR-593/2020;-4.891234864559;-61.443382806501
1310;SR-593/2020;-4.891098283781;-61.44326442099601
1309;SR-593/2020;-4.890966847304;-61.443140544983
1308;SR-593/2020;-4.890833941017;-61.443018237746
1307;SR-593/2020;-4.890701769623;-61.442895146192
1306;SR-593/2020;-4.890565166932;-61.442775045184
1305;SR-593/2020;-4.890428219909;-61.442657257054
1304;SR-593/2020;-4.890290569643;-61.442540281675
1303;SR-593/2020;-4.890154325845;-61.442421680932
1302;SR-593/2020;-4.890017378804;-61.442303892939
1301;SR-593/2020;-4.889883206205;-61.4421779624
1300;SR-593/2020;-4.88973334984;-61.44207679257001
1299;SR-593/2020;-4.889587938958;-61.441969555887
1298;SR-593/2020;-4.889441257935;-61.441864052644
1297;SR-593/2020;-4.889295211979;-61.441757682743
1296;SR-593/2020;-4.88914916602;-61.441651312883
1295;SR-593/2020;-4.889003120058;-61.441544943065
1294;SR-593/2020;-4.888856439024;-61.44143943998599
1293;SR-593/2020;-4.888711028125;-61.441332203553
1292;SR-593/2020;-4.888564982155;-61.441225833859
1291;SR-593/2020;-4.888422746593;-61.441114264021
1290;SR-593/2020;-4.888272890207;-61.441013094595
1289;SR-593/2020;-4.888118724877;-61.440913784123
1288;SR-593/2020;-4.887963599116;-61.440821061163
1287;SR-593/2020;-4.887809032423;-61.440727420976
1286;SR-593/2020;-4.887654465731;-61.440633780824
1285;SR-593/2020;-4.887499899038;-61.440540140709
1284;SR-593/2020;-4.887344773278;-61.44044741789101
1283;SR-593/2020;-4.887190765652;-61.440352860585
1282;SR-593/2020;-4.88703619896;-61.440259220577
1281;SR-593/2020;-4.886884986671;-61.44016007703701
1280;SR-593/2020;-4.886727065574;-61.440071940669
1279;SR-593/2020;-4.886573057948;-61.439977383507
1278;SR-593/2020;-4.886417932188;-61.439884660903
1277;SR-593/2020;-4.886263365495;-61.439791021074
1276;SR-593/2020;-4.886108798802;-61.43969738128101
1275;SR-593/2020;-4.885954232109;-61.439603741524
1274;SR-593/2020;-4.88579910635;-61.43951101906201
1273;SR-593/2020;-4.885645098723;-61.439416462117
1272;SR-593/2020;-4.88549053203;-61.439322822467
1271;SR-593/2020;-4.885339319736;-61.439223679298
1270;SR-593/2020;-4.885181398644;-61.43913554327501
1269;SR-593/2020;-4.885027391018;-61.439040986474
1268;SR-593/2020;-4.884872265258;-61.438948264226
1267;SR-593/2020;-4.884717698565;-61.438854624755
1266;SR-593/2020;-4.884563131872;-61.43876098532
1265;SR-593/2020;-4.884408565179;-61.438667345921
1264;SR-593/2020;-4.88425343942;-61.43857462381501
1263;SR-593/2020;-4.884099431793;-61.43848006723
1262;SR-593/2020;-4.8839448651;-61.43838642793801
1261;SR-593/2020;-4.883793652801;-61.43828728514
1260;SR-593/2020;-4.883635731714;-61.43819914946199
1259;SR-593/2020;-4.883481724086;-61.438104593021
1258;SR-593/2020;-4.883326598328;-61.43801187112899
1257;SR-593/2020;-4.883172031635;-61.437918232016
1256;SR-593/2020;-4.883017464942;-61.437824592939
1255;SR-593/2020;-4.882862898249;-61.437730953897
1254;SR-593/2020;-4.882707772491;-61.437638232147
1253;SR-593/2020;-4.882553818262;-61.43754366910301
1252;SR-593/2020;-4.88239937271;-61.437449831704
1251;SR-593/2020;-4.882248288662;-61.437350495129
1250;SR-593/2020;-4.882090481604;-61.437262157014
1249;SR-593/2020;-4.881936596302;-61.437167403188
1248;SR-593/2020;-4.881781590499;-61.437074482468
1247;SR-593/2020;-4.881627144946;-61.436980645248
1246;SR-593/2020;-4.881472699394;-61.43688680806499
1245;SR-593/2020;-4.881318253841;-61.436792970917
1244;SR-593/2020;-4.881163248038;-61.436700050339
1243;SR-593/2020;-4.881009362736;-61.436605296729
1242;SR-593/2020;-4.880854917183;-61.436511459689
1241;SR-593/2020;-4.88070383313;-61.436412123485
1240;SR-593/2020;-4.880546026077;-61.436323785716
1239;SR-593/2020;-4.880392140774;-61.43622903225
1238;SR-593/2020;-4.880237134972;-61.436136111886
1237;SR-593/2020;-4.880082689419;-61.436042275025
1236;SR-593/2020;-4.879928243866;-61.4359484382
1235;SR-593/2020;-4.879773798314;-61.435854601411
1234;SR-593/2020;-4.879618792511;-61.43576168118899
1233;SR-593/2020;-4.879464907208;-61.43566692794
1232;SR-593/2020;-4.879310461655;-61.43557309125801
1231;SR-593/2020;-4.879159377598;-61.435473755426
1230;SR-593/2020;-4.87900157055;-61.435385418002
1229;SR-593/2020;-4.878847685246;-61.435290664897
1228;SR-593/2020;-4.878692679444;-61.435197744889
1227;SR-593/2020;-4.878538233892;-61.435103908386
1226;SR-593/2020;-4.878383788339;-61.43501007191999
1225;SR-593/2020;-4.878229342786;-61.434916235489
1224;SR-593/2020;-4.878074336985;-61.434823315623
1223;SR-593/2020;-4.877920451681;-61.434728562734
1222;SR-593/2020;-4.877766006128;-61.434634726411
1221;SR-593/2020;-4.877614922066;-61.43453539095
1220;SR-593/2020;-4.877457115023;-61.434447053871
1219;SR-593/2020;-4.877303229719;-61.434352301126
1218;SR-593/2020;-4.877148223918;-61.434259381474
1217;SR-593/2020;-4.876993778365;-61.43416554533
1216;SR-593/2020;-4.876839332813;-61.434071709221
1215;SR-593/2020;-4.87668488726;-61.433977873148
1214;SR-593/2020;-4.87652988146;-61.433884953639
1213;SR-593/2020;-4.876375996156;-61.43379020111
1212;SR-593/2020;-4.87622104696;-61.433696539449
1211;SR-593/2020;-4.876068932122;-61.433598780414
1210;SR-593/2020;-4.875910955361;-61.433511592419
1209;SR-593/2020;-4.875757186304;-61.43341665264
1208;SR-593/2020;-4.875602294506;-61.433323544584
1207;SR-593/2020;-4.875447964078;-61.433229520721
1206;SR-593/2020;-4.875293633651;-61.43313549689401
1205;SR-593/2020;-4.875139303223;-61.433041473102
1204;SR-593/2020;-4.874984411426;-61.43294836518899
1203;SR-593/2020;-4.874830642368;-61.432853425627
1202;SR-593/2020;-4.874676375584;-61.432759491239
1201;SR-593/2020;-4.874525721283;-61.432659509804
1200;SR-593/2020;-4.874368296698;-61.432570497809
1199;SR-593/2020;-4.874214821446;-61.432475087031
1198;SR-593/2020;-4.874060217813;-61.432381504523
1197;SR-593/2020;-4.87390617837;-61.43228700793401
1196;SR-593/2020;-4.873752138927;-61.432192511382
1195;SR-593/2020;-4.873598099484;-61.432098014865
1194;SR-593/2020;-4.873443495851;-61.4320044325
1193;SR-593/2020;-4.873290020597;-61.43190902194
1192;SR-593/2020;-4.873135981154;-61.431814525532
1191;SR-593/2020;-4.872985326848;-61.43171454447
1190;SR-593/2020;-4.872827902267;-61.431625532823
1189;SR-593/2020;-4.872674427013;-61.431530122408
1188;SR-593/2020;-4.87251982338;-61.431436540259
1187;SR-593/2020;-4.872365783936;-61.431342044031
1186;SR-593/2020;-4.872211744493;-61.43124754783899
1185;SR-593/2020;-4.872057705049;-61.431153051683
1184;SR-593/2020;-4.871903101416;-61.431059469676
1183;SR-593/2020;-4.871749626161;-61.430964059479
1182;SR-593/2020;-4.871595586717;-61.430869563431
1181;SR-593/2020;-4.871444932405;-61.430769582743
1180;SR-593/2020;-4.871287507829;-61.430680571444
1179;SR-593/2020;-4.871134032574;-61.430585161392
1178;SR-593/2020;-4.870979428941;-61.430491579601
1177;SR-593/2020;-4.870825389497;-61.430397083733
1176;SR-593/2020;-4.870671350053;-61.430302587902
1175;SR-593/2020;-4.870517310608;-61.430208092106
1174;SR-593/2020;-4.870362706976;-61.430114510458
1173;SR-593/2020;-4.87020923172;-61.43001910062299
1172;SR-593/2020;-4.870055192275;-61.429924604936
1171;SR-593/2020;-4.869904537958;-61.42982462462101
1170;SR-593/2020;-4.869747113386;-61.429735613669
1169;SR-593/2020;-4.86959363813;-61.42964020398001
1168;SR-593/2020;-4.869439034497;-61.429546622547
1167;SR-593/2020;-4.869284995053;-61.42945212703901
1166;SR-593/2020;-4.869130999605;-61.429357617227
1165;SR-593/2020;-4.868977047694;-61.429262980117
1164;SR-593/2020;-4.868822530746;-61.42916925663201
1163;SR-593/2020;-4.86866914387;-61.429073706006
1162;SR-593/2020;-4.868515191958;-61.428979069005
1161;SR-593/2020;-4.868364630261;-61.428878950516
1160;SR-593/2020;-4.868207288134;-61.42878979511
1159;SR-593/2020;-4.868053901258;-61.42869424463
1158;SR-593/2020;-4.86789938431;-61.42860052136001
1157;SR-593/2020;-4.867745432398;-61.428505884539
1156;SR-593/2020;-4.867591480486;-61.428411247754
1155;SR-593/2020;-4.867437528574;-61.428316611005
1154;SR-593/2020;-4.867283011626;-61.428222887878
1153;SR-593/2020;-4.867129624749;-61.428127337615
1152;SR-593/2020;-4.866975672837;-61.42803270097501
1151;SR-593/2020;-4.866825111134;-61.427932582859
1150;SR-593/2020;-4.866667769012;-61.427843427801
1149;SR-593/2020;-4.866514382135;-61.42774787768399
1148;SR-593/2020;-4.866359865187;-61.427654154772
1147;SR-593/2020;-4.866205913275;-61.427559518312
1146;SR-593/2020;-4.866051961362;-61.427464881887
1145;SR-593/2020;-4.86589800945;-61.42737024549901
1144;SR-593/2020;-4.865742962975;-61.427276877087
1143;SR-593/2020;-4.865588773691;-61.427182619524
1142;SR-593/2020;-4.865434027118;-61.427089280297
1141;SR-593/2020;-4.865282624274;-61.42699043130801
1140;SR-593/2020;-4.865124533972;-61.42690260195
1139;SR-593/2020;-4.864970344688;-61.426808344531
1138;SR-593/2020;-4.864815040828;-61.426715923745
1137;SR-593/2020;-4.864660294256;-61.42662258469599
1136;SR-593/2020;-4.864505547684;-61.426529245682
1135;SR-593/2020;-4.864350801113;-61.426435906703
1134;SR-593/2020;-4.864195497254;-61.426343486058
1133;SR-593/2020;-4.864041307971;-61.426249228852
1132;SR-593/2020;-4.8638865614;-61.42615588998
1131;SR-593/2020;-4.863735158554;-61.42605704135699
1130;SR-593/2020;-4.863577068259;-61.425969212341
1129;SR-593/2020;-4.863422878976;-61.425874955278
1128;SR-593/2020;-4.863267575119;-61.425782534844
1127;SR-593/2020;-4.863112828549;-61.425689196149
1126;SR-593/2020;-4.86295808198;-61.425595857489
1125;SR-593/2020;-4.86280333541;-61.425502518865
1124;SR-593/2020;-4.862649319055;-61.425408817007
1123;SR-593/2020;-4.862496411333;-61.425312507544
1122;SR-593/2020;-4.862342934023;-61.42521710887999
1121;SR-593/2020;-4.862192874241;-61.425116245677
1120;SR-593/2020;-4.862035979401;-61.425026311663
1119;SR-593/2020;-4.861883071678;-61.424930002347
1118;SR-593/2020;-4.861729024779;-61.42483551459101
1117;SR-593/2020;-4.861575547467;-61.42474011611
1116;SR-593/2020;-4.861422070156;-61.424644717664
1115;SR-593/2020;-4.861268592844;-61.424549319256
1114;SR-593/2020;-4.861114545945;-61.424454831644
1113;SR-593/2020;-4.860961638221;-61.424358522547
1112;SR-593/2020;-4.860808160909;-61.42426312424699
1111;SR-593/2020;-4.86065810112;-61.42416226142
1110;SR-593/2020;-4.860501206284;-61.42407232775701
1109;SR-593/2020;-4.860348298559;-61.423976018806
1108;SR-593/2020;-4.860194251659;-61.423881531412
1107;SR-593/2020;-4.860040774347;-61.423786133294
1106;SR-593/2020;-4.859887297034;-61.42369073521199
1105;SR-593/2020;-4.859733819721;-61.423595337167
1104;SR-593/2020;-4.859579772821;-61.423500849917
1103;SR-593/2020;-4.859426865095;-61.423404541185
1102;SR-593/2020;-4.859273387781;-61.423309143248
1101;SR-593/2020;-4.859123327987;-61.423208280797
1100;SR-593/2020;-4.858966433155;-61.423118347485
1099;SR-593/2020;-4.858813525427;-61.423022038899
1098;SR-593/2020;-4.858659478527;-61.422927551866
1097;SR-593/2020;-4.858506001213;-61.422832154111
1096;SR-593/2020;-4.8583525239;-61.42273675639301
1095;SR-593/2020;-4.858203923747;-61.422637545036
1094;SR-593/2020;-4.858055765997;-61.422534120636
1093;SR-593/2020;-4.857908853719;-61.422428945285
1092;SR-593/2020;-4.857761318703;-61.42232464547
1091;SR-593/2020;-4.857617152515;-61.42221438064
1090;SR-593/2020;-4.857464106581;-61.42211808132999
1089;SR-593/2020;-4.857315307752;-61.42201557589
1088;SR-593/2020;-4.857165295464;-61.42191484368001
1087;SR-593/2020;-4.857015889904;-61.421813224913
1086;SR-593/2020;-4.856870329586;-61.421709916983
1085;SR-593/2020;-4.856727788655;-61.42159892965
1084;SR-593/2020;-4.856584585051;-61.421488788216
1083;SR-593/2020;-4.856443338558;-61.421377835869
1082;SR-593/2020;-4.856304429536;-61.42126236248901
1081;SR-593/2020;-4.856169657232;-61.421141943324
1080;SR-593/2020;-4.856026611478;-61.421031415864
1079;SR-593/2020;-4.855888607105;-61.42091576687
1078;SR-593/2020;-4.855751019389;-61.420798727074
1077;SR-593/2020;-4.855614135323;-61.420680875034
1076;SR-593/2020;-4.855477251252;-61.42056302303899
1075;SR-593/2020;-4.855345000598;-61.420443079223
1074;SR-593/2020;-4.855214816448;-61.420317904972
1073;SR-593/2020;-4.855086136212;-61.42019119463301
1072;SR-593/2020;-4.854956704006;-61.42006525241001
1071;SR-593/2020;-4.85483178356;-61.419934701829
1070;SR-593/2020;-4.854699409357;-61.41981346159301
1069;SR-593/2020;-4.854575356421;-61.41968224508901
1068;SR-593/2020;-4.854449745411;-61.419552510166
1067;SR-593/2020;-4.854324913423;-61.41942203452599
1066;SR-593/2020;-4.854200081425;-61.41929155893501
1065;SR-593/2020;-4.854075329919;-61.419161276989
1064;SR-593/2020;-4.853950501599;-61.419030793567
1063;SR-593/2020;-4.853827240216;-61.418898838003
1062;SR-593/2020;-4.853703195349;-61.418767618583
1061;SR-593/2020;-4.85358385131;-61.41863198263899
1060;SR-593/2020;-4.853455105584;-61.41850517988999
1059;SR-593/2020;-4.853334676812;-61.41837157191901
1058;SR-593/2020;-4.853212597458;-61.41823852892399
1057;SR-593/2020;-4.853091316751;-61.418104766286
1056;SR-593/2020;-4.852970036033;-61.417971003697
1055;SR-593/2020;-4.852848755304;-61.417837241158
1054;SR-593/2020;-4.852726675905;-61.417704198361
1053;SR-593/2020;-4.852606193812;-61.417569716228
1052;SR-593/2020;-4.852484913048;-61.417435953837
1051;SR-593/2020;-4.852368424222;-61.417297873345
1050;SR-593/2020;-4.852242351488;-61.417168429204
1049;SR-593/2020;-4.852121869349;-61.41703394726899
1048;SR-593/2020;-4.851999789883;-61.416900904767
1047;SR-593/2020;-4.851878509063;-61.41676714262299
1046;SR-593/2020;-4.851757228232;-61.416633380528
1045;SR-593/2020;-4.85163594739;-61.41649961848301
1044;SR-593/2020;-4.85151386788;-61.41636657617801
1043;SR-593/2020;-4.851393385672;-61.41623209454
1042;SR-593/2020;-4.851272104796;-61.416098332643
1041;SR-593/2020;-4.851155615847;-61.415960252648
1040;SR-593/2020;-4.85102954301;-61.41583080899601
1039;SR-593/2020;-4.850909060756;-61.415696327556
1038;SR-593/2020;-4.850786981179;-61.415563285547
1037;SR-593/2020;-4.850665700247;-61.415429523897
1036;SR-593/2020;-4.850544419303;-61.415295762296
1035;SR-593/2020;-4.850423138348;-61.41516200074399
1034;SR-593/2020;-4.850301058726;-61.415028958932
1033;SR-593/2020;-4.850180576404;-61.414894477788
1032;SR-593/2020;-4.850059295416;-61.414760716384
1031;SR-593/2020;-4.849942806345;-61.414622636887
1030;SR-593/2020;-4.849816733404;-61.41449319372499
1029;SR-593/2020;-4.849696251036;-61.414358712779
1028;SR-593/2020;-4.849574171348;-61.414225671263
1027;SR-593/2020;-4.849452890303;-61.414091910106
1026;SR-593/2020;-4.849331609247;-61.41395814899801
1025;SR-593/2020;-4.849210328179;-61.41382438794
1024;SR-593/2020;-4.849088248447;-61.413691346621
1023;SR-593/2020;-4.848967766011;-61.413556865971
1022;SR-593/2020;-4.848846484909;-61.413423105061
1021;SR-593/2020;-4.848729995718;-61.413285026061
1020;SR-593/2020;-4.848603922673;-61.413155583388
1019;SR-593/2020;-4.848483440191;-61.413021102936
1018;SR-593/2020;-4.848361360392;-61.412888061913
1017;SR-593/2020;-4.848239945228;-61.412754379742
1016;SR-593/2020;-4.848118533773;-61.412620736647
1015;SR-593/2020;-4.847997122306;-61.41248709360201
1014;SR-593/2020;-4.84787491288;-61.41235417107101
1013;SR-593/2020;-4.847754299339;-61.412219807659
1012;SR-593/2020;-4.847632887839;-61.412086164762
1011;SR-593/2020;-4.847516264016;-61.41194819912499
1010;SR-593/2020;-4.847390064805;-61.411818879115
1009;SR-593/2020;-4.847269451219;-61.411684515901
1008;SR-593/2020;-4.847147241726;-61.411551593665
1007;SR-593/2020;-4.84702583017;-61.41141795101401
1006;SR-593/2020;-4.846904418603;-61.411284308413
1005;SR-593/2020;-4.846783007025;-61.41115066586
1004;SR-593/2020;-4.846660797488;-61.411017743822
1003;SR-593/2020;-4.846540183834;-61.410883380904
1002;SR-593/2020;-4.846418772223;-61.41074973849899
1001;SR-593/2020;-4.846302148279;-61.41061177336
1000;SR-593/2020;-4.846175948966;-61.410482453838
999;SR-593/2020;-4.846051066233;-61.41035194557701
998;SR-593/2020;-4.845928856631;-61.410219023833
997;SR-593/2020;-4.845807444964;-61.410085381675
996;SR-593/2020;-4.845686033286;-61.409951739566
995;SR-593/2020;-4.845564621597;-61.40981809750599
994;SR-593/2020;-4.845442411951;-61.409685175959
993;SR-593/2020;-4.845321798185;-61.409550813534
992;SR-593/2020;-4.845200386463;-61.409417171622
991;SR-593/2020;-4.8450837624;-61.409279206979
990;SR-593/2020;-4.844957562985;-61.409149887947
989;SR-593/2020;-4.844836949174;-61.40901552571899
988;SR-593/2020;-4.844714739462;-61.408882604468
987;SR-593/2020;-4.844593327684;-61.40874896280201
986;SR-593/2020;-4.844471915895;-61.40861532118601
985;SR-593/2020;-4.844350504094;-61.408481679619
984;SR-593/2020;-4.844228294339;-61.408348758565
983;SR-593/2020;-4.84410768046;-61.40821439663299
982;SR-593/2020;-4.843986268627;-61.408080755214
981;SR-593/2020;-4.843869644444;-61.40794279106801
980;SR-593/2020;-4.843743444926;-61.40781347252399
979;SR-593/2020;-4.843622831003;-61.40767911078999
978;SR-593/2020;-4.843500621181;-61.40754619003099
977;SR-593/2020;-4.843379209292;-61.407412548858
976;SR-593/2020;-4.843257797392;-61.407278907734
975;SR-593/2020;-4.84313638548;-61.40714526666
974;SR-593/2020;-4.843014175615;-61.40701234609799
973;SR-593/2020;-4.842893561624;-61.40687798466
972;SR-593/2020;-4.84277214968;-61.406744343733
971;SR-593/2020;-4.842655525377;-61.406606380083
970;SR-593/2020;-4.842529325757;-61.406477062028
969;SR-593/2020;-4.842408711721;-61.406342700788
968;SR-593/2020;-4.84228650179;-61.40620978052
967;SR-593/2020;-4.84216508979;-61.40607613984001
966;SR-593/2020;-4.842043677779;-61.405942499209
965;SR-593/2020;-4.841922265757;-61.40580885862799
964;SR-593/2020;-4.841800055782;-61.405675938557
963;SR-593/2020;-4.841679441679;-61.405541577612
962;SR-593/2020;-4.841558029624;-61.405407937178
961;SR-593/2020;-4.841441405201;-61.405269974025
960;SR-593/2020;-4.841315205479;-61.405140656459
959;SR-593/2020;-4.841194591331;-61.405006295711
958;SR-593/2020;-4.841072381291;-61.40487337593599
957;SR-593/2020;-4.84095096918;-61.404739735748
956;SR-593/2020;-4.840829557058;-61.40460609561
955;SR-593/2020;-4.840708144926;-61.404472455521
954;SR-593/2020;-4.840585934842;-61.40433953594201
953;SR-593/2020;-4.840465320627;-61.40420517549
952;SR-593/2020;-4.840343908461;-61.40407153554899
951;SR-593/2020;-4.840227283919;-61.403933572892
950;SR-593/2020;-4.840101084095;-61.403804255814
949;SR-593/2020;-4.839980469835;-61.40366989556
948;SR-593/2020;-4.839858259686;-61.403536976276
947;SR-593/2020;-4.839736847465;-61.403403336581
946;SR-593/2020;-4.839615435232;-61.403269696935
945;SR-593/2020;-4.839494022989;-61.403136057338
944;SR-593/2020;-4.839371812796;-61.403003138251
943;SR-593/2020;-4.839251198469;-61.402868778292
942;SR-593/2020;-4.839129786193;-61.402735138843
941;SR-593/2020;-4.839013161531;-61.402597176683
940;SR-593/2020;-4.838886961607;-61.402467860093
939;SR-593/2020;-4.838766347235;-61.402333500332
938;SR-593/2020;-4.838644136977;-61.402200581539
937;SR-593/2020;-4.838522724645;-61.402066942337
936;SR-593/2020;-4.838401312302;-61.401933303183
935;SR-593/2020;-4.838279899949;-61.40179966407899
934;SR-593/2020;-4.838157689648;-61.401666745483
933;SR-593/2020;-4.838037075209;-61.401532386017
932;SR-593/2020;-4.837915662822;-61.401398747061
931;SR-593/2020;-4.837799038041;-61.401260785396
930;SR-593/2020;-4.837672838016;-61.401131469295
929;SR-593/2020;-4.837552223532;-61.400997110026
928;SR-593/2020;-4.837430013165;-61.40086419172601
927;SR-593/2020;-4.837308600724;-61.40073055301499
926;SR-593/2020;-4.837187188271;-61.400596914354
925;SR-593/2020;-4.837065775807;-61.400463275741
924;SR-593/2020;-4.836943565397;-61.400330357637
923;SR-593/2020;-4.836822950847;-61.400195998664
922;SR-593/2020;-4.83670153835;-61.4000623602
921;SR-593/2020;-4.836584913451;-61.399924399031
920;SR-593/2020;-4.836458713324;-61.39979508341801
919;SR-593/2020;-4.836338098729;-61.399660724642
918;SR-593/2020;-4.836215888254;-61.399527806833
917;SR-593/2020;-4.836094475702;-61.399394168615
916;SR-593/2020;-4.83597306314;-61.399260530445
915;SR-593/2020;-4.835851650566;-61.39912689232499
914;SR-593/2020;-4.835729440048;-61.398993974713
913;SR-593/2020;-4.835608825386;-61.398859616232
912;SR-593/2020;-4.83548741278;-61.39872597826
911;SR-593/2020;-4.835370787762;-61.398588017587
910;SR-593/2020;-4.835244587534;-61.39845870246199
909;SR-593/2020;-4.835123972827;-61.39832434417901
908;SR-593/2020;-4.835001762244;-61.398191426861
907;SR-593/2020;-4.834880349583;-61.398057789135
906;SR-593/2020;-4.834758936911;-61.397924151457
905;SR-593/2020;-4.834637524227;-61.397790513829
904;SR-593/2020;-4.834515313601;-61.397657596708
903;SR-593/2020;-4.834394698828;-61.39752323872
902;SR-593/2020;-4.834273286112;-61.39738960123999
901;SR-593/2020;-4.834156660976;-61.397251641063
900;SR-593/2020;-4.834030460647;-61.39712232642601
899;SR-593/2020;-4.83390984583;-61.396987968635
898;SR-593/2020;-4.833787635139;-61.396855051809
897;SR-593/2020;-4.833666222368;-61.396721414574
896;SR-593/2020;-4.833544809586;-61.396587777388
895;SR-593/2020;-4.833423396793;-61.396454140252
894;SR-593/2020;-4.833301186059;-61.396321223622
893;SR-593/2020;-4.833180571175;-61.396186866127
892;SR-593/2020;-4.83305915835;-61.396053229138
891;SR-593/2020;-4.832942533095;-61.395915269457
890;SR-593/2020;-4.832816332666;-61.395785955308
889;SR-593/2020;-4.832695717738;-61.39565159801001
888;SR-593/2020;-4.832573506939;-61.39551868167399
887;SR-593/2020;-4.832452094059;-61.39538504493099
886;SR-593/2020;-4.832330681168;-61.395251408237
885;SR-593/2020;-4.832209268266;-61.395117771593
884;SR-593/2020;-4.832087057424;-61.394984855454
883;SR-593/2020;-4.831966442429;-61.394850498451
882;SR-593/2020;-4.831845029495;-61.394716861954
881;SR-593/2020;-4.831728404122;-61.394578902769
880;SR-593/2020;-4.831602203593;-61.394449589107
879;SR-593/2020;-4.831481512391;-61.39431523885499
878;SR-593/2020;-4.831359081314;-61.394182524529
877;SR-593/2020;-4.831237446958;-61.394049088481
876;SR-593/2020;-4.831115812591;-61.393915652483
875;SR-593/2020;-4.830994178214;-61.39378221653399
874;SR-593/2020;-4.830871747094;-61.393649502404
873;SR-593/2020;-4.830750909427;-61.393515344783
872;SR-593/2020;-4.830629275017;-61.393381908981
871;SR-593/2020;-4.830512420985;-61.39324414261101
870;SR-593/2020;-4.830386006165;-61.39311503752499
869;SR-593/2020;-4.830265168454;-61.39298088010099
868;SR-593/2020;-4.83014273727;-61.39284816626599
867;SR-593/2020;-4.830021102807;-61.392714730709
866;SR-593/2020;-4.829899468332;-61.392581295202
865;SR-593/2020;-4.829777833847;-61.392447859744
864;SR-593/2020;-4.82965540262;-61.392315146104
863;SR-593/2020;-4.82953505984;-61.39218191795201
862;SR-593/2020;-4.82941859748;-61.392043972984
861;SR-593/2020;-4.829307077052;-61.391901881599
860;SR-593/2020;-4.829184606298;-61.39176776392301
859;SR-593/2020;-4.829064179522;-61.391633240178
858;SR-593/2020;-4.828942154868;-61.39150015516801
857;SR-593/2020;-4.828820929137;-61.391366350865
856;SR-593/2020;-4.828699703394;-61.39123254661101
834;SR-593/2020;-4.826023333138;-61.388297241361
855;SR-593/2020;-4.828578477641;-61.391098742406
854;SR-593/2020;-4.828456452943;-61.390965657593
853;SR-593/2020;-4.828335758167;-61.390831257282
852;SR-593/2020;-4.828214093608;-61.390697849584
851;SR-593/2020;-4.82809720844;-61.390560110263
850;SR-593/2020;-4.827970764457;-61.390431034336
849;SR-593/2020;-4.827849896432;-61.39029690484001
848;SR-593/2020;-4.827727435263;-61.390164219284
847;SR-593/2020;-4.82760577065;-61.390030811832
846;SR-593/2020;-4.827484106026;-61.38989740442801
845;SR-593/2020;-4.827362441392;-61.389763997074
844;SR-593/2020;-4.82723998018;-61.389631311714
843;SR-593/2020;-4.82711911209;-61.38949718251299
842;SR-593/2020;-4.826997447423;-61.389363775306
841;SR-593/2020;-4.826880562139;-61.38922603648
840;SR-593/2020;-4.826754118058;-61.389096961039
839;SR-593/2020;-4.826633249924;-61.388962832035
838;SR-593/2020;-4.826510788649;-61.38883014696901
837;SR-593/2020;-4.826389123928;-61.388696740007
836;SR-593/2020;-4.826267459197;-61.388563333095
835;SR-593/2020;-4.826145794455;-61.38842992623101
833;SR-593/2020;-4.825902464939;-61.388163112651
832;SR-593/2020;-4.825781171717;-61.38802949305501
831;SR-593/2020;-4.825664754977;-61.387891360859
830;SR-593/2020;-4.825538750063;-61.387761859699
829;SR-593/2020;-4.825418338233;-61.387627323845
828;SR-593/2020;-4.825296328365;-61.387494226539
827;SR-593/2020;-4.8251751175;-61.387360410033
826;SR-593/2020;-4.825053906624;-61.387226593575
825;SR-593/2020;-4.824932695737;-61.387092777167
824;SR-593/2020;-4.824810685827;-61.386959680057
823;SR-593/2020;-4.824690273931;-61.386825144499
822;SR-593/2020;-4.824569063012;-61.386691328238
821;SR-593/2020;-4.824452646154;-61.386553196538
820;SR-593/2020;-4.824326641141;-61.386423695865
819;SR-593/2020;-4.8242062292;-61.386289160503
818;SR-593/2020;-4.824084219226;-61.386156063687
817;SR-593/2020;-4.823963008252;-61.386022247673
816;SR-593/2020;-4.823841797267;-61.385888431707
815;SR-593/2020;-4.823720586272;-61.38575461579001
814;SR-593/2020;-4.823598576255;-61.38562151916999
813;SR-593/2020;-4.823478164249;-61.385486984104
812;SR-593/2020;-4.823356953221;-61.385353168335
811;SR-593/2020;-4.823240536246;-61.385215037129
810;SR-593/2020;-4.823114531132;-61.385085536944
809;SR-593/2020;-4.822994119082;-61.384951002074
808;SR-593/2020;-4.822872109001;-61.384817905749
807;SR-593/2020;-4.822750897918;-61.384684090225
806;SR-593/2020;-4.822629686825;-61.384550274751
805;SR-593/2020;-4.822508475722;-61.38441645932501
804;SR-593/2020;-4.822386465597;-61.384283363196
803;SR-593/2020;-4.822266053482;-61.38414882862201
802;SR-593/2020;-4.822144842345;-61.384015013344
801;SR-593/2020;-4.822028425253;-61.383876882633
800;SR-593/2020;-4.82190242004;-61.38374738293499
799;SR-593/2020;-4.82178200788;-61.38361284855699
798;SR-593/2020;-4.821659997692;-61.383479752722
797;SR-593/2020;-4.821538786502;-61.38334593769
796;SR-593/2020;-4.8214175753;-61.38321212270599
795;SR-593/2020;-4.821296364088;-61.383078307772
794;SR-593/2020;-4.821174353857;-61.382945212133
793;SR-593/2020;-4.821053941632;-61.38281067805099
792;SR-593/2020;-4.820932730388;-61.382676863264
791;SR-593/2020;-4.820816313178;-61.382538733048
790;SR-593/2020;-4.820690307866;-61.382409233837
789;SR-593/2020;-4.820569895597;-61.382274699951
788;SR-593/2020;-4.820447885302;-61.382141604606
787;SR-593/2020;-4.820326674003;-61.382007790065
786;SR-593/2020;-4.820205462694;-61.381873975573
785;SR-593/2020;-4.820084251374;-61.381740161129
784;SR-593/2020;-4.819962241037;-61.38160706598101
783;SR-593/2020;-4.819841828702;-61.38147253239
782;SR-593/2020;-4.819720617349;-61.38133871809401
781;SR-593/2020;-4.819604200023;-61.38120058837301
780;SR-593/2020;-4.819478194612;-61.381071089649
779;SR-593/2020;-4.819357782233;-61.380936556255
778;SR-593/2020;-4.819235771832;-61.3808034614
777;SR-593/2020;-4.819114560426;-61.38066964735
776;SR-593/2020;-4.818993349009;-61.380535833348
775;SR-593/2020;-4.818872137581;-61.38040201939599
774;SR-593/2020;-4.818750127137;-61.380268924737
773;SR-593/2020;-4.818629714693;-61.380134391638
772;SR-593/2020;-4.818508503233;-61.38000057783301
771;SR-593/2020;-4.81839208579;-61.379862448607
770;SR-593/2020;-4.81826608028;-61.37973295037
769;SR-593/2020;-4.818145667792;-61.37959841746699
768;SR-593/2020;-4.818023657285;-61.379465323103
767;SR-593/2020;-4.817902445771;-61.37933150954301
766;SR-593/2020;-4.817781234246;-61.379197696032
765;SR-593/2020;-4.817660022711;-61.37906388257
764;SR-593/2020;-4.817538012161;-61.378930788402
763;SR-593/2020;-4.817417599608;-61.378796255794
762;SR-593/2020;-4.817296382598;-61.378662444928
761;SR-593/2020;-4.817179956123;-61.378524323677
760;SR-593/2020;-4.817053942144;-61.378394834008
759;SR-593/2020;-4.816933520858;-61.378260309327
758;SR-593/2020;-4.816811501647;-61.378127223284
757;SR-593/2020;-4.816690281383;-61.377993417996
756;SR-593/2020;-4.816569061107;-61.377859612757
755;SR-593/2020;-4.816447840821;-61.377725807567
754;SR-593/2020;-4.816325821568;-61.37759272172
753;SR-593/2020;-4.816205400217;-61.377458197334
752;SR-593/2020;-4.816084179899;-61.377324392291
751;SR-593/2020;-4.815967753307;-61.377186271534
750;SR-593/2020;-4.815841739231;-61.37705678235199
749;SR-593/2020;-4.815721317836;-61.376922258162
748;SR-593/2020;-4.815599298519;-61.376789172609
747;SR-593/2020;-4.815478078148;-61.376655367812
746;SR-593/2020;-4.815356857765;-61.37652156306299
745;SR-593/2020;-4.815235637372;-61.37638775836301
744;SR-593/2020;-4.815113618013;-61.376254673006
743;SR-593/2020;-4.814993196554;-61.376120149111
742;SR-593/2020;-4.814871976128;-61.375986344559
741;SR-593/2020;-4.814755549421;-61.375848224297
740;SR-593/2020;-4.814629535246;-61.375718735601
739;SR-593/2020;-4.814509113743;-61.375584211903
738;SR-593/2020;-4.81438709432;-61.37545112684
737;SR-593/2020;-4.814265873841;-61.37531732253201
736;SR-593/2020;-4.814144653352;-61.375183518274
735;SR-593/2020;-4.814023432852;-61.375049714065
734;SR-593/2020;-4.813901413387;-61.374916629197
733;SR-593/2020;-4.81378099182;-61.37478210579399
732;SR-593/2020;-4.813659771287;-61.374648301732
731;SR-593/2020;-4.813543344464;-61.374510181964
730;SR-593/2020;-4.813417330191;-61.37438069375501
729;SR-593/2020;-4.81329690858;-61.374246170547
728;SR-593/2020;-4.813174889052;-61.374113085974
727;SR-593/2020;-4.813053668466;-61.373979282157
726;SR-593/2020;-4.81293244787;-61.373845478389
725;SR-593/2020;-4.812811227263;-61.37371167466999
724;SR-593/2020;-4.81268924792;-61.37357867511499
723;SR-593/2020;-4.812569296287;-61.373443735522
722;SR-593/2020;-4.812448543188;-61.373309512497
721;SR-593/2020;-4.812332598809;-61.373170990408
720;SR-593/2020;-4.812207036957;-61.373041066595
719;SR-593/2020;-4.81208708528;-61.37290612719901
718;SR-593/2020;-4.811965530683;-61.37277262089
717;SR-593/2020;-4.81184477753;-61.37263839811099
716;SR-593/2020;-4.811724024366;-61.372504175381
715;SR-593/2020;-4.811603271191;-61.3723699527
714;SR-593/2020;-4.811481716551;-61.372236446586
713;SR-593/2020;-4.811361764808;-61.372101507485
712;SR-593/2020;-4.811241011601;-61.371967284952
711;SR-593/2020;-4.811125067104;-61.37182876335699
710;SR-593/2020;-4.810999505154;-61.371698840031
709;SR-593/2020;-4.810879553367;-61.371563901127
708;SR-593/2020;-4.810757998663;-61.371430395308
707;SR-593/2020;-4.810637245402;-61.37129617301999
706;SR-593/2020;-4.810516492129;-61.37116195078
705;SR-593/2020;-4.810395738846;-61.37102772859
704;SR-593/2020;-4.8102741841;-61.370894222967
703;SR-593/2020;-4.810154232248;-61.370759284357
702;SR-593/2020;-4.810033478932;-61.370625062315
701;SR-593/2020;-4.809917534319;-61.37048654121501
700;SR-593/2020;-4.809791972269;-61.370356618376
699;SR-593/2020;-4.809671218921;-61.370222396481
698;SR-593/2020;-4.809549664111;-61.370088891152
697;SR-593/2020;-4.809428910741;-61.369954669354
696;SR-593/2020;-4.809308157361;-61.369820447606
695;SR-593/2020;-4.809187403971;-61.369686225906
694;SR-593/2020;-4.809065849118;-61.369552720773
693;SR-593/2020;-4.808945897157;-61.36941778265501
692;SR-593/2020;-4.808825143733;-61.369283561103
691;SR-593/2020;-4.808709199003;-61.369145040498
690;SR-593/2020;-4.808583636855;-61.369015118146
689;SR-593/2020;-4.80846368485;-61.368880180224
688;SR-593/2020;-4.808342129933;-61.368746675385
687;SR-593/2020;-4.808221376456;-61.368612454078
686;SR-593/2020;-4.808100622968;-61.36847823282
685;SR-593/2020;-4.80797986947;-61.368344011612
684;SR-593/2020;-4.807858314511;-61.368210506969
683;SR-593/2020;-4.807738362441;-61.368075569342
682;SR-593/2020;-4.80761760891;-61.36794134828
681;SR-593/2020;-4.807501664063;-61.36780282817
680;SR-593/2020;-4.807376101816;-61.36767290630399
679;SR-593/2020;-4.807256149702;-61.367537968874
678;SR-593/2020;-4.807134594679;-61.367404464525
677;SR-593/2020;-4.807013841095;-61.367270243709
676;SR-593/2020;-4.806893087499;-61.367136022941
675;SR-593/2020;-4.806772333893;-61.367001802223
674;SR-593/2020;-4.806650778828;-61.36686829807001
673;SR-593/2020;-4.806530826649;-61.36673336093401
672;SR-593/2020;-4.806410073011;-61.36659914036301
671;SR-593/2020;-4.806294128048;-61.366460620747
670;SR-593/2020;-4.806168565702;-61.366330699369
669;SR-593/2020;-4.806048613479;-61.366195762429
668;SR-593/2020;-4.805927058351;-61.36606225856999
667;SR-593/2020;-4.805806304659;-61.365928038244
666;SR-593/2020;-4.805685550956;-61.365793817968
665;SR-593/2020;-4.805564797243;-61.36565959774001
664;SR-593/2020;-4.805443242072;-61.365526094077
663;SR-593/2020;-4.805323289784;-61.365391157432
662;SR-593/2020;-4.805202536038;-61.365256937351
661;SR-593/2020;-4.805086590959;-61.36511841823
660;SR-593/2020;-4.804961028515;-61.364988497337
659;SR-593/2020;-4.804841076184;-61.364853560889
658;SR-593/2020;-4.80471952095;-61.36472005752
657;SR-593/2020;-4.804598767151;-61.364585837684
656;SR-593/2020;-4.804478013341;-61.364451617898
655;SR-593/2020;-4.80435725952;-61.36431739816101
654;SR-593/2020;-4.804235704244;-61.364183894987
653;SR-593/2020;-4.804115751847;-61.36404895883301
652;SR-593/2020;-4.803994997995;-61.36391473924301
651;SR-593/2020;-4.8038790528;-61.363776220616
650;SR-593/2020;-4.803753490258;-61.36364630021
649;SR-593/2020;-4.803633537818;-61.363511364252
648;SR-593/2020;-4.803511982478;-61.363377861373
647;SR-593/2020;-4.803391228572;-61.36324364202699
646;SR-593/2020;-4.803270474656;-61.363109422731
645;SR-593/2020;-4.803149720728;-61.36297520348401
644;SR-593/2020;-4.803028165347;-61.3628417008
643;SR-593/2020;-4.802908212842;-61.362706765137
642;SR-593/2020;-4.802787458882;-61.362572546037
641;SR-593/2020;-4.802671513572;-61.362434027904
640;SR-593/2020;-4.802545950932;-61.362304107985
639;SR-593/2020;-4.802425998383;-61.362169172518
638;SR-593/2020;-4.802304442938;-61.36203567012799
637;SR-593/2020;-4.802183688926;-61.361901451273
636;SR-593/2020;-4.802062934902;-61.361767232467
635;SR-593/2020;-4.801942180868;-61.36163301371
634;SR-593/2020;-4.801820625381;-61.361499511515
633;SR-593/2020;-4.801700672768;-61.36136457634301
632;SR-593/2020;-4.801579918702;-61.361230357733
631;SR-593/2020;-4.801464994582;-61.36109125503899
630;SR-593/2020;-4.801340404712;-61.360960408214
629;SR-593/2020;-4.801221462185;-61.360824587577
628;SR-593/2020;-4.801100906118;-61.360690188092
627;SR-593/2020;-4.800981156804;-61.360555078105
626;SR-593/2020;-4.80086140748;-61.36041996816701
625;SR-593/2020;-4.800741658144;-61.360284858278
624;SR-593/2020;-4.800621102034;-61.360150458989
623;SR-593/2020;-4.800502159441;-61.360014638647
622;SR-593/2020;-4.800382410072;-61.35987952890601
621;SR-593/2020;-4.800267501274;-61.359740155907
620;SR-593/2020;-4.800142911302;-61.35960930957
619;SR-593/2020;-4.800023968664;-61.35947348942499
618;SR-593/2020;-4.799903412488;-61.359339090431
617;SR-593/2020;-4.799783663065;-61.359203980936
616;SR-593/2020;-4.79966391363;-61.359068871489
615;SR-593/2020;-4.799544164185;-61.358933762092
614;SR-593/2020;-4.799423607966;-61.358799363294
613;SR-593/2020;-4.799304665261;-61.358663543444
612;SR-593/2020;-4.799184915782;-61.358528434194
611;SR-593/2020;-4.799070006865;-61.35838906169
610;SR-593/2020;-4.798945416792;-61.358258215841
609;SR-593/2020;-4.798826474043;-61.358122396189
608;SR-593/2020;-4.798705917759;-61.357987997685
607;SR-593/2020;-4.798586168225;-61.357852888681
606;SR-593/2020;-4.798466418681;-61.357717779726
605;SR-593/2020;-4.798346669126;-61.35758267081999
604;SR-593/2020;-4.798226112798;-61.357448272513
603;SR-593/2020;-4.798107169982;-61.35731245315499
602;SR-593/2020;-4.797987420394;-61.357177344397
601;SR-593/2020;-4.797872511358;-61.357037972388
600;SR-593/2020;-4.797747921185;-61.356907127027
599;SR-593/2020;-4.797629785084;-61.35677059731601
598;SR-593/2020;-4.797509228692;-61.35663619930399
597;SR-593/2020;-4.797389479048;-61.356501090791
596;SR-593/2020;-4.797269729394;-61.356365982327
595;SR-593/2020;-4.797149979729;-61.356230873912
594;SR-593/2020;-4.797029423294;-61.356096476096
593;SR-593/2020;-4.796910480366;-61.35596065722999
592;SR-593/2020;-4.796790730668;-61.355825548963
591;SR-593/2020;-4.796675821514;-61.355686177449
590;SR-593/2020;-4.79655123124;-61.355555332576
589;SR-593/2020;-4.796432288268;-61.355419513907
588;SR-593/2020;-4.796311731767;-61.35528511638501
587;SR-593/2020;-4.796191982015;-61.355150008363
586;SR-593/2020;-4.796072232251;-61.35501490039101
585;SR-593/2020;-4.795952482477;-61.354879792467
584;SR-593/2020;-4.795831925933;-61.354745395142
583;SR-593/2020;-4.795712982895;-61.354609576768
582;SR-593/2020;-4.795593233088;-61.354474468992
581;SR-593/2020;-4.795478323815;-61.354335097972
580;SR-593/2020;-4.79535373344;-61.354204253587
579;SR-593/2020;-4.795234790358;-61.35406843540899
578;SR-593/2020;-4.795114233749;-61.353934038378
577;SR-593/2020;-4.794994481953;-61.353798928975
576;SR-593/2020;-4.79487471883;-61.35366383316501
575;SR-593/2020;-4.794754955696;-61.353528737404
574;SR-593/2020;-4.794634385863;-61.353394352318
573;SR-593/2020;-4.794515429395;-61.353258546029
572;SR-593/2020;-4.794395666228;-61.353123450415
571;SR-593/2020;-4.794280743172;-61.352984091095
570;SR-593/2020;-4.794156139861;-61.352853259335
569;SR-593/2020;-4.794037183348;-61.35271745324301
568;SR-593/2020;-4.793916613451;-61.352583068452
567;SR-593/2020;-4.79379685023;-61.352447973084
566;SR-593/2020;-4.793677086997;-61.35231287776499
565;SR-593/2020;-4.793557323754;-61.352177782495
564;SR-593/2020;-4.793436753814;-61.352043397899
563;SR-593/2020;-4.793317797235;-61.35190759210199
562;SR-593/2020;-4.793198033959;-61.351772496979
561;SR-593/2020;-4.793083110785;-61.351633138153
560;SR-593/2020;-4.792958507375;-61.351502306881
559;SR-593/2020;-4.792839550752;-61.35136650128
558;SR-593/2020;-4.792718980747;-61.35123211697901
557;SR-593/2020;-4.792599217417;-61.35109702210201
556;SR-593/2020;-4.792479454076;-61.350961927274
555;SR-593/2020;-4.792359690724;-61.350826832495
554;SR-593/2020;-4.792239120677;-61.35069244838999
553;SR-593/2020;-4.792120163988;-61.350556643084
552;SR-593/2020;-4.792000400603;-61.35042154845199
551;SR-593/2020;-4.791885477311;-61.35028219012
550;SR-593/2020;-4.791760873801;-61.350151359335
549;SR-593/2020;-4.791641917068;-61.350015554226
548;SR-593/2020;-4.791521346956;-61.349881170415
547;SR-593/2020;-4.791401583518;-61.349746076029
546;SR-593/2020;-4.791281820068;-61.349610981691
545;SR-593/2020;-4.791162056607;-61.349475887403
544;SR-593/2020;-4.791041486453;-61.349341503788
543;SR-593/2020;-4.790922529654;-61.349205698974
542;SR-593/2020;-4.790802766161;-61.349070604833
541;SR-593/2020;-4.790687842752;-61.348931246995
540;SR-593/2020;-4.790563239142;-61.348800416698
539;SR-593/2020;-4.790444282299;-61.34866461208001
538;SR-593/2020;-4.79032371208;-61.348530228759
537;SR-593/2020;-4.790203948533;-61.348395134863
536;SR-593/2020;-4.790084184975;-61.348260041016
535;SR-593/2020;-4.789964421406;-61.348124947219
534;SR-593/2020;-4.789843851145;-61.347990564094
533;SR-593/2020;-4.789724894236;-61.34785475977
532;SR-593/2020;-4.789605130635;-61.34771966611999
531;SR-593/2020;-4.789490207109;-61.347580308777
530;SR-593/2020;-4.7893656034;-61.347449478966
529;SR-593/2020;-4.789246646447;-61.347313674839
528;SR-593/2020;-4.789126076122;-61.347179292009
527;SR-593/2020;-4.789006312466;-61.347044198604
526;SR-593/2020;-4.7888865488;-61.346909105247
525;SR-593/2020;-4.788766785123;-61.34677401194001
524;SR-593/2020;-4.788646214755;-61.346639629305
523;SR-593/2020;-4.788527257737;-61.346503825473
522;SR-593/2020;-4.788407494027;-61.346368732313
521;SR-593/2020;-4.788292570384;-61.346229375465
520;SR-593/2020;-4.788167966576;-61.346098546141
519;SR-593/2020;-4.788049009513;-61.345962742505
518;SR-593/2020;-4.787928439082;-61.345828360164
517;SR-593/2020;-4.787808675318;-61.34569326724899
516;SR-593/2020;-4.787688911544;-61.345558174384
515;SR-593/2020;-4.787569147759;-61.345423081567
514;SR-593/2020;-4.787448577285;-61.34528869942201
513;SR-593/2020;-4.787329620157;-61.345152896081
512;SR-593/2020;-4.78720985634;-61.345017803411
511;SR-593/2020;-4.787094932579;-61.34487844705699
510;SR-593/2020;-4.786970328673;-61.34474761822
509;SR-593/2020;-4.786851371501;-61.344611815075
508;SR-593/2020;-4.786730800963;-61.34447743322401
507;SR-593/2020;-4.786611037092;-61.3443423408
506;SR-593/2020;-4.78649127321;-61.344207248424
505;SR-593/2020;-4.786371509317;-61.34407215609801
504;SR-593/2020;-4.786250938737;-61.343937774443
503;SR-593/2020;-4.786131981499;-61.34380197159301
502;SR-593/2020;-4.786012217574;-61.34366687941301
501;SR-593/2020;-4.785897293697;-61.343527523553
500;SR-593/2020;-4.785772689692;-61.343396695202
499;SR-593/2020;-4.785653732411;-61.34326089254801
498;SR-593/2020;-4.785533161767;-61.34312651118699
497;SR-593/2020;-4.785413397788;-61.342991419253
496;SR-593/2020;-4.785293633799;-61.342856327368
495;SR-593/2020;-4.785173869798;-61.34272123553199
494;SR-593/2020;-4.785053299112;-61.342586854366
493;SR-593/2020;-4.784934341766;-61.342451052007
492;SR-593/2020;-4.784814577733;-61.342315960318
491;SR-593/2020;-4.78469965374;-61.34217660495199
490;SR-593/2020;-4.784575049636;-61.34204577708701
489;SR-593/2020;-4.784456092246;-61.341909974924
488;SR-593/2020;-4.784335521496;-61.341775594052
487;SR-593/2020;-4.78421575741;-61.341640502609
486;SR-593/2020;-4.784095993313;-61.341505411214
485;SR-593/2020;-4.783976229205;-61.341370319868
484;SR-593/2020;-4.783855658413;-61.341235939192
483;SR-593/2020;-4.783736700958;-61.34110013732299
482;SR-593/2020;-4.783616936818;-61.340965046124
481;SR-593/2020;-4.783502012709;-61.340825691252
480;SR-593/2020;-4.783377408507;-61.340694863874
479;SR-593/2020;-4.783258451008;-61.340559062202
478;SR-593/2020;-4.783137880152;-61.340424681819
477;SR-593/2020;-4.783018115959;-61.340289590865
476;SR-593/2020;-4.782898565254;-61.340154613588
475;SR-593/2020;-4.782779942744;-61.340018525455
474;SR-593/2020;-4.782660507596;-61.339883141218
473;SR-593/2020;-4.78254269769;-61.339746349337
472;SR-593/2020;-4.782424075146;-61.339610261352
471;SR-593/2020;-4.782310328348;-61.339469950336
470;SR-593/2020;-4.782186830025;-61.339338085529
469;SR-593/2020;-4.782069020073;-61.339201293845
468;SR-593/2020;-4.781947218727;-61.339067028021
467;SR-593/2020;-4.781824897223;-61.33893423381999
466;SR-593/2020;-4.78170257571;-61.338801439667
465;SR-593/2020;-4.781580254186;-61.338668645562
464;SR-593/2020;-4.781457139693;-61.338536577298
463;SR-593/2020;-4.78133561111;-61.33840305749899
462;SR-593/2020;-4.781213289558;-61.338270263541
461;SR-593/2020;-4.781095725754;-61.338133114885
460;SR-593/2020;-4.780968646423;-61.338004675769
459;SR-593/2020;-4.780847117801;-61.337871156165
458;SR-593/2020;-4.78072400325;-61.337739088191
457;SR-593/2020;-4.780601709887;-61.33760646837401
456;SR-593/2020;-4.780480119654;-61.337473008953
455;SR-593/2020;-4.780358529411;-61.33733954958199
454;SR-593/2020;-4.780236142226;-61.337206811711
453;SR-593/2020;-4.780115348896;-61.337072630984
452;SR-593/2020;-4.779993758623;-61.336939171758
451;SR-593/2020;-4.779876949931;-61.336801383863
450;SR-593/2020;-4.779750578047;-61.336672253452
449;SR-593/2020;-4.779629784676;-61.336538072919
448;SR-593/2020;-4.779507397432;-61.336405335341
447;SR-593/2020;-4.779386327555;-61.336272057715
446;SR-593/2020;-4.779267150448;-61.336136453065
445;SR-593/2020;-4.779147973329;-61.336000848464
444;SR-593/2020;-4.779027986457;-61.335865951046
443;SR-593/2020;-4.77890961906;-61.33572963941
442;SR-593/2020;-4.778790441909;-61.335594034956
441;SR-593/2020;-4.778676123204;-61.335454187748
440;SR-593/2020;-4.778552087574;-61.33532282619599
439;SR-593/2020;-4.778433720133;-61.335186514756
438;SR-593/2020;-4.778313733196;-61.335051617633
437;SR-593/2020;-4.778194555991;-61.33491601342399
436;SR-593/2020;-4.778075378775;-61.334780409265
435;SR-593/2020;-4.777956201548;-61.334644805155
434;SR-593/2020;-4.777836214568;-61.334509908227
433;SR-593/2020;-4.777717847061;-61.334373597081
432;SR-593/2020;-4.777598669802;-61.33423799311801
431;SR-593/2020;-4.77748435098;-61.334098146405
430;SR-593/2020;-4.77736031525;-61.333966785339
429;SR-593/2020;-4.777241947699;-61.33383047439001
428;SR-593/2020;-4.777121960655;-61.333695577757
427;SR-593/2020;-4.777002783342;-61.333559974039
426;SR-593/2020;-4.776883606017;-61.33342437037
425;SR-593/2020;-4.776764428682;-61.33328876675
424;SR-593/2020;-4.776644441595;-61.333153870312
423;SR-593/2020;-4.776526073979;-61.333017559658
422;SR-593/2020;-4.776406896611;-61.33288195618499
421;SR-593/2020;-4.776292577672;-61.332742109965
420;SR-593/2020;-4.776168541843;-61.332610749387
419;SR-593/2020;-4.776050174182;-61.33247443892899
418;SR-593/2020;-4.775930187032;-61.332339542785
417;SR-593/2020;-4.77581100961;-61.332203939557
416;SR-593/2020;-4.775691832177;-61.332068336379
415;SR-593/2020;-4.775572654734;-61.331932733249
414;SR-593/2020;-4.775452667541;-61.331797837301
413;SR-593/2020;-4.775334299815;-61.331661527138
412;SR-593/2020;-4.775215122339;-61.331525924155
411;SR-593/2020;-4.775100803283;-61.331386078429
410;SR-593/2020;-4.774976767355;-61.331254718338
409;SR-593/2020;-4.774858399585;-61.33111840837
408;SR-593/2020;-4.774738412328;-61.330983512716
407;SR-593/2020;-4.774619234798;-61.330847909979
406;SR-593/2020;-4.774500057258;-61.33071230729099
405;SR-593/2020;-4.774380879706;-61.330576704651
404;SR-593/2020;-4.774260892407;-61.330441809193
403;SR-593/2020;-4.774142524571;-61.33030549952
402;SR-593/2020;-4.774023211027;-61.330169918157
401;SR-593/2020;-4.773908509537;-61.33003038436199
400;SR-593/2020;-4.773784114425;-61.329899362553
399;SR-593/2020;-4.773665373909;-61.32976337549599
398;SR-593/2020;-4.77354501778;-61.32962880714501
397;SR-593/2020;-4.773425469442;-61.329493529514
396;SR-593/2020;-4.773305921093;-61.329358251933
395;SR-593/2020;-4.773186372734;-61.3292229744
394;SR-593/2020;-4.773066016564;-61.329088406244
393;SR-593/2020;-4.772947275983;-61.328952419481
392;SR-593/2020;-4.772827727592;-61.32881714209501
391;SR-593/2020;-4.772713025987;-61.328677608794
390;SR-593/2020;-4.772588630777;-61.328546587471
389;SR-593/2020;-4.772469890153;-61.328410600904
388;SR-593/2020;-4.77234953392;-61.328276033041
387;SR-593/2020;-4.772229985476;-61.3281407559
386;SR-593/2020;-4.772109049387;-61.328006107852
385;SR-593/2020;-4.771987223205;-61.327872865214
384;SR-593/2020;-4.771864601362;-61.327740345467
383;SR-593/2020;-4.77174357081;-61.327606380085
382;SR-593/2020;-4.771621744598;-61.327473137593
381;SR-593/2020;-4.771504692275;-61.327335558102
380;SR-593/2020;-4.771378144581;-61.32720770005201
379;SR-593/2020;-4.771261265974;-61.327070120377
378;SR-593/2020;-4.771142752597;-61.326933937421
377;SR-593/2020;-4.771025056589;-61.32679705618
376;SR-593/2020;-4.770907360569;-61.326660174987
375;SR-593/2020;-4.770789664537;-61.326523293844
374;SR-593/2020;-4.770671151116;-61.326387111085
373;SR-593/2020;-4.770554272441;-61.326249531706
372;SR-593/2020;-4.770436576376;-61.32611265071
371;SR-593/2020;-4.77032378457;-61.325971579757
370;SR-593/2020;-4.770200065289;-61.32583947512
369;SR-593/2020;-4.770081717952;-61.32570314911601
368;SR-593/2020;-4.769961750919;-61.325568237169
367;SR-593/2020;-4.769842593718;-61.325432618268
366;SR-593/2020;-4.769723436507;-61.325296999415
365;SR-593/2020;-4.769604279285;-61.325161380611
364;SR-593/2020;-4.76948431221;-61.32502646886
363;SR-593/2020;-4.769365964808;-61.32489014315
362;SR-593/2020;-4.769246807554;-61.324754524493
361;SR-593/2020;-4.769132509334;-61.324614663863
360;SR-593/2020;-4.769008493013;-61.324483287327
359;SR-593/2020;-4.768890145567;-61.324346961813
358;SR-593/2020;-4.768770178429;-61.324212050356
357;SR-593/2020;-4.768651021121;-61.324076431944
356;SR-593/2020;-4.768531863803;-61.323940813581
355;SR-593/2020;-4.768412706473;-61.323805195267
354;SR-593/2020;-4.768292739294;-61.323670284005
353;SR-593/2020;-4.768174391783;-61.323533958785
352;SR-593/2020;-4.768055234422;-61.323398340618
351;SR-593/2020;-4.767941593521;-61.323258281213
350;SR-593/2020;-4.767818686151;-61.323125873625
349;SR-593/2020;-4.767701489064;-61.322988564604
348;SR-593/2020;-4.767582660455;-61.32285265605599
347;SR-593/2020;-4.76746464759;-61.322716047345
346;SR-593/2020;-4.767346634714;-61.322579438683
345;SR-593/2020;-4.767228621827;-61.322442830071
344;SR-593/2020;-4.767109793174;-61.322306921719
343;SR-593/2020;-4.76699259602;-61.32216961299301
342;SR-593/2020;-4.7668745831;-61.322033004528
341;SR-593/2020;-4.766759028507;-61.321892764023
340;SR-593/2020;-4.766631445249;-61.321764827008
339;SR-593/2020;-4.766509392591;-61.321631787954
338;SR-593/2020;-4.766384568028;-61.321500678487
337;SR-593/2020;-4.766259418498;-61.321370534121
336;SR-593/2020;-4.766137077497;-61.32123861259
335;SR-593/2020;-4.766013829038;-61.32110515272
334;SR-593/2020;-4.765885452569;-61.320978165348
333;SR-593/2020;-4.765756915018;-61.32084978590599
332;SR-593/2020;-4.765624044971;-61.320727482197
331;SR-593/2020;-4.76549555692;-61.320600448352
330;SR-593/2020;-4.765357806409;-61.320483254491
329;SR-593/2020;-4.765225167942;-61.320360696689
328;SR-593/2020;-4.765091075217;-61.32023972154
327;SR-593/2020;-4.764957709613;-61.320117955133
326;SR-593/2020;-4.764823799274;-61.319996006162
325;SR-593/2020;-4.764688069859;-61.319876863315
324;SR-593/2020;-4.764551628978;-61.31975852583899
323;SR-593/2020;-4.764416611014;-61.319638577755
322;SR-593/2020;-4.76427662145;-61.319522194043
321;SR-593/2020;-4.76413843217;-61.319405716803
320;SR-593/2020;-4.763992259068;-61.319299362876
319;SR-593/2020;-4.763850743192;-61.31918710375
318;SR-593/2020;-4.763707896677;-61.319076531877
317;SR-593/2020;-4.763565715478;-61.31896511644
316;SR-593/2020;-4.763423534276;-61.318853701045
315;SR-593/2020;-4.763281353072;-61.318742285692
314;SR-593/2020;-4.763138506548;-61.318631713986
313;SR-593/2020;-4.762996990656;-61.318519455112
312;SR-593/2020;-4.762854809445;-61.318408039884
311;SR-593/2020;-4.762716620135;-61.31829156307299
310;SR-593/2020;-4.762570447015;-61.318185209555
309;SR-593/2020;-4.762428931114;-61.318072950849
308;SR-593/2020;-4.762286084576;-61.31796237939299
307;SR-593/2020;-4.762143903353;-61.317850964375
306;SR-593/2020;-4.762001722127;-61.317739549399
305;SR-593/2020;-4.761857462998;-61.317629974673
304;SR-593/2020;-4.761712508537;-61.31752216355899
303;SR-593/2020;-4.761568851893;-61.31741264007099
302;SR-593/2020;-4.761424546338;-61.317303972831
301;SR-593/2020;-4.761284134234;-61.31719016839099
300;SR-593/2020;-4.761136532924;-61.317086849454
299;SR-593/2020;-4.760995365263;-61.31697415632301
298;SR-593/2020;-4.760852861754;-61.316863146341
297;SR-593/2020;-4.760711026165;-61.316751294847
296;SR-593/2020;-4.760569093138;-61.316639362647
295;SR-593/2020;-4.760426731982;-61.316528176623
294;SR-593/2020;-4.760283706875;-61.31641783531099
293;SR-593/2020;-4.760142009662;-61.316305804699
292;SR-593/2020;-4.759999648498;-61.3161946188
291;SR-593/2020;-4.75986127102;-61.316078364919
290;SR-593/2020;-4.759714926165;-61.31597224712699
289;SR-593/2020;-4.759573228942;-61.31586021668301
288;SR-593/2020;-4.759430203822;-61.31574987562101
287;SR-593/2020;-4.759287842647;-61.315638689931
286;SR-593/2020;-4.75914548147;-61.315527504282
285;SR-593/2020;-4.759003120291;-61.315416318676
284;SR-593/2020;-4.758860095162;-61.31530597778
283;SR-593/2020;-4.758718397925;-61.315193947587
282;SR-593/2020;-4.758576036739;-61.31508276210599
281;SR-593/2020;-4.75843765923;-61.31496650865201
280;SR-593/2020;-4.758291314359;-61.31486039126801
279;SR-593/2020;-4.758149617112;-61.314748361243
278;SR-593/2020;-4.758006591971;-61.314638020596
277;SR-593/2020;-4.757864230773;-61.314526835324
276;SR-593/2020;-4.757721869573;-61.31441565009201
275;SR-593/2020;-4.757579508371;-61.314304464903
274;SR-593/2020;-4.757436811159;-61.314193901647
273;SR-593/2020;-4.757295633658;-61.314081221775
272;SR-593/2020;-4.757153788309;-61.31396938355199
271;SR-593/2020;-4.757015808723;-61.313852188215
270;SR-593/2020;-4.75686899636;-61.31374671474
269;SR-593/2020;-4.756726805456;-61.3136353083
268;SR-593/2020;-4.756583294134;-61.313525597045
267;SR-593/2020;-4.756440443017;-61.31341503826
266;SR-593/2020;-4.756297591899;-61.31330447951599
265;SR-593/2020;-4.756154740779;-61.31319392081301
264;SR-593/2020;-4.756011229448;-61.313084209724
263;SR-593/2020;-4.755869038532;-61.312972803533
262;SR-593/2020;-4.755726187405;-61.31286224495501
261;SR-593/2020;-4.755587297523;-61.31274660099299
260;SR-593/2020;-4.755440485145;-61.312641127923
259;SR-593/2020;-4.75529829422;-61.312529721899
258;SR-593/2020;-4.755154782877;-61.312420011057
257;SR-593/2020;-4.75501193174;-61.312309452686
256;SR-593/2020;-4.754869080601;-61.312198894357
255;SR-593/2020;-4.75472622946;-61.312088336069
254;SR-593/2020;-4.754582688205;-61.311978621848
253;SR-593/2020;-4.754440386164;-61.31186735711199
252;SR-593/2020;-4.754297424758;-61.311756940642
251;SR-593/2020;-4.754158419518;-61.31164143487601
250;SR-593/2020;-4.754011501941;-61.31153610782499
249;SR-593/2020;-4.753869199891;-61.311424843256
248;SR-593/2020;-4.753725579116;-61.311315275174
247;SR-593/2020;-4.7535826177;-61.31120485891
246;SR-593/2020;-4.753439656283;-61.311094442688
245;SR-593/2020;-4.753296694863;-61.310984026507
244;SR-593/2020;-4.753153074081;-61.310874458589
243;SR-593/2020;-4.753010772018;-61.310763194269
242;SR-593/2020;-4.75286863959;-61.31065283757
241;SR-593/2020;-4.752732626168;-61.310533845951
240;SR-593/2020;-4.752588443294;-61.310424829169
239;SR-593/2020;-4.75244741439;-61.310308519191
238;SR-593/2020;-4.752298250304;-61.310206575469
237;SR-593/2020;-4.752149700246;-61.31010375040501
236;SR-593/2020;-4.752001150188;-61.310000925379
235;SR-593/2020;-4.751852600129;-61.309898100391
234;SR-593/2020;-4.751703436043;-61.309796156822
233;SR-593/2020;-4.751555500011;-61.30969245053001
232;SR-593/2020;-4.751406949952;-61.309589625657
231;SR-593/2020;-4.75125792165;-61.309484697108
230;SR-593/2020;-4.751100841936;-61.30939511897701
229;SR-593/2020;-4.750947735364;-61.309299158409
228;SR-593/2020;-4.75079349361;-61.30920502143701
227;SR-593/2020;-4.750639819449;-61.30910997272
226;SR-593/2020;-4.750486145289;-61.30901492403701
225;SR-593/2020;-4.750328876577;-61.30892299198199
224;SR-593/2020;-4.750169512702;-61.308837752549
223;SR-593/2020;-4.750011178119;-61.308750628181
222;SR-593/2020;-4.749852328894;-61.30866444632601
221;SR-593/2020;-4.749696567542;-61.308572609608
220;SR-593/2020;-4.749534630452;-61.308492082707
219;SR-593/2020;-4.749374806961;-61.308406381349
218;SR-593/2020;-4.749213509866;-61.308324834977
217;SR-593/2020;-4.749052705436;-61.308242334551
216;SR-593/2020;-4.748886591239;-61.308166472693
215;SR-593/2020;-4.748720151193;-61.30809594632399
214;SR-593/2020;-4.748553289996;-61.308026407496
213;SR-593/2020;-4.748387271113;-61.307954893652
212;SR-593/2020;-4.74822083108;-61.30788436735
211;SR-593/2020;-4.748056917982;-61.307807915963
210;SR-593/2020;-4.747887951025;-61.307743314811
209;SR-593/2020;-4.747721932158;-61.307671801058
208;SR-593/2020;-4.747555070986;-61.30760226236201
207;SR-593/2020;-4.747388630973;-61.30753173617
206;SR-593/2020;-4.747222190964;-61.30746121000101
205;SR-593/2020;-4.747055750959;-61.307390683854
204;SR-593/2020;-4.746888889803;-61.30732114524501
203;SR-593/2020;-4.746722870961;-61.30724963162599
202;SR-593/2020;-4.746556430969;-61.307179105546
201;SR-593/2020;-4.746392517911;-61.307102654398
200;SR-593/2020;-4.746223550996;-61.307038053452
199;SR-593/2020;-4.746056268706;-61.306969502467
198;SR-593/2020;-4.745889407575;-61.306899963989
197;SR-593/2020;-4.745722967603;-61.306829438018
196;SR-593/2020;-4.745556527636;-61.30675891207001
195;SR-593/2020;-4.745390087672;-61.30668838614401
194;SR-593/2020;-4.745223226558;-61.306618847754
193;SR-593/2020;-4.745057207758;-61.306547334359
192;SR-593/2020;-4.744890767807;-61.3064768085
191;SR-593/2020;-4.744726854788;-61.306400357588
190;SR-593/2020;-4.744557995119;-61.306335723534
189;SR-593/2020;-4.744392236069;-61.306263614106
188;SR-593/2020;-4.744225627572;-61.30619347668301
187;SR-593/2020;-4.744059443805;-61.306122353292
186;SR-593/2020;-4.743893260041;-61.30605122992199
185;SR-593/2020;-4.743727076282;-61.305980106576
184;SR-593/2020;-4.743560467802;-61.305909969241
183;SR-593/2020;-4.743394708776;-61.30583785995
182;SR-593/2020;-4.74322852503;-61.30576673666999
181;SR-593/2020;-4.743064889638;-61.305689697479
180;SR-593/2020;-4.742896157548;-61.305624490179
179;SR-593/2020;-4.742730398539;-61.305552380979
178;SR-593/2020;-4.742563790083;-61.305482243778
177;SR-593/2020;-4.742397606357;-61.305411120611
176;SR-593/2020;-4.742231260051;-61.30534014901
175;SR-593/2020;-4.742064807159;-61.305269654045
174;SR-593/2020;-4.741897933299;-61.30520014668801
173;SR-593/2020;-4.741731901387;-61.305128664182
172;SR-593/2020;-4.741565448508;-61.305058169284
171;SR-593/2020;-4.741401521462;-61.304981748901
170;SR-593/2020;-4.741232542761;-61.304917179553
169;SR-593/2020;-4.741066510866;-61.304845697137
168;SR-593/2020;-4.740899637031;-61.304776189911
167;SR-593/2020;-4.740733184172;-61.30470569512299
166;SR-593/2020;-4.740566731318;-61.304635200358
165;SR-593/2020;-4.740400278467;-61.304564705614
164;SR-593/2020;-4.740233404649;-61.304495198475
163;SR-593/2020;-4.740067372779;-61.304423716193
162;SR-593/2020;-4.739900919941;-61.304353221516
161;SR-593/2020;-4.739736992935;-61.304276801371
160;SR-593/2020;-4.739568014277;-61.304212232228
159;SR-593/2020;-4.739401982423;-61.30414075003601
158;SR-593/2020;-4.73923510863;-61.304071243029
157;SR-593/2020;-4.739068655813;-61.304000748462
156;SR-593/2020;-4.738902203;-61.30393025391701
155;SR-593/2020;-4.738735750191;-61.30385975939501
154;SR-593/2020;-4.738568876416;-61.303790252474
153;SR-593/2020;-4.738402844586;-61.303718770416
152;SR-593/2020;-4.738237183952;-61.303647091054
151;SR-593/2020;-4.738074095143;-61.303568909719
150;SR-593/2020;-4.7379058265;-61.303502524252
149;SR-593/2020;-4.737740579434;-61.303429257899
148;SR-593/2020;-4.737574469065;-61.303357957542
147;SR-593/2020;-4.737408790353;-61.30328567422201
146;SR-593/2020;-4.737243111646;-61.303213390925
145;SR-593/2020;-4.737077432942;-61.30314110764999
144;SR-593/2020;-4.73691132259;-61.303069807385
143;SR-593/2020;-4.736746075548;-61.302996541171
142;SR-593/2020;-4.736580396856;-61.302924257966
141;SR-593/2020;-4.736417308087;-61.302846076878
140;SR-593/2020;-4.736249039486;-61.302779691625
139;SR-593/2020;-4.73608379246;-61.30270642550499
138;SR-593/2020;-4.735917682132;-61.30263512537599
137;SR-593/2020;-4.735752003461;-61.302562842286
136;SR-593/2020;-4.735586324794;-61.30249055922
135;SR-593/2020;-4.735420646132;-61.302418276176
134;SR-593/2020;-4.73525453582;-61.302346976138
133;SR-593/2020;-4.735088696062;-61.30227444644301
132;SR-593/2020;-4.734922257847;-61.302203918434
131;SR-593/2020;-4.734758346669;-61.302127465517
130;SR-593/2020;-4.73458938143;-61.302062862482
129;SR-593/2020;-4.7344233644;-61.30199134705099
128;SR-593/2020;-4.73425650503;-61.301921806618
127;SR-593/2020;-4.734090066836;-61.30185127871901
126;SR-593/2020;-4.733923628646;-61.30178075084199
125;SR-593/2020;-4.733757190461;-61.301710222987
124;SR-593/2020;-4.733590331108;-61.30164068264099
123;SR-593/2020;-4.733424314103;-61.301569167344
122;SR-593/2020;-4.73325787593;-61.301498639556
121;SR-593/2020;-4.733093964792;-61.30142218687499
120;SR-593/2020;-4.732924999597;-61.301357584045
119;SR-593/2020;-4.732758982608;-61.30128606883701
118;SR-593/2020;-4.73259212328;-61.301216528622
117;SR-593/2020;-4.732425685128;-61.301146000944
116;SR-593/2020;-4.732259246981;-61.30107547328801
115;SR-593/2020;-4.732092808837;-61.301004945654
114;SR-593/2020;-4.731925949526;-61.300935405526
113;SR-593/2020;-4.731759932563;-61.30086389045201
112;SR-593/2020;-4.731593494432;-61.300793362884
111;SR-593/2020;-4.731429583334;-61.30071691044
110;SR-593/2020;-4.731260618183;-61.30065230781399
109;SR-593/2020;-4.731094601236;-61.30058079283
108;SR-593/2020;-4.73092774195;-61.300511252832
107;SR-593/2020;-4.73076130384;-61.300440725375
106;SR-593/2020;-4.730594865734;-61.300370197939
105;SR-593/2020;-4.730428427633;-61.30029967052501
104;SR-593/2020;-4.730261568364;-61.30023013061499
103;SR-593/2020;-4.730095551443;-61.30015861576399
102;SR-593/2020;-4.729929113354;-61.300088088417
101;SR-593/2020;-4.729765202297;-61.300011636209
100;SR-593/2020;-4.729596237188;-61.299947033788
99;SR-593/2020;-4.729427966977;-61.299880802026
98;SR-593/2020;-4.729261107734;-61.29981126224501
97;SR-593/2020;-4.729094669666;-61.299740735006
96;SR-593/2020;-4.728928231603;-61.299670207789
95;SR-593/2020;-4.728761793543;-61.29959968059501
94;SR-593/2020;-4.728594934317;-61.2995301409
93;SR-593/2020;-4.728428917438;-61.299458626271
92;SR-593/2020;-4.728262479391;-61.299388099142
91;SR-593/2020;-4.728098568375;-61.29931164717
90;SR-593/2020;-4.72792960331;-61.299247044951
89;SR-593/2020;-4.727763586447;-61.299175530411
88;SR-593/2020;-4.727596727247;-61.299105990847
87;SR-593/2020;-4.727430289221;-61.299035463829
86;SR-593/2020;-4.7272638512;-61.29896493683201
85;SR-593/2020;-4.727097413183;-61.29889440985699
84;SR-593/2020;-4.726930553999;-61.298824870381
83;SR-593/2020;-4.726764607368;-61.29875331851299
82;SR-593/2020;-4.726598366182;-61.298682331921
81;SR-593/2020;-4.7264346685;-61.298605427508
80;SR-593/2020;-4.726265883824;-61.298540358803
79;SR-593/2020;-4.726100066568;-61.298468385971
78;SR-593/2020;-4.725933401483;-61.298398385774
77;SR-593/2020;-4.725767160318;-61.298327399293
76;SR-593/2020;-4.725600919158;-61.298256412834
75;SR-593/2020;-4.725434678002;-61.298185426398
74;SR-593/2020;-4.725268012934;-61.29811542628801
73;SR-593/2020;-4.725102195702;-61.298043453591
72;SR-593/2020;-4.724935954559;-61.297972467221
71;SR-593/2020;-4.724772256917;-61.297895563047
70;SR-593/2020;-4.724603472285;-61.297830494548
69;SR-593/2020;-4.724437231154;-61.29775950824499
68;SR-593/2020;-4.724270566111;-61.29768950826701
67;SR-593/2020;-4.724104324989;-61.297618522008
66;SR-593/2020;-4.723938083871;-61.297547535771
65;SR-593/2020;-4.723771842757;-61.29747654955601
64;SR-593/2020;-4.723605177731;-61.297406549667
63;SR-593/2020;-4.723439360541;-61.297334577194
62;SR-593/2020;-4.72327311944;-61.297263591046
61;SR-593/2020;-4.723109421838;-61.297186687109
60;SR-593/2020;-4.72294063725;-61.297121618816
59;SR-593/2020;-4.722775243993;-61.29704866013199
58;SR-593/2020;-4.722608578993;-61.296978660375
57;SR-593/2020;-4.722442337912;-61.296907674338
56;SR-593/2020;-4.722276096836;-61.296836688324
55;SR-593/2020;-4.722109855765;-61.296765702331
54;SR-593/2020;-4.721943190781;-61.29669570266099
53;SR-593/2020;-4.721777373634;-61.296623730413
52;SR-593/2020;-4.721611132574;-61.296552744487
51;SR-593/2020;-4.721447435013;-61.29647584078899
50;SR-593/2020;-4.721278650469;-61.296410772703
49;SR-593/2020;-4.721112833338;-61.296338800545
48;SR-593/2020;-4.72094616838;-61.296268801006
47;SR-593/2020;-4.720779927342;-61.296197815192
46;SR-593/2020;-4.720613686308;-61.296126829399
45;SR-593/2020;-4.720447445278;-61.29605584362899
44;SR-593/2020;-4.720280780337;-61.295985844178
43;SR-593/2020;-4.720114963232;-61.295913872154
42;SR-593/2020;-4.719948722215;-61.29584288645
41;SR-593/2020;-4.719785024693;-61.29576598298999
40;SR-593/2020;-4.719616240193;-61.295700915109
39;SR-593/2020;-4.719450423104;-61.295628943176
38;SR-593/2020;-4.719283758189;-61.295558943857
37;SR-593/2020;-4.719117517193;-61.295487958264
36;SR-593/2020;-4.718951276202;-61.295416972693
35;SR-593/2020;-4.718785035214;-61.295345987144
34;SR-593/2020;-4.718618370316;-61.295275987912
33;SR-593/2020;-4.718452553252;-61.295204016113
32;SR-593/2020;-4.718286312278;-61.295133030631
31;SR-593/2020;-4.718122614797;-61.295056127408
30;SR-593/2020;-4.717953830341;-61.294991059733
29;SR-593/2020;-4.717788013294;-61.294919088024
28;SR-593/2020;-4.717621348422;-61.294849088924
27;SR-593/2020;-4.717455107468;-61.294778103552
26;SR-593/2020;-4.717288866519;-61.294707118203
25;SR-593/2020;-4.717122625574;-61.29463613287599
24;SR-593/2020;-4.716955960718;-61.294566133863
23;SR-593/2020;-4.716790143697;-61.294494162288
22;SR-593/2020;-4.716623902765;-61.294423177027
21;SR-593/2020;-4.716460205325;-61.294346274042
20;SR-593/2020;-4.716291420913;-61.294281206573
19;SR-593/2020;-4.716124332164;-61.29421219396001
18;SR-593/2020;-4.715957667334;-61.294142195077
17;SR-593/2020;-4.715791426423;-61.294071209927
16;SR-593/2020;-4.715625185517;-61.294000224798
15;SR-593/2020;-4.715458944614;-61.293929239691
14;SR-593/2020;-4.715292279802;-61.293859240896
13;SR-593/2020;-4.715126462822;-61.293787269545
12;SR-593/2020;-4.714960221932;-61.293716284505
11;SR-593/2020;-4.714796524533;-61.29363938175499
10;SR-593/2020;-4.714627740166;-61.29357431449101
9;SR-593/2020;-4.714459655237;-61.29350761986
8;SR-593/2020;-4.714292990451;-61.293437621195
7;SR-593/2020;-4.714126749582;-61.29336663626399
6;SR-593/2020;-4.713959515578;-61.293297264855
5;SR-593/2020;-4.713791163329;-61.293231400034
4;SR-593/2020;-4.713622036365;-61.293167537454
3;SR-593/2020;-4.713453684125;-61.293101672671
2;SR-593/2020;-4.71328494453;-61.293036809018
1;SR-593/2020;-4.713109418973;-61.292985319056
0;SR-593/2020;-4.712929883013;-61.293007277089
